2026-05-05 00:58:57 - root - INFO - logging_config.py:231 - init_logging - 日志系统初始化完成
2026-05-05 00:58:57 - root - INFO - logging_config.py:232 - init_logging - 日志级别: INFO
2026-05-05 00:58:57 - root - INFO - logging_config.py:233 - init_logging - 日志文件: logs/app.log
2026-05-05 01:33:34 - root - INFO - logging_config.py:231 - init_logging - 日志系统初始化完成
2026-05-05 01:33:34 - root - INFO - logging_config.py:232 - init_logging - 日志级别: INFO
2026-05-05 01:33:34 - root - INFO - logging_config.py:233 - init_logging - 日志文件: logs/app.log
2026-05-05 01:33:34 - system - INFO - logging_config.py:221 - log_system_event - 系统事件: 应用启动 - 详情: {'app_name': '慢性病管理小程序后端API', 'version': '1.0.0', 'debug': False, 'host': '0.0.0.0', 'port': 8011}
2026-05-05 01:33:34 - root - INFO - main.py:28 - lifespan - 应用启动完成 - 慢性病管理小程序后端API v1.0.0
2026-05-05 01:44:27 - api.request - INFO - logging_config.py:133 - log_request - GET /api/patient/shop/cart - 200 - 0.182s
2026-05-05 01:44:31 - api.request - INFO - logging_config.py:133 - log_request - GET /api/patient/shop/orders - 200 - 0.011s
2026-05-05 01:44:31 - api.request - INFO - logging_config.py:133 - log_request - GET /api/patient/shop/orders - 200 - 0.008s
2026-05-05 01:44:34 - api.request - INFO - logging_config.py:133 - log_request - GET /api/patient/prescriptions - 200 - 0.022s
2026-05-05 01:44:35 - api.request - INFO - logging_config.py:133 - log_request - GET /api/patient/shop/orders - 200 - 0.006s
2026-05-05 01:44:36 - api.request - INFO - logging_config.py:133 - log_request - GET /api/patient/shop/cart - 200 - 0.009s
2026-05-05 01:44:37 - api.request - INFO - logging_config.py:133 - log_request - GET /api/patient/profile - 200 - 0.210s
2026-05-05 01:44:37 - api.request - INFO - logging_config.py:133 - log_request - GET /api/patient/medications - 200 - 0.223s
2026-05-05 01:44:37 - api.request - INFO - logging_config.py:133 - log_request - GET /api/patient/measurements - 200 - 0.226s
2026-05-05 15:49:57 - root - INFO - logging_config.py:231 - init_logging - 日志系统初始化完成
2026-05-05 15:49:57 - root - INFO - logging_config.py:232 - init_logging - 日志级别: INFO
2026-05-05 15:49:57 - root - INFO - logging_config.py:233 - init_logging - 日志文件: logs/app.log
2026-05-05 15:50:45 - root - INFO - logging_config.py:231 - init_logging - 日志系统初始化完成
2026-05-05 15:50:45 - root - INFO - logging_config.py:232 - init_logging - 日志级别: INFO
2026-05-05 15:50:45 - root - INFO - logging_config.py:233 - init_logging - 日志文件: logs/app.log
2026-05-05 15:50:46 - system - INFO - logging_config.py:221 - log_system_event - 系统事件: 应用启动 - 详情: {'app_name': '慢性病管理小程序后端API', 'version': '1.0.0', 'debug': False, 'host': '0.0.0.0', 'port': 8000}
2026-05-05 15:50:46 - root - INFO - main.py:28 - lifespan - 应用启动完成 - 慢性病管理小程序后端API v1.0.0
2026-05-05 15:51:02 - api.request - INFO - logging_config.py:133 - log_request - POST /api/patient/login - 200 - 0.083s
2026-05-05 15:51:02 - api.request - INFO - logging_config.py:133 - log_request - GET /api/patient/profile - 200 - 0.022s
2026-05-05 15:51:02 - api.request - INFO - logging_config.py:133 - log_request - GET /api/patient/shop/products - 200 - 0.012s
2026-05-05 15:51:02 - api.request - INFO - logging_config.py:133 - log_request - GET /api/patient/doctor/profile - 200 - 0.006s
2026-05-05 15:51:02 - api.request - INFO - logging_config.py:133 - log_request - GET /api/patient/messages - 200 - 0.022s
2026-05-05 15:51:02 - api.request - INFO - logging_config.py:133 - log_request - GET /api/patient/notification/messages - 200 - 0.006s
2026-05-05 15:51:02 - api.request - INFO - logging_config.py:133 - log_request - POST /api/patient/measurements - 200 - 0.019s
2026-05-05 15:51:16 - api.request - INFO - logging_config.py:133 - log_request - POST /api/doctor/login - 200 - 0.006s
2026-05-05 15:51:16 - api.request - INFO - logging_config.py:133 - log_request - GET /api/doctor/stats - 200 - 0.014s
2026-05-05 15:51:16 - api.request - INFO - logging_config.py:133 - log_request - GET /api/doctor/patients - 200 - 0.016s
2026-05-05 15:51:16 - api.request - INFO - logging_config.py:133 - log_request - GET /api/doctor/prescriptions - 200 - 0.013s
2026-05-05 15:51:16 - api.request - INFO - logging_config.py:133 - log_request - POST /api/admin/login - 200 - 0.007s
2026-05-05 15:51:16 - api.request - INFO - logging_config.py:133 - log_request - GET /api/admin/stats - 200 - 0.023s
2026-05-05 15:51:16 - api.request - INFO - logging_config.py:133 - log_request - GET /api/admin/products - 200 - 0.005s
2026-05-05 15:51:16 - api.request - INFO - logging_config.py:133 - log_request - GET /api/admin/orders - 200 - 0.005s
2026-05-05 15:51:16 - api.request - INFO - logging_config.py:133 - log_request - GET /api/admin/prescriptions - 200 - 0.010s
2026-05-05 15:51:16 - api.request - INFO - logging_config.py:133 - log_request - GET /api/admin/doctors - 200 - 0.009s
2026-05-05 15:51:16 - api.request - INFO - logging_config.py:133 - log_request - GET /api/admin/patients - 200 - 0.010s
2026-05-05 15:51:29 - system - INFO - logging_config.py:221 - log_system_event - 系统事件: 应用关闭
2026-05-05 15:51:29 - root - INFO - main.py:34 - lifespan - 应用关闭完成
2026-05-05 15:52:38 - root - INFO - logging_config.py:231 - init_logging - 日志系统初始化完成
2026-05-05 15:52:38 - root - INFO - logging_config.py:232 - init_logging - 日志级别: INFO
2026-05-05 15:52:38 - root - INFO - logging_config.py:233 - init_logging - 日志文件: logs/app.log
2026-05-05 15:55:09 - root - INFO - logging_config.py:231 - init_logging - 日志系统初始化完成
2026-05-05 15:55:09 - root - INFO - logging_config.py:232 - init_logging - 日志级别: INFO
2026-05-05 15:55:09 - root - INFO - logging_config.py:233 - init_logging - 日志文件: logs/app.log
2026-05-05 16:03:29 - root - INFO - logging_config.py:231 - init_logging - 日志系统初始化完成
2026-05-05 16:03:29 - root - INFO - logging_config.py:232 - init_logging - 日志级别: INFO
2026-05-05 16:03:29 - root - INFO - logging_config.py:233 - init_logging - 日志文件: logs/app.log
2026-05-05 16:03:29 - system - INFO - logging_config.py:221 - log_system_event - 系统事件: 应用启动 - 详情: {'app_name': '慢性病管理小程序后端API', 'version': '1.0.0', 'debug': False, 'host': '0.0.0.0', 'port': 8000}
2026-05-05 16:03:29 - root - INFO - main.py:28 - lifespan - 应用启动完成 - 慢性病管理小程序后端API v1.0.0
2026-05-05 16:03:56 - root - INFO - main.py:109 - root - 访问根路径
2026-05-05 16:03:56 - api.request - INFO - logging_config.py:133 - log_request - GET / - 200 - 0.001s
2026-05-05 16:03:56 - api.request - WARNING - logging_config.py:131 - log_request - GET /favicon.ico - 404 - 0.001s
2026-05-05 16:04:14 - api.request - WARNING - logging_config.py:131 - log_request - GET /admin - 404 - 0.001s
2026-05-05 16:04:14 - api.request - WARNING - logging_config.py:131 - log_request - GET /favicon.ico - 404 - 0.001s
2026-05-05 16:04:17 - api.request - WARNING - logging_config.py:131 - log_request - GET /docker - 404 - 0.001s
2026-05-05 16:04:17 - api.request - WARNING - logging_config.py:131 - log_request - GET /favicon.ico - 404 - 0.001s
2026-05-05 16:04:22 - api.request - WARNING - logging_config.py:131 - log_request - GET /docter - 404 - 0.001s
2026-05-05 16:04:22 - api.request - WARNING - logging_config.py:131 - log_request - GET /favicon.ico - 404 - 0.001s
2026-05-06 01:43:24 - system - INFO - logging_config.py:221 - log_system_event - 系统事件: 应用关闭
2026-05-06 01:43:24 - root - INFO - main.py:34 - lifespan - 应用关闭完成
2026-05-06 01:43:33 - root - INFO - logging_config.py:231 - init_logging - 日志系统初始化完成
2026-05-06 01:43:33 - root - INFO - logging_config.py:232 - init_logging - 日志级别: INFO
2026-05-06 01:43:33 - root - INFO - logging_config.py:233 - init_logging - 日志文件: logs/app.log
2026-05-06 01:43:33 - system - INFO - logging_config.py:221 - log_system_event - 系统事件: 应用启动 - 详情: {'app_name': '慢性病管理小程序后端API', 'version': '1.0.0', 'debug': False, 'host': '0.0.0.0', 'port': 8000}
2026-05-06 01:43:33 - root - INFO - main.py:28 - lifespan - 应用启动完成 - 慢性病管理小程序后端API v1.0.0
2026-05-06 01:47:18 - root - INFO - main.py:109 - root - 访问根路径
2026-05-06 01:47:18 - api.request - INFO - logging_config.py:133 - log_request - GET / - 200 - 0.002s
2026-05-06 01:47:19 - api.request - WARNING - logging_config.py:131 - log_request - GET /favicon.ico - 404 - 0.001s
2026-05-06 01:49:36 - api.request - INFO - logging_config.py:133 - log_request - POST /api/doctor/login - 200 - 0.079s
2026-05-06 01:49:57 - api.request - INFO - logging_config.py:133 - log_request - POST /api/doctor/login - 200 - 0.007s
2026-05-06 01:49:57 - api.request - INFO - logging_config.py:133 - log_request - POST /api/admin/login - 200 - 0.006s
2026-05-06 01:49:58 - api.request - INFO - logging_config.py:133 - log_request - GET /api/doctor/stats - 200 - 0.030s
2026-05-06 01:49:58 - api.request - INFO - logging_config.py:133 - log_request - GET /api/admin/stats - 200 - 0.023s
2026-05-06 01:50:57 - api.request - INFO - logging_config.py:133 - log_request - OPTIONS /api/doctor/login - 200 - 0.000s
2026-05-06 01:50:57 - api.request - INFO - logging_config.py:133 - log_request - POST /api/doctor/login - 200 - 0.016s
2026-05-06 01:50:57 - api.request - INFO - logging_config.py:133 - log_request - OPTIONS /api/doctor/stats - 200 - 0.000s
2026-05-06 01:50:57 - api.request - INFO - logging_config.py:133 - log_request - GET /api/doctor/stats - 200 - 0.013s
2026-05-06 01:50:59 - api.request - INFO - logging_config.py:133 - log_request - OPTIONS /api/doctor/patients - 200 - 0.000s
2026-05-06 01:50:59 - api.request - INFO - logging_config.py:133 - log_request - GET /api/doctor/patients - 200 - 0.017s
2026-05-06 01:51:39 - api.request - INFO - logging_config.py:133 - log_request - OPTIONS /api/doctor/consultations - 200 - 0.000s
2026-05-06 01:51:39 - api.request - INFO - logging_config.py:133 - log_request - GET /api/doctor/consultations - 200 - 0.005s
2026-05-06 01:51:40 - api.request - INFO - logging_config.py:133 - log_request - OPTIONS /api/doctor/prescriptions - 200 - 0.000s
2026-05-06 01:51:40 - api.request - INFO - logging_config.py:133 - log_request - GET /api/doctor/prescriptions - 200 - 0.017s
2026-05-06 01:51:41 - api.request - INFO - logging_config.py:133 - log_request - GET /api/doctor/prescriptions - 200 - 0.007s
2026-05-06 01:51:59 - api.request - INFO - logging_config.py:133 - log_request - OPTIONS /api/doctor/profile - 200 - 0.000s
2026-05-06 01:51:59 - api.request - INFO - logging_config.py:133 - log_request - GET /api/doctor/profile - 200 - 0.006s
2026-05-06 01:52:06 - api.request - INFO - logging_config.py:133 - log_request - GET /api/doctor/stats - 200 - 0.007s
2026-05-06 01:52:07 - api.request - INFO - logging_config.py:133 - log_request - GET /api/doctor/patients - 200 - 0.008s
2026-05-06 01:52:08 - api.request - INFO - logging_config.py:133 - log_request - GET /api/doctor/consultations - 200 - 0.005s
2026-05-06 01:52:08 - api.request - INFO - logging_config.py:133 - log_request - GET /api/doctor/patients - 200 - 0.008s
2026-05-06 01:52:11 - api.request - INFO - logging_config.py:133 - log_request - GET /api/doctor/consultations - 200 - 0.004s
2026-05-06 01:52:12 - api.request - INFO - logging_config.py:133 - log_request - GET /api/doctor/prescriptions - 200 - 0.006s
2026-05-06 01:52:14 - api.request - INFO - logging_config.py:133 - log_request - GET /api/doctor/stats - 200 - 0.008s
2026-05-06 01:52:16 - api.request - INFO - logging_config.py:133 - log_request - GET /api/doctor/stats - 200 - 0.007s
2026-05-06 01:52:28 - api.request - INFO - logging_config.py:133 - log_request - OPTIONS /api/admin/login - 200 - 0.000s
2026-05-06 01:52:28 - api.request - INFO - logging_config.py:133 - log_request - POST /api/admin/login - 200 - 0.006s
2026-05-06 01:52:28 - api.request - INFO - logging_config.py:133 - log_request - OPTIONS /api/admin/stats - 200 - 0.000s
2026-05-06 01:52:29 - api.request - INFO - logging_config.py:133 - log_request - GET /api/admin/stats - 200 - 0.007s
2026-05-06 01:52:30 - api.request - INFO - logging_config.py:133 - log_request - OPTIONS /api/admin/users - 200 - 0.000s
2026-05-06 01:52:30 - api.request - INFO - logging_config.py:133 - log_request - GET /api/admin/users - 200 - 0.004s
2026-05-06 01:52:33 - api.request - INFO - logging_config.py:133 - log_request - OPTIONS /api/admin/products - 200 - 0.000s
2026-05-06 01:52:33 - api.request - INFO - logging_config.py:133 - log_request - GET /api/admin/products - 200 - 0.005s
2026-05-06 01:52:38 - api.request - INFO - logging_config.py:133 - log_request - OPTIONS /api/admin/orders - 200 - 0.000s
2026-05-06 01:52:38 - api.request - INFO - logging_config.py:133 - log_request - GET /api/admin/orders - 200 - 0.006s
2026-05-06 01:52:39 - api.request - INFO - logging_config.py:133 - log_request - OPTIONS /api/admin/prescriptions - 200 - 0.000s
2026-05-06 01:52:39 - api.request - INFO - logging_config.py:133 - log_request - GET /api/admin/prescriptions - 200 - 0.011s
2026-05-06 01:52:41 - api.request - INFO - logging_config.py:133 - log_request - OPTIONS /api/admin/doctors - 200 - 0.000s
2026-05-06 01:52:41 - api.request - INFO - logging_config.py:133 - log_request - GET /api/admin/doctors - 200 - 0.008s
2026-05-06 01:52:41 - api.request - INFO - logging_config.py:133 - log_request - OPTIONS /api/admin/patients - 200 - 0.000s
2026-05-06 01:52:41 - api.request - INFO - logging_config.py:133 - log_request - GET /api/admin/patients - 200 - 0.012s
2026-05-06 01:52:42 - api.request - INFO - logging_config.py:133 - log_request - GET /api/admin/doctors - 200 - 0.005s
2026-05-06 01:59:38 - api.request - INFO - logging_config.py:133 - log_request - GET /api/admin/stats - 200 - 0.009s
2026-05-06 01:59:39 - api.request - INFO - logging_config.py:133 - log_request - GET /api/admin/users - 200 - 0.004s
2026-05-06 01:59:41 - api.request - INFO - logging_config.py:133 - log_request - GET /api/admin/stats - 200 - 0.011s
2026-05-06 01:59:52 - api.request - INFO - logging_config.py:133 - log_request - GET /api/patient/shop/products - 200 - 0.009s
2026-05-06 02:00:07 - api.request - INFO - logging_config.py:133 - log_request - GET /api/patient/shop/products - 200 - 0.003s
2026-05-06 02:03:30 - api.request - INFO - logging_config.py:133 - log_request - GET /api/patient/profile - 200 - 0.017s
2026-05-06 02:03:30 - api.request - INFO - logging_config.py:133 - log_request - GET /api/patient/medications - 200 - 0.021s
2026-05-06 02:03:30 - api.request - INFO - logging_config.py:133 - log_request - GET /api/patient/measurements - 200 - 0.029s
2026-05-06 02:03:30 - api.request - INFO - logging_config.py:133 - log_request - GET /api/patient/profile - 200 - 0.012s
2026-05-06 02:03:30 - api.request - INFO - logging_config.py:133 - log_request - GET /api/patient/medications - 200 - 0.010s
2026-05-06 02:03:30 - api.request - INFO - logging_config.py:133 - log_request - GET /api/patient/measurements - 200 - 0.006s
2026-05-06 02:03:34 - api.request - INFO - logging_config.py:133 - log_request - GET /api/patient/shop/products - 200 - 0.005s
2026-05-06 02:03:34 - api.request - INFO - logging_config.py:133 - log_request - GET /api/patient/shop/cart - 200 - 0.007s
2026-05-06 02:03:34 - api.request - INFO - logging_config.py:133 - log_request - GET /api/patient/shop/cart - 200 - 0.004s
2026-05-06 02:03:40 - api.request - INFO - logging_config.py:133 - log_request - OPTIONS /api/admin/products - 200 - 0.000s
2026-05-06 02:03:40 - api.request - INFO - logging_config.py:133 - log_request - GET /api/admin/products - 200 - 0.003s
2026-05-06 02:03:41 - api.request - INFO - logging_config.py:133 - log_request - OPTIONS /api/admin/orders - 200 - 0.000s
2026-05-06 02:03:41 - api.request - INFO - logging_config.py:133 - log_request - GET /api/admin/orders - 200 - 0.004s
2026-05-06 02:03:41 - api.request - INFO - logging_config.py:133 - log_request - GET /api/admin/products - 200 - 0.005s
2026-05-06 02:03:42 - api.request - INFO - logging_config.py:133 - log_request - OPTIONS /api/admin/users - 200 - 0.000s
2026-05-06 02:03:42 - api.request - INFO - logging_config.py:133 - log_request - GET /api/admin/users - 200 - 0.003s
2026-05-06 02:03:43 - api.request - INFO - logging_config.py:133 - log_request - GET /api/admin/products - 200 - 0.003s
2026-05-06 02:05:37 - system - INFO - logging_config.py:221 - log_system_event - 系统事件: 应用关闭
2026-05-06 02:05:37 - root - INFO - main.py:34 - lifespan - 应用关闭完成
2026-05-06 02:09:00 - root - INFO - logging_config.py:231 - init_logging - 日志系统初始化完成
2026-05-06 02:09:00 - root - INFO - logging_config.py:232 - init_logging - 日志级别: INFO
2026-05-06 02:09:00 - root - INFO - logging_config.py:233 - init_logging - 日志文件: logs/app.log
2026-05-06 02:09:01 - system - INFO - logging_config.py:221 - log_system_event - 系统事件: 应用启动 - 详情: {'app_name': '慢性病管理小程序后端API', 'version': '1.0.0', 'debug': False, 'host': '0.0.0.0', 'port': 8000}
2026-05-06 02:09:01 - root - INFO - main.py:28 - lifespan - 应用启动完成 - 慢性病管理小程序后端API v1.0.0
2026-05-06 02:09:05 - api.request - INFO - logging_config.py:133 - log_request - GET /api/admin/products - 200 - 0.071s
2026-05-06 02:09:08 - api.request - INFO - logging_config.py:133 - log_request - GET /api/admin/users - 200 - 0.007s
2026-05-06 02:09:09 - api.request - INFO - logging_config.py:133 - log_request - OPTIONS /api/admin/stats - 200 - 0.000s
2026-05-06 02:09:09 - api.request - INFO - logging_config.py:133 - log_request - GET /api/admin/stats - 200 - 0.030s
2026-05-06 02:09:10 - api.request - INFO - logging_config.py:133 - log_request - OPTIONS /api/admin/prescriptions - 200 - 0.000s
2026-05-06 02:09:10 - api.request - INFO - logging_config.py:133 - log_request - GET /api/admin/prescriptions - 200 - 0.020s
2026-05-06 02:09:11 - api.request - INFO - logging_config.py:133 - log_request - GET /api/admin/orders - 200 - 0.007s
2026-05-06 02:09:11 - api.request - INFO - logging_config.py:133 - log_request - GET /api/admin/prescriptions - 200 - 0.010s
2026-05-06 02:09:23 - api.request - INFO - logging_config.py:133 - log_request - OPTIONS /api/admin/patients - 200 - 0.000s
2026-05-06 02:09:23 - api.request - INFO - logging_config.py:133 - log_request - GET /api/admin/patients - 200 - 0.019s
2026-05-06 02:09:23 - api.request - INFO - logging_config.py:133 - log_request - OPTIONS /api/admin/doctors - 200 - 0.000s
2026-05-06 02:09:24 - api.request - INFO - logging_config.py:133 - log_request - GET /api/admin/doctors - 200 - 0.012s
2026-05-06 02:09:25 - api.request - INFO - logging_config.py:133 - log_request - OPTIONS /api/doctor/stats - 200 - 0.000s
2026-05-06 02:09:25 - api.request - INFO - logging_config.py:133 - log_request - GET /api/doctor/stats - 200 - 0.023s
2026-05-06 02:09:26 - api.request - INFO - logging_config.py:133 - log_request - OPTIONS /api/doctor/patients - 200 - 0.000s
2026-05-06 02:09:26 - api.request - INFO - logging_config.py:133 - log_request - GET /api/doctor/patients - 200 - 0.012s
2026-05-06 02:09:27 - api.request - INFO - logging_config.py:133 - log_request - OPTIONS /api/doctor/consultations - 200 - 0.000s
2026-05-06 02:09:27 - api.request - INFO - logging_config.py:133 - log_request - GET /api/doctor/consultations - 200 - 0.006s
2026-05-06 02:09:30 - api.request - INFO - logging_config.py:133 - log_request - OPTIONS /api/doctor/prescriptions - 200 - 0.000s
2026-05-06 02:09:30 - api.request - INFO - logging_config.py:133 - log_request - GET /api/doctor/prescriptions - 200 - 0.008s
2026-05-06 02:09:35 - api.request - INFO - logging_config.py:133 - log_request - GET /api/doctor/consultations - 200 - 0.004s
2026-05-06 02:09:35 - api.request - INFO - logging_config.py:133 - log_request - OPTIONS /api/doctor/profile - 200 - 0.000s
2026-05-06 02:09:35 - api.request - INFO - logging_config.py:133 - log_request - GET /api/doctor/profile - 200 - 0.005s
2026-05-06 02:09:36 - api.request - INFO - logging_config.py:133 - log_request - GET /api/doctor/prescriptions - 200 - 0.007s
2026-05-06 02:09:37 - api.request - INFO - logging_config.py:133 - log_request - GET /api/doctor/consultations - 200 - 0.005s
2026-05-06 02:09:37 - api.request - INFO - logging_config.py:133 - log_request - GET /api/doctor/stats - 200 - 0.008s
2026-05-06 02:09:38 - api.request - INFO - logging_config.py:133 - log_request - GET /api/admin/stats - 200 - 0.007s
2026-05-06 02:09:39 - api.request - INFO - logging_config.py:133 - log_request - GET /api/admin/users - 200 - 0.004s
2026-05-06 02:09:46 - api.request - INFO - logging_config.py:133 - log_request - GET /api/admin/users - 200 - 0.003s
2026-05-06 02:09:47 - api.request - INFO - logging_config.py:133 - log_request - GET /api/admin/products - 200 - 0.003s
2026-05-06 02:09:49 - api.request - INFO - logging_config.py:133 - log_request - GET /api/admin/orders - 200 - 0.003s
2026-05-06 02:09:51 - api.request - INFO - logging_config.py:133 - log_request - GET /api/admin/prescriptions - 200 - 0.013s
2026-05-06 02:09:54 - api.request - INFO - logging_config.py:133 - log_request - GET /api/admin/doctors - 200 - 0.006s
2026-05-06 02:10:23 - api.request - INFO - logging_config.py:133 - log_request - GET /api/admin/patients - 200 - 0.008s
2026-05-06 02:10:59 - api.request - INFO - logging_config.py:133 - log_request - GET /api/admin/stats - 200 - 0.008s
2026-05-06 02:11:05 - api.request - INFO - logging_config.py:133 - log_request - GET /api/doctor/stats - 200 - 0.008s
2026-05-06 02:11:07 - api.request - INFO - logging_config.py:133 - log_request - GET /api/doctor/patients - 200 - 0.008s
2026-05-06 02:13:46 - api.request - INFO - logging_config.py:133 - log_request - GET /api/doctor/patients - 200 - 0.009s
2026-05-06 02:13:58 - api.request - INFO - logging_config.py:133 - log_request - GET /api/doctor/patients - 200 - 0.008s
2026-05-06 02:14:18 - api.request - INFO - logging_config.py:133 - log_request - GET /api/doctor/patients - 200 - 0.008s
2026-05-06 02:17:59 - api.request - INFO - logging_config.py:133 - log_request - GET /health - 200 - 0.001s
2026-05-06 02:20:10 - api.request - INFO - logging_config.py:133 - log_request - OPTIONS /api/doctor/patients - 200 - 0.000s
2026-05-06 02:20:10 - api.request - INFO - logging_config.py:133 - log_request - GET /api/doctor/patients - 200 - 0.011s
2026-05-06 02:23:29 - system - INFO - logging_config.py:221 - log_system_event - 系统事件: 应用关闭
2026-05-06 02:23:29 - root - INFO - main.py:34 - lifespan - 应用关闭完成
2026-05-06 02:23:38 - root - INFO - logging_config.py:231 - init_logging - 日志系统初始化完成
2026-05-06 02:23:38 - root - INFO - logging_config.py:232 - init_logging - 日志级别: INFO
2026-05-06 02:23:38 - root - INFO - logging_config.py:233 - init_logging - 日志文件: logs/app.log
2026-05-06 02:23:38 - system - INFO - logging_config.py:221 - log_system_event - 系统事件: 应用启动 - 详情: {'app_name': '慢性病管理小程序后端API', 'version': '1.0.0', 'debug': False, 'host': '0.0.0.0', 'port': 8000}
2026-05-06 02:23:38 - root - INFO - main.py:28 - lifespan - 应用启动完成 - 慢性病管理小程序后端API v1.0.0
2026-05-06 02:23:52 - api.request - INFO - logging_config.py:133 - log_request - GET /api/doctor/patients - 200 - 0.131s
2026-05-06 02:23:55 - api.request - INFO - logging_config.py:133 - log_request - OPTIONS /api/doctor/consultations - 200 - 0.000s
2026-05-06 02:23:55 - api.request - INFO - logging_config.py:133 - log_request - GET /api/doctor/consultations - 200 - 0.012s
2026-05-06 02:23:56 - api.request - INFO - logging_config.py:133 - log_request - OPTIONS /api/doctor/prescriptions - 200 - 0.000s
2026-05-06 02:23:56 - api.request - INFO - logging_config.py:133 - log_request - GET /api/doctor/prescriptions - 200 - 0.017s
2026-05-06 02:23:58 - api.request - INFO - logging_config.py:133 - log_request - OPTIONS /api/doctor/profile - 200 - 0.000s
2026-05-06 02:23:58 - api.request - INFO - logging_config.py:133 - log_request - GET /api/doctor/profile - 200 - 0.013s
2026-05-06 02:23:59 - api.request - INFO - logging_config.py:133 - log_request - OPTIONS /api/doctor/stats - 200 - 0.000s
2026-05-06 02:23:59 - api.request - INFO - logging_config.py:133 - log_request - GET /api/doctor/stats - 200 - 0.016s
2026-05-06 02:24:00 - api.request - INFO - logging_config.py:133 - log_request - OPTIONS /api/admin/stats - 200 - 0.000s
2026-05-06 02:24:00 - api.request - INFO - logging_config.py:133 - log_request - GET /api/admin/stats - 200 - 0.024s
2026-05-06 02:24:01 - api.request - INFO - logging_config.py:133 - log_request - OPTIONS /api/admin/users - 200 - 0.000s
2026-05-06 02:24:01 - api.request - INFO - logging_config.py:133 - log_request - GET /api/admin/users - 200 - 0.005s
2026-05-06 02:24:02 - api.request - INFO - logging_config.py:133 - log_request - OPTIONS /api/admin/products - 200 - 0.000s
2026-05-06 02:24:02 - api.request - INFO - logging_config.py:133 - log_request - GET /api/admin/products - 200 - 0.006s
2026-05-06 02:24:02 - api.request - INFO - logging_config.py:133 - log_request - OPTIONS /api/admin/orders - 200 - 0.000s
2026-05-06 02:24:02 - api.request - INFO - logging_config.py:133 - log_request - GET /api/admin/orders - 200 - 0.007s
2026-05-06 02:24:03 - api.request - INFO - logging_config.py:133 - log_request - GET /api/admin/orders - 200 - 0.003s
2026-05-06 02:24:03 - api.request - INFO - logging_config.py:133 - log_request - OPTIONS /api/admin/prescriptions - 200 - 0.000s
2026-05-06 02:24:03 - api.request - INFO - logging_config.py:133 - log_request - GET /api/admin/prescriptions - 200 - 0.013s
2026-05-06 02:24:15 - api.request - INFO - logging_config.py:133 - log_request - GET /api/admin/prescriptions - 200 - 0.008s
2026-05-06 02:29:32 - api.request - INFO - logging_config.py:133 - log_request - GET /api/doctor/stats - 200 - 0.009s
2026-05-06 02:29:33 - api.request - INFO - logging_config.py:133 - log_request - GET /api/doctor/patients - 200 - 0.009s
2026-05-06 02:29:34 - api.request - INFO - logging_config.py:133 - log_request - GET /api/doctor/consultations - 200 - 0.005s
2026-05-06 02:29:34 - api.request - INFO - logging_config.py:133 - log_request - GET /api/doctor/prescriptions - 200 - 0.007s
2026-05-06 02:29:36 - api.request - INFO - logging_config.py:133 - log_request - GET /api/doctor/profile - 200 - 0.005s
2026-05-06 02:29:39 - api.request - INFO - logging_config.py:133 - log_request - GET /api/doctor/stats - 200 - 0.007s
2026-05-06 02:30:08 - api.request - INFO - logging_config.py:133 - log_request - GET /api/doctor/stats - 200 - 0.007s
2026-05-06 02:30:09 - api.request - INFO - logging_config.py:133 - log_request - GET /api/doctor/patients - 200 - 0.008s
2026-05-06 02:30:10 - api.request - INFO - logging_config.py:133 - log_request - GET /api/doctor/consultations - 200 - 0.006s
2026-05-06 02:30:10 - api.request - INFO - logging_config.py:133 - log_request - GET /api/doctor/prescriptions - 200 - 0.007s
2026-05-06 02:30:11 - api.request - INFO - logging_config.py:133 - log_request - GET /api/doctor/consultations - 200 - 0.004s
2026-05-06 02:30:12 - api.request - INFO - logging_config.py:133 - log_request - GET /api/doctor/profile - 200 - 0.006s
2026-05-06 02:31:31 - api.request - INFO - logging_config.py:133 - log_request - OPTIONS /api/doctor/profile - 200 - 0.000s
2026-05-06 02:31:31 - api.request - INFO - logging_config.py:133 - log_request - GET /api/doctor/profile - 200 - 0.005s
2026-05-06 02:31:32 - api.request - INFO - logging_config.py:133 - log_request - GET /api/doctor/stats - 200 - 0.007s
2026-05-06 02:31:33 - api.request - INFO - logging_config.py:133 - log_request - OPTIONS /api/doctor/patients - 200 - 0.000s
2026-05-06 02:31:33 - api.request - INFO - logging_config.py:133 - log_request - GET /api/doctor/patients - 200 - 0.007s
2026-05-06 02:31:34 - api.request - INFO - logging_config.py:133 - log_request - GET /api/doctor/consultations - 200 - 0.005s
2026-05-06 02:31:34 - api.request - INFO - logging_config.py:133 - log_request - GET /api/doctor/prescriptions - 200 - 0.008s
2026-05-06 02:31:43 - api.request - INFO - logging_config.py:133 - log_request - GET /api/doctor/prescriptions - 200 - 0.009s
2026-05-06 02:31:46 - api.request - INFO - logging_config.py:133 - log_request - GET /api/doctor/patients - 200 - 0.010s
2026-05-06 02:31:46 - api.request - INFO - logging_config.py:133 - log_request - GET /api/doctor/consultations - 200 - 0.004s
2026-05-06 02:31:47 - api.request - INFO - logging_config.py:133 - log_request - GET /api/doctor/patients - 200 - 0.008s
2026-05-06 02:31:48 - api.request - INFO - logging_config.py:133 - log_request - GET /api/doctor/stats - 200 - 0.007s
2026-05-06 02:31:52 - api.request - INFO - logging_config.py:133 - log_request - OPTIONS /api/doctor/stats - 200 - 0.000s
2026-05-06 02:31:52 - api.request - INFO - logging_config.py:133 - log_request - GET /api/doctor/stats - 200 - 0.007s
2026-05-06 02:31:53 - api.request - INFO - logging_config.py:133 - log_request - OPTIONS /api/doctor/stats - 200 - 0.000s
2026-05-06 02:31:53 - api.request - INFO - logging_config.py:133 - log_request - GET /api/doctor/stats - 200 - 0.006s
2026-05-06 02:31:55 - api.request - INFO - logging_config.py:133 - log_request - GET /api/admin/stats - 200 - 0.007s
2026-05-06 02:31:56 - api.request - INFO - logging_config.py:133 - log_request - GET /api/admin/users - 200 - 0.003s
2026-05-06 02:31:56 - api.request - INFO - logging_config.py:133 - log_request - GET /api/admin/products - 200 - 0.004s
2026-05-06 02:31:57 - api.request - INFO - logging_config.py:133 - log_request - GET /api/admin/orders - 200 - 0.003s
2026-05-06 02:31:57 - api.request - INFO - logging_config.py:133 - log_request - GET /api/admin/users - 200 - 0.003s
2026-05-06 02:31:58 - api.request - INFO - logging_config.py:133 - log_request - GET /api/admin/orders - 200 - 0.003s
2026-05-06 02:31:59 - api.request - INFO - logging_config.py:133 - log_request - GET /api/admin/prescriptions - 200 - 0.009s
2026-05-06 02:31:59 - api.request - INFO - logging_config.py:133 - log_request - OPTIONS /api/admin/doctors - 200 - 0.000s
2026-05-06 02:31:59 - api.request - INFO - logging_config.py:133 - log_request - GET /api/admin/doctors - 200 - 0.009s
2026-05-06 02:32:00 - api.request - INFO - logging_config.py:133 - log_request - OPTIONS /api/admin/patients - 200 - 0.000s
2026-05-06 02:32:00 - api.request - INFO - logging_config.py:133 - log_request - GET /api/admin/patients - 200 - 0.010s
2026-05-06 02:32:01 - api.request - INFO - logging_config.py:133 - log_request - GET /api/doctor/stats - 200 - 0.010s
2026-05-06 02:33:51 - api.request - INFO - logging_config.py:133 - log_request - OPTIONS /api/doctor/login - 200 - 0.000s
2026-05-06 02:33:51 - api.request - INFO - logging_config.py:133 - log_request - POST /api/doctor/login - 200 - 0.013s
2026-05-06 02:33:52 - api.request - INFO - logging_config.py:133 - log_request - OPTIONS /api/doctor/stats - 200 - 0.000s
2026-05-06 02:33:52 - api.request - INFO - logging_config.py:133 - log_request - GET /api/doctor/stats - 200 - 0.007s
2026-05-06 02:33:53 - api.request - INFO - logging_config.py:133 - log_request - OPTIONS /api/doctor/patients - 200 - 0.000s
2026-05-06 02:33:53 - api.request - INFO - logging_config.py:133 - log_request - GET /api/doctor/patients - 200 - 0.007s
2026-05-06 02:33:54 - api.request - INFO - logging_config.py:133 - log_request - OPTIONS /api/doctor/consultations - 200 - 0.000s
2026-05-06 02:33:54 - api.request - INFO - logging_config.py:133 - log_request - GET /api/doctor/consultations - 200 - 0.005s
2026-05-06 02:33:54 - api.request - INFO - logging_config.py:133 - log_request - OPTIONS /api/doctor/prescriptions - 200 - 0.000s
2026-05-06 02:33:54 - api.request - INFO - logging_config.py:133 - log_request - GET /api/doctor/prescriptions - 200 - 0.006s
2026-05-06 02:33:55 - api.request - INFO - logging_config.py:133 - log_request - GET /api/doctor/prescriptions - 200 - 0.007s
2026-05-06 02:34:02 - api.request - INFO - logging_config.py:133 - log_request - POST /api/doctor/login - 200 - 0.007s
2026-05-06 02:34:02 - api.request - INFO - logging_config.py:133 - log_request - GET /api/doctor/stats - 200 - 0.007s
2026-05-06 02:34:04 - api.request - INFO - logging_config.py:133 - log_request - GET /api/doctor/stats - 200 - 0.006s
2026-05-06 02:34:04 - api.request - INFO - logging_config.py:133 - log_request - GET /api/doctor/patients - 200 - 0.006s
2026-05-06 02:34:05 - api.request - INFO - logging_config.py:133 - log_request - GET /api/doctor/consultations - 200 - 0.004s
2026-05-06 02:34:05 - api.request - INFO - logging_config.py:133 - log_request - GET /api/doctor/prescriptions - 200 - 0.007s
2026-05-06 02:34:06 - api.request - INFO - logging_config.py:133 - log_request - OPTIONS /api/doctor/profile - 200 - 0.000s
2026-05-06 02:34:06 - api.request - INFO - logging_config.py:133 - log_request - GET /api/doctor/profile - 200 - 0.005s
2026-05-06 02:34:08 - api.request - INFO - logging_config.py:133 - log_request - GET /api/doctor/stats - 200 - 0.007s
2026-05-06 02:34:08 - api.request - INFO - logging_config.py:133 - log_request - GET /api/doctor/patients - 200 - 0.006s
2026-05-06 02:35:01 - api.request - INFO - logging_config.py:133 - log_request - GET /health - 200 - 0.001s
2026-05-06 02:37:50 - api.request - INFO - logging_config.py:133 - log_request - OPTIONS /api/doctor/login - 200 - 0.000s
2026-05-06 02:37:50 - api.request - INFO - logging_config.py:133 - log_request - POST /api/doctor/login - 200 - 0.007s
2026-05-06 02:37:50 - api.request - INFO - logging_config.py:133 - log_request - OPTIONS /api/doctor/stats - 200 - 0.000s
2026-05-06 02:37:50 - api.request - INFO - logging_config.py:133 - log_request - GET /api/doctor/stats - 200 - 0.007s
2026-05-06 02:49:48 - api.request - INFO - logging_config.py:133 - log_request - OPTIONS /api/doctor/login - 200 - 0.001s
2026-05-06 02:49:49 - api.request - INFO - logging_config.py:133 - log_request - POST /api/doctor/login - 200 - 0.010s
2026-05-06 02:49:49 - api.request - INFO - logging_config.py:133 - log_request - OPTIONS /api/doctor/stats - 200 - 0.000s
2026-05-06 02:49:49 - api.request - INFO - logging_config.py:133 - log_request - GET /api/doctor/stats - 200 - 0.008s
2026-05-06 02:49:51 - api.request - INFO - logging_config.py:133 - log_request - OPTIONS /api/doctor/patients - 200 - 0.000s
2026-05-06 02:49:51 - api.request - INFO - logging_config.py:133 - log_request - GET /api/doctor/patients - 200 - 0.008s
2026-05-06 02:49:51 - api.request - INFO - logging_config.py:133 - log_request - OPTIONS /api/doctor/consultations - 200 - 0.000s
2026-05-06 02:49:51 - api.request - INFO - logging_config.py:133 - log_request - GET /api/doctor/consultations - 200 - 0.004s
2026-05-06 02:49:52 - api.request - INFO - logging_config.py:133 - log_request - OPTIONS /api/doctor/prescriptions - 200 - 0.000s
2026-05-06 02:49:52 - api.request - INFO - logging_config.py:133 - log_request - GET /api/doctor/prescriptions - 200 - 0.007s
2026-05-06 02:49:52 - api.request - INFO - logging_config.py:133 - log_request - OPTIONS /api/doctor/profile - 200 - 0.000s
2026-05-06 02:49:52 - api.request - INFO - logging_config.py:133 - log_request - GET /api/doctor/profile - 200 - 0.006s
2026-05-06 02:49:53 - api.request - INFO - logging_config.py:133 - log_request - GET /api/doctor/prescriptions - 200 - 0.007s
2026-05-06 02:49:53 - api.request - INFO - logging_config.py:133 - log_request - GET /api/doctor/consultations - 200 - 0.004s
2026-05-06 02:49:54 - api.request - INFO - logging_config.py:133 - log_request - GET /api/doctor/patients - 200 - 0.008s
2026-05-06 02:49:54 - api.request - INFO - logging_config.py:133 - log_request - GET /api/doctor/stats - 200 - 0.007s
2026-05-06 02:50:05 - api.request - INFO - logging_config.py:133 - log_request - OPTIONS /api/admin/login - 200 - 0.000s
2026-05-06 02:50:05 - api.request - INFO - logging_config.py:133 - log_request - POST /api/admin/login - 200 - 0.007s
2026-05-06 02:50:05 - api.request - INFO - logging_config.py:133 - log_request - OPTIONS /api/admin/stats - 200 - 0.000s
2026-05-06 02:50:05 - api.request - INFO - logging_config.py:133 - log_request - GET /api/admin/stats - 200 - 0.009s
2026-05-06 02:50:18 - api.request - INFO - logging_config.py:133 - log_request - OPTIONS /api/admin/products - 200 - 0.000s
2026-05-06 02:50:18 - api.request - INFO - logging_config.py:133 - log_request - GET /api/admin/products - 200 - 0.004s
2026-05-06 02:50:18 - api.request - INFO - logging_config.py:133 - log_request - OPTIONS /api/admin/users - 200 - 0.000s
2026-05-06 02:50:18 - api.request - INFO - logging_config.py:133 - log_request - GET /api/admin/users - 200 - 0.003s
2026-05-06 02:50:19 - api.request - INFO - logging_config.py:133 - log_request - GET /api/admin/products - 200 - 0.004s
2026-05-06 02:50:19 - api.request - INFO - logging_config.py:133 - log_request - OPTIONS /api/admin/orders - 200 - 0.000s
2026-05-06 02:50:19 - api.request - INFO - logging_config.py:133 - log_request - GET /api/admin/orders - 200 - 0.005s
2026-05-06 02:50:20 - api.request - INFO - logging_config.py:133 - log_request - OPTIONS /api/admin/prescriptions - 200 - 0.000s
2026-05-06 02:50:20 - api.request - INFO - logging_config.py:133 - log_request - GET /api/admin/prescriptions - 200 - 0.008s
2026-05-06 02:50:20 - api.request - INFO - logging_config.py:133 - log_request - OPTIONS /api/admin/doctors - 200 - 0.000s
2026-05-06 02:50:20 - api.request - INFO - logging_config.py:133 - log_request - GET /api/admin/doctors - 200 - 0.005s
2026-05-06 02:50:21 - api.request - INFO - logging_config.py:133 - log_request - GET /api/admin/orders - 200 - 0.004s
2026-05-06 02:50:22 - api.request - INFO - logging_config.py:133 - log_request - GET /api/admin/products - 200 - 0.003s
2026-05-06 02:50:51 - api.request - INFO - logging_config.py:133 - log_request - GET /api/admin/orders - 200 - 0.003s
2026-05-06 02:50:53 - api.request - INFO - logging_config.py:133 - log_request - GET /api/admin/prescriptions - 200 - 0.009s
2026-05-06 02:51:04 - api.request - INFO - logging_config.py:133 - log_request - OPTIONS /api/admin/prescriptions/3 - 200 - 0.000s
2026-05-06 02:51:04 - api.request - INFO - logging_config.py:133 - log_request - PUT /api/admin/prescriptions/3 - 200 - 0.020s
2026-05-06 02:51:05 - api.request - INFO - logging_config.py:133 - log_request - GET /api/admin/prescriptions - 200 - 0.009s
2026-05-06 02:51:20 - api.request - INFO - logging_config.py:133 - log_request - GET /api/admin/products - 200 - 0.005s
2026-05-06 02:51:20 - api.request - INFO - logging_config.py:133 - log_request - GET /api/admin/orders - 200 - 0.003s
2026-05-06 02:51:21 - api.request - INFO - logging_config.py:133 - log_request - GET /api/admin/products - 200 - 0.003s
2026-05-06 02:51:21 - api.request - INFO - logging_config.py:133 - log_request - GET /api/admin/users - 200 - 0.003s
2026-05-06 02:51:22 - api.request - INFO - logging_config.py:133 - log_request - GET /api/admin/stats - 200 - 0.008s
2026-05-06 02:51:22 - api.request - INFO - logging_config.py:133 - log_request - GET /api/admin/users - 200 - 0.003s
2026-05-06 02:51:28 - api.request - INFO - logging_config.py:133 - log_request - GET /api/admin/stats - 200 - 0.007s
2026-05-06 02:51:49 - api.request - INFO - logging_config.py:133 - log_request - GET /api/admin/stats - 200 - 0.009s
2026-05-06 02:52:10 - api.request - INFO - logging_config.py:133 - log_request - GET /api/patient/measurements - 200 - 0.017s
2026-05-06 02:52:10 - api.request - INFO - logging_config.py:133 - log_request - GET /api/patient/medications - 200 - 0.019s
2026-05-06 02:52:10 - api.request - INFO - logging_config.py:133 - log_request - GET /api/patient/profile - 200 - 0.025s
2026-05-06 02:52:10 - api.request - INFO - logging_config.py:133 - log_request - GET /api/patient/measurements - 200 - 0.007s
2026-05-06 02:52:10 - api.request - INFO - logging_config.py:133 - log_request - GET /api/patient/medications - 200 - 0.007s
2026-05-06 02:52:10 - api.request - INFO - logging_config.py:133 - log_request - GET /api/patient/profile - 200 - 0.006s
2026-05-06 02:52:11 - api.request - INFO - logging_config.py:133 - log_request - GET /api/patient/shop/orders - 200 - 0.005s
2026-05-06 02:52:11 - api.request - INFO - logging_config.py:133 - log_request - GET /api/patient/shop/orders - 200 - 0.004s
2026-05-06 02:53:26 - api.request - INFO - logging_config.py:133 - log_request - GET /api/admin/users - 200 - 0.004s
2026-05-06 02:53:26 - api.request - INFO - logging_config.py:133 - log_request - GET /api/admin/products - 200 - 0.003s
2026-05-06 02:58:39 - api.request - INFO - logging_config.py:133 - log_request - GET /api/admin/stats - 200 - 0.009s
2026-05-06 02:58:39 - api.request - INFO - logging_config.py:133 - log_request - GET /api/admin/users - 200 - 0.004s
2026-05-06 02:58:40 - api.request - INFO - logging_config.py:133 - log_request - GET /api/admin/orders - 200 - 0.003s
2026-05-06 02:58:40 - api.request - INFO - logging_config.py:133 - log_request - GET /api/admin/doctors - 200 - 0.005s
2026-05-06 02:58:41 - api.request - INFO - logging_config.py:133 - log_request - OPTIONS /api/admin/patients - 200 - 0.000s
2026-05-06 02:58:41 - api.request - INFO - logging_config.py:133 - log_request - GET /api/admin/patients - 200 - 0.007s
2026-05-06 02:58:42 - api.request - INFO - logging_config.py:133 - log_request - GET /api/admin/doctors - 200 - 0.005s
2026-05-06 02:58:42 - api.request - INFO - logging_config.py:133 - log_request - GET /api/admin/prescriptions - 200 - 0.016s
2026-05-06 02:58:42 - api.request - INFO - logging_config.py:133 - log_request - GET /api/admin/orders - 200 - 0.003s
2026-05-06 02:58:51 - api.request - INFO - logging_config.py:133 - log_request - GET /api/admin/stats - 200 - 0.009s
2026-05-06 02:58:52 - api.request - INFO - logging_config.py:133 - log_request - GET /api/admin/users - 200 - 0.006s
2026-05-06 02:58:53 - api.request - INFO - logging_config.py:133 - log_request - GET /api/admin/products - 200 - 0.004s
2026-05-06 02:58:53 - api.request - INFO - logging_config.py:133 - log_request - GET /api/admin/orders - 200 - 0.003s
2026-05-06 02:58:54 - api.request - INFO - logging_config.py:133 - log_request - GET /api/admin/prescriptions - 200 - 0.009s
2026-05-06 02:58:54 - api.request - INFO - logging_config.py:133 - log_request - GET /api/admin/prescriptions - 200 - 0.008s
2026-05-06 02:58:55 - api.request - INFO - logging_config.py:133 - log_request - GET /api/admin/doctors - 200 - 0.005s
2026-05-06 02:58:55 - api.request - INFO - logging_config.py:133 - log_request - GET /api/admin/patients - 200 - 0.008s
2026-05-06 03:05:58 - api.request - INFO - logging_config.py:133 - log_request - GET /health - 200 - 0.001s
2026-05-06 03:05:58 - api.request - INFO - logging_config.py:133 - log_request - GET /health - 200 - 0.001s
2026-05-06 03:05:58 - api.request - INFO - logging_config.py:133 - log_request - GET /api/patient/shop/products - 200 - 0.010s
2026-05-06 03:06:55 - api.request - INFO - logging_config.py:133 - log_request - GET /api/patient/shop/products - 200 - 0.005s
2026-05-06 03:06:55 - api.request - WARNING - logging_config.py:131 - log_request - GET /api/patient/shop/cart - 401 - 0.002s
2026-05-06 04:08:00 - system - INFO - logging_config.py:221 - log_system_event - 系统事件: 应用关闭
2026-05-06 04:08:00 - root - INFO - main.py:34 - lifespan - 应用关闭完成
2026-05-06 04:08:25 - root - INFO - logging_config.py:231 - init_logging - 日志系统初始化完成
2026-05-06 04:08:25 - root - INFO - logging_config.py:232 - init_logging - 日志级别: INFO
2026-05-06 04:08:25 - root - INFO - logging_config.py:233 - init_logging - 日志文件: logs/app.log
2026-05-06 04:08:26 - system - INFO - logging_config.py:221 - log_system_event - 系统事件: 应用启动 - 详情: {'app_name': '慢性病管理小程序后端API', 'version': '1.0.0', 'debug': False, 'host': '0.0.0.0', 'port': 8000}
2026-05-06 04:08:26 - root - INFO - main.py:28 - lifespan - 应用启动完成 - 慢性病管理小程序后端API v1.0.0
2026-05-06 04:08:41 - api.request - INFO - logging_config.py:133 - log_request - OPTIONS /api/admin/patients - 200 - 0.000s
2026-05-06 04:08:41 - api.request - INFO - logging_config.py:133 - log_request - GET /api/admin/patients - 200 - 0.077s
2026-05-06 04:08:43 - api.request - INFO - logging_config.py:133 - log_request - OPTIONS /api/admin/stats - 200 - 0.000s
2026-05-06 04:08:43 - api.request - INFO - logging_config.py:133 - log_request - GET /api/admin/stats - 200 - 0.030s
2026-05-06 04:08:44 - api.request - INFO - logging_config.py:133 - log_request - OPTIONS /api/admin/users - 200 - 0.000s
2026-05-06 04:08:44 - api.request - INFO - logging_config.py:133 - log_request - GET /api/admin/users - 200 - 0.004s
2026-05-06 04:08:45 - api.request - INFO - logging_config.py:133 - log_request - OPTIONS /api/admin/products - 200 - 0.001s
2026-05-06 04:08:45 - api.request - INFO - logging_config.py:133 - log_request - GET /api/admin/products - 200 - 0.006s
2026-05-06 04:08:46 - api.request - INFO - logging_config.py:133 - log_request - OPTIONS /api/admin/orders - 200 - 0.000s
2026-05-06 04:08:46 - api.request - INFO - logging_config.py:133 - log_request - GET /api/admin/orders - 200 - 0.007s
2026-05-06 04:08:46 - api.request - INFO - logging_config.py:133 - log_request - OPTIONS /api/admin/prescriptions - 200 - 0.000s
2026-05-06 04:08:46 - api.request - INFO - logging_config.py:133 - log_request - GET /api/admin/prescriptions - 200 - 0.018s
2026-05-06 04:08:47 - api.request - INFO - logging_config.py:133 - log_request - OPTIONS /api/admin/doctors - 200 - 0.000s
2026-05-06 04:08:47 - api.request - INFO - logging_config.py:133 - log_request - GET /api/admin/doctors - 200 - 0.013s
2026-05-06 04:08:47 - api.request - INFO - logging_config.py:133 - log_request - GET /api/admin/orders - 200 - 0.003s
2026-05-06 04:08:48 - api.request - INFO - logging_config.py:133 - log_request - GET /api/admin/products - 200 - 0.003s
2026-05-06 04:08:50 - api.request - INFO - logging_config.py:133 - log_request - OPTIONS /api/doctor/stats - 200 - 0.000s
2026-05-06 04:08:50 - api.request - INFO - logging_config.py:133 - log_request - GET /api/doctor/stats - 200 - 0.022s
2026-05-06 04:08:51 - api.request - INFO - logging_config.py:133 - log_request - OPTIONS /api/doctor/patients - 200 - 0.000s
2026-05-06 04:08:51 - api.request - INFO - logging_config.py:133 - log_request - GET /api/doctor/patients - 200 - 0.010s
2026-05-06 04:08:52 - api.request - INFO - logging_config.py:133 - log_request - OPTIONS /api/doctor/consultations - 200 - 0.000s
2026-05-06 04:08:52 - api.request - INFO - logging_config.py:133 - log_request - GET /api/doctor/consultations - 200 - 0.005s
2026-05-06 04:08:53 - api.request - INFO - logging_config.py:133 - log_request - OPTIONS /api/doctor/prescriptions - 200 - 0.000s
2026-05-06 04:08:53 - api.request - INFO - logging_config.py:133 - log_request - GET /api/doctor/prescriptions - 200 - 0.008s
2026-05-06 04:08:54 - api.request - INFO - logging_config.py:133 - log_request - OPTIONS /api/doctor/profile - 200 - 0.000s
2026-05-06 04:08:54 - api.request - INFO - logging_config.py:133 - log_request - GET /api/doctor/profile - 200 - 0.005s
2026-05-06 04:08:54 - api.request - INFO - logging_config.py:133 - log_request - GET /api/doctor/consultations - 200 - 0.004s
2026-05-06 04:08:55 - api.request - INFO - logging_config.py:133 - log_request - GET /api/doctor/patients - 200 - 0.012s
2026-05-06 04:08:56 - api.request - INFO - logging_config.py:133 - log_request - GET /api/doctor/patients - 200 - 0.007s
2026-05-06 04:08:56 - api.request - INFO - logging_config.py:133 - log_request - GET /api/doctor/stats - 200 - 0.007s
2026-05-06 04:09:16 - api.request - INFO - logging_config.py:133 - log_request - GET /api/doctor/profile - 200 - 0.006s
2026-05-06 04:09:18 - api.request - INFO - logging_config.py:133 - log_request - GET /api/doctor/stats - 200 - 0.006s
2026-05-06 04:11:00 - api.request - INFO - logging_config.py:133 - log_request - GET /api/doctor/patients - 200 - 0.008s
2026-05-06 04:11:00 - api.request - INFO - logging_config.py:133 - log_request - GET /api/doctor/consultations - 200 - 0.006s
2026-05-06 04:11:00 - api.request - INFO - logging_config.py:133 - log_request - GET /api/doctor/consultations - 200 - 0.004s
2026-05-06 04:11:01 - api.request - INFO - logging_config.py:133 - log_request - GET /api/doctor/prescriptions - 200 - 0.007s
2026-05-06 04:11:01 - api.request - INFO - logging_config.py:133 - log_request - GET /api/doctor/prescriptions - 200 - 0.006s
2026-05-06 04:11:02 - api.request - INFO - logging_config.py:133 - log_request - GET /api/doctor/profile - 200 - 0.005s
2026-05-06 04:15:38 - api.request - INFO - logging_config.py:133 - log_request - GET /health - 200 - 0.001s
2026-05-06 04:16:05 - api.request - INFO - logging_config.py:133 - log_request - GET /health - 200 - 0.001s
2026-05-06 04:17:19 - api.request - INFO - logging_config.py:133 - log_request - GET /health - 200 - 0.001s
2026-05-06 04:18:31 - api.request - INFO - logging_config.py:133 - log_request - OPTIONS /api/doctor/profile - 200 - 0.000s
2026-05-06 04:18:31 - api.request - INFO - logging_config.py:133 - log_request - GET /api/doctor/profile - 200 - 0.006s
2026-05-06 04:18:47 - api.request - INFO - logging_config.py:133 - log_request - GET /api/doctor/profile - 200 - 0.008s
2026-05-06 04:19:02 - api.request - INFO - logging_config.py:133 - log_request - GET /health - 200 - 0.001s
2026-05-06 04:19:43 - api.request - INFO - logging_config.py:133 - log_request - GET /health - 200 - 0.001s
2026-05-06 04:20:51 - api.request - INFO - logging_config.py:133 - log_request - GET /api/doctor/profile - 200 - 0.006s
2026-05-06 04:21:02 - api.request - INFO - logging_config.py:133 - log_request - GET /health - 200 - 0.001s
2026-05-06 06:47:34 - api.request - INFO - logging_config.py:133 - log_request - OPTIONS /api/doctor/stats - 200 - 0.001s
2026-05-06 06:47:34 - api.request - INFO - logging_config.py:133 - log_request - OPTIONS /api/doctor/profile - 200 - 0.001s
2026-05-06 06:47:34 - api.request - INFO - logging_config.py:133 - log_request - GET /api/doctor/stats - 200 - 0.014s
2026-05-06 06:47:34 - api.request - INFO - logging_config.py:133 - log_request - GET /api/doctor/profile - 200 - 0.017s
2026-05-06 06:47:34 - api.request - INFO - logging_config.py:133 - log_request - OPTIONS /api/doctor/patients - 200 - 0.000s
2026-05-06 06:47:35 - api.request - INFO - logging_config.py:133 - log_request - GET /api/doctor/patients - 200 - 0.009s
2026-05-06 06:47:35 - api.request - INFO - logging_config.py:133 - log_request - GET /api/doctor/stats - 200 - 0.009s
2026-05-06 06:47:36 - api.request - INFO - logging_config.py:133 - log_request - GET /api/doctor/patients - 200 - 0.008s
2026-05-06 06:47:48 - api.request - INFO - logging_config.py:133 - log_request - OPTIONS /api/doctor/prescriptions - 200 - 0.000s
2026-05-06 06:47:48 - api.request - INFO - logging_config.py:133 - log_request - GET /api/doctor/prescriptions - 200 - 0.010s
2026-05-06 06:47:49 - api.request - INFO - logging_config.py:133 - log_request - GET /api/doctor/profile - 200 - 0.005s
2026-05-06 06:48:33 - api.request - INFO - logging_config.py:133 - log_request - GET /api/doctor/prescriptions - 200 - 0.007s
2026-05-06 06:48:35 - api.request - INFO - logging_config.py:133 - log_request - GET /api/doctor/profile - 200 - 0.005s
2026-05-06 06:50:06 - api.request - INFO - logging_config.py:133 - log_request - GET /api/patient/measurements - 200 - 0.016s
2026-05-06 06:50:06 - api.request - INFO - logging_config.py:133 - log_request - GET /api/patient/medications - 200 - 0.020s
2026-05-06 06:50:06 - api.request - INFO - logging_config.py:133 - log_request - GET /api/patient/profile - 200 - 0.026s
2026-05-06 06:50:06 - api.request - INFO - logging_config.py:133 - log_request - GET /api/patient/measurements - 200 - 0.008s
2026-05-06 06:50:06 - api.request - INFO - logging_config.py:133 - log_request - GET /api/patient/medications - 200 - 0.010s
2026-05-06 06:50:06 - api.request - INFO - logging_config.py:133 - log_request - GET /api/patient/profile - 200 - 0.012s
2026-05-06 06:50:08 - api.request - INFO - logging_config.py:133 - log_request - GET /api/patient/shop/products - 200 - 0.015s
2026-05-06 06:50:08 - api.request - INFO - logging_config.py:133 - log_request - GET /api/patient/shop/cart - 200 - 0.016s
2026-05-06 06:50:11 - api.request - INFO - logging_config.py:133 - log_request - GET /api/patient/shop/orders - 200 - 0.006s
2026-05-06 06:50:11 - api.request - INFO - logging_config.py:133 - log_request - GET /api/patient/shop/orders - 200 - 0.008s
2026-05-06 06:50:12 - api.request - INFO - logging_config.py:133 - log_request - GET /api/patient/prescriptions - 200 - 0.009s
2026-05-06 06:50:18 - api.request - INFO - logging_config.py:133 - log_request - GET /api/patient/shop/cart - 200 - 0.008s
2026-05-06 06:50:20 - api.request - INFO - logging_config.py:133 - log_request - GET /api/patient/prescriptions - 200 - 0.009s
2026-05-06 06:50:21 - api.request - INFO - logging_config.py:133 - log_request - GET /api/patient/shop/orders - 200 - 0.015s
2026-05-06 06:50:21 - api.request - INFO - logging_config.py:133 - log_request - GET /api/patient/profile - 200 - 0.021s
2026-05-06 06:50:21 - api.request - INFO - logging_config.py:133 - log_request - GET /api/patient/shop/orders - 200 - 0.009s
2026-05-06 06:50:21 - api.request - INFO - logging_config.py:133 - log_request - GET /api/patient/profile - 200 - 0.010s
2026-05-06 06:50:27 - api.request - INFO - logging_config.py:133 - log_request - GET /api/patient/measurements - 200 - 0.015s
2026-05-06 06:50:27 - api.request - INFO - logging_config.py:133 - log_request - GET /api/patient/profile - 200 - 0.024s
2026-05-06 06:50:27 - api.request - INFO - logging_config.py:133 - log_request - GET /api/patient/medications - 200 - 0.018s
2026-05-06 06:50:48 - api.request - INFO - logging_config.py:133 - log_request - GET /api/patient/shop/cart - 200 - 0.005s
2026-05-06 06:50:49 - api.request - INFO - logging_config.py:133 - log_request - POST /api/patient/shop/cart - 200 - 0.017s
2026-05-06 06:50:50 - api.request - INFO - logging_config.py:133 - log_request - GET /api/patient/shop/cart - 200 - 0.005s
2026-05-06 06:50:53 - api.request - INFO - logging_config.py:133 - log_request - GET /api/patient/shop/cart - 200 - 0.005s
2026-05-06 06:50:53 - api.request - INFO - logging_config.py:133 - log_request - GET /api/patient/shop/cart - 200 - 0.005s
2026-05-06 06:50:56 - api.request - INFO - logging_config.py:133 - log_request - DELETE /api/patient/shop/cart/1 - 200 - 0.009s
2026-05-06 06:50:57 - api.request - INFO - logging_config.py:133 - log_request - GET /api/patient/shop/cart - 200 - 0.004s
2026-05-06 06:50:58 - api.request - INFO - logging_config.py:133 - log_request - GET /api/patient/shop/cart - 200 - 0.005s
2026-05-06 06:51:40 - api.request - INFO - logging_config.py:133 - log_request - GET /api/doctor/profile - 200 - 0.005s
2026-05-06 06:53:17 - api.request - INFO - logging_config.py:133 - log_request - GET /api/doctor/profile - 200 - 0.005s
2026-05-06 07:23:28 - api.request - INFO - logging_config.py:133 - log_request - OPTIONS /api/doctor/profile - 200 - 0.001s
2026-05-06 07:23:28 - api.request - INFO - logging_config.py:133 - log_request - OPTIONS /api/doctor/prescriptions - 200 - 0.001s
2026-05-06 07:23:29 - api.request - INFO - logging_config.py:133 - log_request - GET /api/doctor/profile - 200 - 0.013s
2026-05-06 07:23:29 - api.request - INFO - logging_config.py:133 - log_request - GET /api/doctor/prescriptions - 200 - 0.017s
2026-05-06 07:23:43 - api.request - INFO - logging_config.py:133 - log_request - PUT /api/doctor/profile - 200 - 0.016s
2026-05-06 07:23:44 - api.request - INFO - logging_config.py:133 - log_request - GET /api/doctor/profile - 200 - 0.005s
2026-05-06 07:23:45 - api.request - INFO - logging_config.py:133 - log_request - GET /api/doctor/prescriptions - 200 - 0.006s
2026-05-06 07:23:46 - api.request - INFO - logging_config.py:133 - log_request - OPTIONS /api/doctor/consultations - 200 - 0.000s
2026-05-06 07:23:47 - api.request - INFO - logging_config.py:133 - log_request - GET /api/doctor/consultations - 200 - 0.005s
2026-05-06 07:23:47 - api.request - INFO - logging_config.py:133 - log_request - GET /api/doctor/prescriptions - 200 - 0.008s
2026-05-06 07:23:50 - api.request - INFO - logging_config.py:133 - log_request - GET /api/doctor/consultations - 200 - 0.004s
2026-05-06 07:23:51 - api.request - INFO - logging_config.py:133 - log_request - OPTIONS /api/doctor/patients - 200 - 0.000s
2026-05-06 07:23:51 - api.request - INFO - logging_config.py:133 - log_request - GET /api/doctor/patients - 200 - 0.009s
2026-05-06 07:23:52 - api.request - INFO - logging_config.py:133 - log_request - GET /api/doctor/consultations - 200 - 0.004s
2026-05-06 07:23:55 - api.request - INFO - logging_config.py:133 - log_request - GET /api/doctor/patients - 200 - 0.007s
2026-05-06 07:23:58 - api.request - INFO - logging_config.py:133 - log_request - OPTIONS /api/doctor/stats - 200 - 0.000s
2026-05-06 07:23:58 - api.request - INFO - logging_config.py:133 - log_request - GET /api/doctor/stats - 200 - 0.008s
2026-05-06 07:24:01 - api.request - INFO - logging_config.py:133 - log_request - GET /api/doctor/profile - 200 - 0.006s
2026-05-06 07:24:02 - api.request - INFO - logging_config.py:133 - log_request - GET /api/doctor/stats - 200 - 0.007s
2026-05-06 07:30:02 - api.request - INFO - logging_config.py:133 - log_request - GET /api/doctor/consultations - 200 - 0.006s
2026-05-06 07:30:02 - api.request - INFO - logging_config.py:133 - log_request - GET /api/doctor/patients - 200 - 0.008s
2026-05-06 07:30:03 - api.request - INFO - logging_config.py:133 - log_request - GET /api/doctor/stats - 200 - 0.008s
2026-05-06 08:06:19 - api.request - INFO - logging_config.py:133 - log_request - OPTIONS /api/admin/login - 200 - 0.001s
2026-05-06 08:06:20 - api.request - INFO - logging_config.py:133 - log_request - POST /api/admin/login - 200 - 0.013s
2026-05-06 08:06:20 - api.request - INFO - logging_config.py:133 - log_request - OPTIONS /api/admin/stats - 200 - 0.000s
2026-05-06 08:06:20 - api.request - INFO - logging_config.py:133 - log_request - GET /api/admin/stats - 200 - 0.008s
2026-05-06 08:06:23 - api.request - INFO - logging_config.py:133 - log_request - OPTIONS /api/admin/users - 200 - 0.000s
2026-05-06 08:06:23 - api.request - INFO - logging_config.py:133 - log_request - GET /api/admin/users - 200 - 0.004s
2026-05-06 08:06:23 - api.request - INFO - logging_config.py:133 - log_request - OPTIONS /api/admin/products - 200 - 0.000s
2026-05-06 08:06:24 - api.request - INFO - logging_config.py:133 - log_request - GET /api/admin/products - 200 - 0.004s
2026-05-06 08:06:24 - api.request - INFO - logging_config.py:133 - log_request - OPTIONS /api/admin/orders - 200 - 0.001s
2026-05-06 08:06:24 - api.request - INFO - logging_config.py:133 - log_request - GET /api/admin/orders - 200 - 0.005s
2026-05-06 08:06:24 - api.request - INFO - logging_config.py:133 - log_request - OPTIONS /api/admin/prescriptions - 200 - 0.000s
2026-05-06 08:06:24 - api.request - INFO - logging_config.py:133 - log_request - GET /api/admin/prescriptions - 200 - 0.009s
2026-05-06 08:06:25 - api.request - INFO - logging_config.py:133 - log_request - OPTIONS /api/admin/doctors - 200 - 0.000s
2026-05-06 08:06:25 - api.request - INFO - logging_config.py:133 - log_request - GET /api/admin/doctors - 200 - 0.005s
2026-05-06 08:06:26 - api.request - INFO - logging_config.py:133 - log_request - OPTIONS /api/admin/patients - 200 - 0.000s
2026-05-06 08:06:26 - api.request - INFO - logging_config.py:133 - log_request - GET /api/admin/patients - 200 - 0.018s
2026-05-06 08:06:26 - api.request - INFO - logging_config.py:133 - log_request - GET /api/admin/stats - 200 - 0.008s
2026-05-06 08:06:50 - system - INFO - logging_config.py:221 - log_system_event - 系统事件: 应用关闭
2026-05-06 08:06:50 - root - INFO - main.py:34 - lifespan - 应用关闭完成
2026-05-06 08:06:57 - root - INFO - logging_config.py:231 - init_logging - 日志系统初始化完成
2026-05-06 08:06:57 - root - INFO - logging_config.py:232 - init_logging - 日志级别: INFO
2026-05-06 08:06:57 - root - INFO - logging_config.py:233 - init_logging - 日志文件: logs/app.log
2026-05-06 08:07:43 - root - INFO - logging_config.py:231 - init_logging - 日志系统初始化完成
2026-05-06 08:07:43 - root - INFO - logging_config.py:232 - init_logging - 日志级别: INFO
2026-05-06 08:07:43 - root - INFO - logging_config.py:233 - init_logging - 日志文件: logs/app.log
2026-05-06 08:07:43 - system - INFO - logging_config.py:221 - log_system_event - 系统事件: 应用启动 - 详情: {'app_name': '慢性病管理小程序后端API', 'version': '1.0.0', 'debug': False, 'host': '0.0.0.0', 'port': 8000}
2026-05-06 08:07:43 - root - INFO - main.py:28 - lifespan - 应用启动完成 - 慢性病管理小程序后端API v1.0.0
2026-05-06 08:08:18 - api.request - INFO - logging_config.py:133 - log_request - OPTIONS /api/admin/stats - 200 - 0.001s
2026-05-06 08:08:21 - api.request - INFO - logging_config.py:133 - log_request - GET /api/admin/stats - 200 - 0.084s
2026-05-06 08:08:22 - api.request - INFO - logging_config.py:133 - log_request - OPTIONS /api/admin/users - 200 - 0.000s
2026-05-06 08:08:23 - api.request - INFO - logging_config.py:133 - log_request - GET /api/admin/users - 200 - 0.005s
2026-05-06 08:08:23 - api.request - INFO - logging_config.py:133 - log_request - OPTIONS /api/admin/orders - 200 - 0.000s
2026-05-06 08:08:23 - api.request - INFO - logging_config.py:133 - log_request - GET /api/admin/orders - 200 - 0.006s
2026-05-06 08:08:25 - api.request - INFO - logging_config.py:133 - log_request - GET /api/admin/users - 200 - 0.003s
2026-05-06 08:08:46 - api.request - INFO - logging_config.py:133 - log_request - OPTIONS /api/doctor/login - 200 - 0.000s
2026-05-06 08:08:46 - api.request - INFO - logging_config.py:133 - log_request - POST /api/doctor/login - 200 - 0.012s
2026-05-06 08:08:46 - api.request - INFO - logging_config.py:133 - log_request - OPTIONS /api/doctor/stats - 200 - 0.000s
2026-05-06 08:08:47 - api.request - INFO - logging_config.py:133 - log_request - GET /api/doctor/stats - 200 - 0.024s
2026-05-06 08:08:48 - api.request - INFO - logging_config.py:133 - log_request - OPTIONS /api/doctor/consultations - 200 - 0.000s
2026-05-06 08:08:49 - api.request - INFO - logging_config.py:133 - log_request - GET /api/doctor/consultations - 200 - 0.012s
2026-05-06 08:08:49 - api.request - INFO - logging_config.py:133 - log_request - OPTIONS /api/doctor/patients - 200 - 0.000s
2026-05-06 08:08:49 - api.request - INFO - logging_config.py:133 - log_request - GET /api/doctor/patients - 200 - 0.018s
2026-05-06 08:08:50 - api.request - INFO - logging_config.py:133 - log_request - GET /api/doctor/stats - 200 - 0.007s
2026-05-06 08:10:03 - api.request - INFO - logging_config.py:133 - log_request - GET /api/patient/measurements - 200 - 0.017s
2026-05-06 08:10:03 - api.request - INFO - logging_config.py:133 - log_request - GET /api/patient/medications - 200 - 0.024s
2026-05-06 08:10:03 - api.request - INFO - logging_config.py:133 - log_request - GET /api/patient/profile - 200 - 0.025s
2026-05-06 08:10:03 - api.request - INFO - logging_config.py:133 - log_request - GET /api/patient/measurements - 200 - 0.011s
2026-05-06 08:10:03 - api.request - INFO - logging_config.py:133 - log_request - GET /api/patient/medications - 200 - 0.014s
2026-05-06 08:10:03 - api.request - INFO - logging_config.py:133 - log_request - GET /api/patient/profile - 200 - 0.015s
2026-05-06 08:11:08 - api.request - INFO - logging_config.py:133 - log_request - GET /api/patient/measurements - 200 - 0.011s
2026-05-06 08:11:08 - api.request - INFO - logging_config.py:133 - log_request - GET /api/patient/medications - 200 - 0.013s
2026-05-06 08:11:08 - api.request - INFO - logging_config.py:133 - log_request - GET /api/patient/profile - 200 - 0.016s
2026-05-06 08:11:08 - api.request - INFO - logging_config.py:133 - log_request - GET /api/patient/measurements - 200 - 0.005s
2026-05-06 08:11:08 - api.request - INFO - logging_config.py:133 - log_request - GET /api/patient/medications - 200 - 0.008s
2026-05-06 08:11:08 - api.request - INFO - logging_config.py:133 - log_request - GET /api/patient/profile - 200 - 0.008s
2026-05-06 08:11:10 - api.request - INFO - logging_config.py:133 - log_request - GET /api/patient/measurements - 200 - 0.007s
2026-05-06 08:11:10 - api.request - INFO - logging_config.py:133 - log_request - GET /api/patient/medications - 200 - 0.008s
2026-05-06 08:11:10 - api.request - INFO - logging_config.py:133 - log_request - GET /api/patient/profile - 200 - 0.016s
2026-05-06 08:11:10 - api.request - INFO - logging_config.py:133 - log_request - GET /api/patient/measurements - 200 - 0.004s
2026-05-06 08:11:10 - api.request - INFO - logging_config.py:133 - log_request - GET /api/patient/medications - 200 - 0.007s
2026-05-06 08:11:10 - api.request - INFO - logging_config.py:133 - log_request - GET /api/patient/profile - 200 - 0.010s
2026-05-06 08:11:27 - api.request - INFO - logging_config.py:133 - log_request - GET /api/patient/shop/products - 200 - 0.016s
2026-05-06 08:11:27 - api.request - INFO - logging_config.py:133 - log_request - GET /api/patient/shop/cart - 200 - 0.016s
2026-05-06 08:11:28 - api.request - INFO - logging_config.py:133 - log_request - GET /api/patient/measurements - 200 - 0.012s
2026-05-06 08:11:28 - api.request - INFO - logging_config.py:133 - log_request - GET /api/patient/profile - 200 - 0.015s
2026-05-06 08:11:28 - api.request - INFO - logging_config.py:133 - log_request - GET /api/patient/medications - 200 - 0.011s
2026-05-06 08:11:30 - api.request - INFO - logging_config.py:133 - log_request - GET /api/patient/prescriptions - 200 - 0.014s
2026-05-06 08:11:33 - api.request - INFO - logging_config.py:133 - log_request - GET /api/patient/profile - 200 - 0.012s
2026-05-06 08:11:33 - api.request - INFO - logging_config.py:133 - log_request - GET /api/patient/shop/orders - 200 - 0.010s
2026-05-06 08:11:33 - api.request - INFO - logging_config.py:133 - log_request - GET /api/patient/shop/orders - 200 - 0.009s
2026-05-06 08:11:33 - api.request - INFO - logging_config.py:133 - log_request - GET /api/patient/profile - 200 - 0.013s
2026-05-06 08:11:35 - api.request - INFO - logging_config.py:133 - log_request - GET /api/patient/profile - 200 - 0.008s
2026-05-06 08:11:35 - api.request - INFO - logging_config.py:133 - log_request - GET /api/patient/measurements - 200 - 0.006s
2026-05-06 08:11:35 - api.request - INFO - logging_config.py:133 - log_request - GET /api/patient/medications - 200 - 0.006s
2026-05-06 08:12:14 - api.request - INFO - logging_config.py:133 - log_request - GET /api/patient/medications - 200 - 0.007s
2026-05-06 08:12:14 - api.request - INFO - logging_config.py:133 - log_request - GET /api/patient/measurements - 200 - 0.016s
2026-05-06 08:12:14 - api.request - INFO - logging_config.py:133 - log_request - GET /api/patient/profile - 200 - 0.019s
2026-05-06 08:12:14 - api.request - INFO - logging_config.py:133 - log_request - GET /api/patient/measurements - 200 - 0.010s
2026-05-06 08:12:14 - api.request - INFO - logging_config.py:133 - log_request - GET /api/patient/medications - 200 - 0.012s
2026-05-06 08:12:14 - api.request - INFO - logging_config.py:133 - log_request - GET /api/patient/profile - 200 - 0.013s
2026-05-06 08:12:45 - api.request - INFO - logging_config.py:133 - log_request - GET /api/patient/measurements - 200 - 0.009s
2026-05-06 08:12:45 - api.request - INFO - logging_config.py:133 - log_request - GET /api/patient/profile - 200 - 0.015s
2026-05-06 08:12:45 - api.request - INFO - logging_config.py:133 - log_request - GET /api/patient/medications - 200 - 0.014s
2026-05-06 08:12:45 - api.request - INFO - logging_config.py:133 - log_request - GET /api/patient/measurements - 200 - 0.011s
2026-05-06 08:12:45 - api.request - INFO - logging_config.py:133 - log_request - GET /api/patient/profile - 200 - 0.015s
2026-05-06 08:12:45 - api.request - INFO - logging_config.py:133 - log_request - GET /api/patient/medications - 200 - 0.015s
2026-05-06 08:13:10 - api.request - INFO - logging_config.py:133 - log_request - GET /api/patient/measurements - 200 - 0.010s
2026-05-06 08:13:10 - api.request - INFO - logging_config.py:133 - log_request - GET /api/patient/medications - 200 - 0.013s
2026-05-06 08:13:10 - api.request - INFO - logging_config.py:133 - log_request - GET /api/patient/profile - 200 - 0.015s
2026-05-06 08:13:10 - api.request - INFO - logging_config.py:133 - log_request - GET /api/patient/measurements - 200 - 0.009s
2026-05-06 08:13:10 - api.request - INFO - logging_config.py:133 - log_request - GET /api/patient/medications - 200 - 0.009s
2026-05-06 08:13:10 - api.request - INFO - logging_config.py:133 - log_request - GET /api/patient/profile - 200 - 0.013s
2026-05-06 08:13:28 - api.request - INFO - logging_config.py:133 - log_request - GET /api/patient/shop/cart - 200 - 0.008s
2026-05-06 08:13:28 - api.request - INFO - logging_config.py:133 - log_request - GET /api/patient/shop/products - 200 - 0.008s
2026-05-06 08:13:31 - api.request - INFO - logging_config.py:133 - log_request - GET /api/patient/shop/orders - 200 - 0.005s
2026-05-06 08:13:31 - api.request - INFO - logging_config.py:133 - log_request - GET /api/patient/shop/orders - 200 - 0.004s
2026-05-06 08:13:33 - api.request - INFO - logging_config.py:133 - log_request - GET /api/patient/prescriptions - 200 - 0.006s
2026-05-06 08:13:34 - api.request - INFO - logging_config.py:133 - log_request - GET /api/patient/profile - 200 - 0.008s
2026-05-06 08:13:34 - api.request - INFO - logging_config.py:133 - log_request - GET /api/patient/shop/orders - 200 - 0.006s
2026-05-06 08:13:34 - api.request - INFO - logging_config.py:133 - log_request - GET /api/patient/shop/orders - 200 - 0.009s
2026-05-06 08:13:34 - api.request - INFO - logging_config.py:133 - log_request - GET /api/patient/profile - 200 - 0.012s
2026-05-06 08:13:35 - api.request - INFO - logging_config.py:133 - log_request - GET /api/patient/profile - 200 - 0.006s
2026-05-06 08:13:35 - api.request - INFO - logging_config.py:133 - log_request - GET /api/patient/medications - 200 - 0.007s
2026-05-06 08:13:35 - api.request - INFO - logging_config.py:133 - log_request - GET /api/patient/measurements - 200 - 0.008s
2026-05-06 08:14:51 - api.request - INFO - logging_config.py:133 - log_request - POST /api/patient/login - 200 - 0.008s
2026-05-06 08:14:57 - api.request - INFO - logging_config.py:133 - log_request - GET /api/doctor/stats - 200 - 0.007s
2026-05-06 08:16:03 - api.request - INFO - logging_config.py:133 - log_request - GET /api/patient/profile - 200 - 0.094s
2026-05-06 08:16:03 - api.request - INFO - logging_config.py:133 - log_request - GET /api/patient/medications - 200 - 0.095s
2026-05-06 08:16:03 - api.request - INFO - logging_config.py:133 - log_request - GET /api/patient/measurements - 200 - 0.093s
2026-05-06 08:16:03 - api.request - INFO - logging_config.py:133 - log_request - GET /api/patient/measurements - 200 - 0.095s
2026-05-06 08:16:03 - api.request - INFO - logging_config.py:133 - log_request - GET /api/patient/medications - 200 - 0.012s
2026-05-06 08:16:03 - api.request - INFO - logging_config.py:133 - log_request - GET /api/patient/profile - 200 - 0.012s
2026-05-06 08:16:09 - api.request - INFO - logging_config.py:133 - log_request - GET /api/patient/shop/orders - 200 - 0.009s
2026-05-06 08:16:09 - api.request - INFO - logging_config.py:133 - log_request - GET /api/patient/profile - 200 - 0.011s
2026-05-06 08:16:19 - api.request - INFO - logging_config.py:133 - log_request - GET /api/patient/shop/orders - 200 - 0.010s
2026-05-06 08:16:19 - api.request - INFO - logging_config.py:133 - log_request - GET /api/patient/profile - 200 - 0.010s
2026-05-06 08:16:20 - api.request - INFO - logging_config.py:133 - log_request - GET /api/patient/profile - 200 - 0.014s
2026-05-06 08:16:20 - api.request - INFO - logging_config.py:133 - log_request - GET /api/patient/measurements - 200 - 0.016s
2026-05-06 08:16:20 - api.request - INFO - logging_config.py:133 - log_request - GET /api/patient/medications - 200 - 0.010s
2026-05-06 08:16:28 - api.request - INFO - logging_config.py:133 - log_request - GET /api/patient/measurements - 200 - 0.020s
2026-05-06 08:16:28 - api.request - INFO - logging_config.py:133 - log_request - GET /api/patient/profile - 200 - 0.023s
2026-05-06 08:16:28 - api.request - INFO - logging_config.py:133 - log_request - GET /api/patient/profile - 200 - 0.023s
2026-05-06 08:16:28 - api.request - INFO - logging_config.py:133 - log_request - GET /api/patient/medications - 200 - 0.026s
2026-05-06 08:16:28 - api.request - INFO - logging_config.py:133 - log_request - GET /api/patient/medications - 200 - 0.026s
2026-05-06 08:16:28 - api.request - INFO - logging_config.py:133 - log_request - GET /api/patient/measurements - 200 - 0.023s
2026-05-06 08:16:51 - api.request - INFO - logging_config.py:133 - log_request - POST /api/patient/login - 200 - 0.007s
2026-05-06 08:16:52 - api.request - INFO - logging_config.py:133 - log_request - GET /api/patient/profile - 200 - 0.020s
2026-05-06 08:16:52 - api.request - INFO - logging_config.py:133 - log_request - GET /api/patient/profile - 200 - 0.023s
2026-05-06 08:16:52 - api.request - INFO - logging_config.py:133 - log_request - GET /api/patient/medications - 200 - 0.022s
2026-05-06 08:16:52 - api.request - INFO - logging_config.py:133 - log_request - GET /api/patient/measurements - 200 - 0.022s
2026-05-06 08:16:52 - api.request - INFO - logging_config.py:133 - log_request - GET /api/patient/measurements - 200 - 0.022s
2026-05-06 08:16:52 - api.request - INFO - logging_config.py:133 - log_request - GET /api/patient/medications - 200 - 0.021s
2026-05-06 08:16:54 - api.request - INFO - logging_config.py:133 - log_request - OPTIONS /api/doctor/login - 200 - 0.000s
2026-05-06 08:16:54 - api.request - INFO - logging_config.py:133 - log_request - POST /api/doctor/login - 200 - 0.007s
2026-05-06 08:16:54 - api.request - INFO - logging_config.py:133 - log_request - OPTIONS /api/doctor/stats - 200 - 0.000s
2026-05-06 08:16:54 - api.request - INFO - logging_config.py:133 - log_request - GET /api/doctor/stats - 200 - 0.007s
2026-05-06 08:16:56 - api.request - INFO - logging_config.py:133 - log_request - OPTIONS /api/doctor/patients - 200 - 0.000s
2026-05-06 08:16:56 - api.request - INFO - logging_config.py:133 - log_request - GET /api/doctor/patients - 200 - 0.006s
2026-05-06 08:16:56 - api.request - INFO - logging_config.py:133 - log_request - OPTIONS /api/doctor/consultations - 200 - 0.000s
2026-05-06 08:16:56 - api.request - INFO - logging_config.py:133 - log_request - GET /api/doctor/consultations - 200 - 0.004s
2026-05-06 08:16:56 - api.request - INFO - logging_config.py:133 - log_request - OPTIONS /api/doctor/prescriptions - 200 - 0.000s
2026-05-06 08:16:56 - api.request - INFO - logging_config.py:133 - log_request - GET /api/doctor/prescriptions - 200 - 0.010s
2026-05-06 08:16:57 - api.request - INFO - logging_config.py:133 - log_request - OPTIONS /api/doctor/profile - 200 - 0.000s
2026-05-06 08:16:57 - api.request - INFO - logging_config.py:133 - log_request - GET /api/doctor/patients - 200 - 0.007s
2026-05-06 08:16:57 - api.request - INFO - logging_config.py:133 - log_request - GET /api/doctor/profile - 200 - 0.005s
2026-05-06 08:16:57 - api.request - INFO - logging_config.py:133 - log_request - GET /api/doctor/stats - 200 - 0.007s
2026-05-06 08:16:58 - api.request - INFO - logging_config.py:133 - log_request - GET /api/patient/profile - 200 - 0.010s
2026-05-06 08:16:58 - api.request - INFO - logging_config.py:133 - log_request - GET /api/patient/medications - 200 - 0.009s
2026-05-06 08:16:58 - api.request - INFO - logging_config.py:133 - log_request - GET /api/patient/measurements - 200 - 0.003s
2026-05-06 08:17:00 - api.request - INFO - logging_config.py:133 - log_request - GET /api/doctor/prescriptions - 200 - 0.007s
2026-05-06 08:17:00 - api.request - INFO - logging_config.py:133 - log_request - GET /api/patient/profile - 200 - 0.011s
2026-05-06 08:17:00 - api.request - INFO - logging_config.py:133 - log_request - GET /api/patient/medications - 200 - 0.014s
2026-05-06 08:17:00 - api.request - INFO - logging_config.py:133 - log_request - GET /api/patient/measurements - 200 - 0.016s
2026-05-06 08:17:01 - api.request - INFO - logging_config.py:133 - log_request - GET /api/doctor/stats - 200 - 0.007s
2026-05-06 08:17:01 - api.request - INFO - logging_config.py:133 - log_request - GET /api/doctor/consultations - 200 - 0.006s
2026-05-06 08:17:01 - api.request - INFO - logging_config.py:133 - log_request - GET /api/doctor/profile - 200 - 0.006s
2026-05-06 08:17:02 - api.request - INFO - logging_config.py:133 - log_request - GET /api/doctor/prescriptions - 200 - 0.008s
2026-05-06 08:17:02 - api.request - INFO - logging_config.py:133 - log_request - GET /api/doctor/consultations - 200 - 0.004s
2026-05-06 08:17:02 - api.request - INFO - logging_config.py:133 - log_request - GET /api/doctor/patients - 200 - 0.006s
2026-05-06 08:17:02 - api.request - INFO - logging_config.py:133 - log_request - GET /api/doctor/stats - 200 - 0.007s
2026-05-06 08:17:03 - api.request - INFO - logging_config.py:133 - log_request - GET /api/doctor/consultations - 200 - 0.005s
2026-05-06 08:17:03 - api.request - INFO - logging_config.py:133 - log_request - GET /api/doctor/prescriptions - 200 - 0.008s
2026-05-06 08:17:03 - api.request - INFO - logging_config.py:133 - log_request - GET /api/doctor/profile - 200 - 0.004s
2026-05-06 08:17:04 - api.request - INFO - logging_config.py:133 - log_request - GET /api/patient/medications - 200 - 0.020s
2026-05-06 08:17:04 - api.request - INFO - logging_config.py:133 - log_request - GET /api/patient/medications - 200 - 0.030s
2026-05-06 08:17:04 - api.request - INFO - logging_config.py:133 - log_request - GET /api/patient/measurements - 200 - 0.036s
2026-05-06 08:17:04 - api.request - INFO - logging_config.py:133 - log_request - GET /api/patient/measurements - 200 - 0.037s
2026-05-06 08:17:04 - api.request - INFO - logging_config.py:133 - log_request - GET /api/patient/profile - 200 - 0.036s
2026-05-06 08:17:04 - api.request - INFO - logging_config.py:133 - log_request - GET /api/patient/profile - 200 - 0.040s
2026-05-06 08:17:07 - api.request - INFO - logging_config.py:133 - log_request - GET /api/doctor/stats - 200 - 0.007s
2026-05-06 08:17:08 - api.request - INFO - logging_config.py:133 - log_request - GET /api/doctor/patients - 200 - 0.006s
2026-05-06 08:17:08 - api.request - INFO - logging_config.py:133 - log_request - GET /api/doctor/consultations - 200 - 0.009s
2026-05-06 08:17:09 - api.request - INFO - logging_config.py:133 - log_request - GET /api/doctor/prescriptions - 200 - 0.007s
2026-05-06 08:17:09 - api.request - INFO - logging_config.py:133 - log_request - GET /api/doctor/prescriptions - 200 - 0.006s
2026-05-06 08:17:24 - api.request - INFO - logging_config.py:133 - log_request - OPTIONS /api/admin/login - 200 - 0.000s
2026-05-06 08:17:25 - api.request - WARNING - logging_config.py:131 - log_request - POST /api/admin/login - 404 - 0.006s
2026-05-06 08:17:35 - api.request - WARNING - logging_config.py:131 - log_request - POST /api/admin/login - 401 - 0.003s
2026-05-06 08:17:38 - api.request - INFO - logging_config.py:133 - log_request - POST /api/admin/login - 200 - 0.007s
2026-05-06 08:17:39 - api.request - INFO - logging_config.py:133 - log_request - OPTIONS /api/admin/stats - 200 - 0.000s
2026-05-06 08:17:39 - api.request - INFO - logging_config.py:133 - log_request - GET /api/admin/stats - 200 - 0.007s
2026-05-06 08:17:41 - api.request - INFO - logging_config.py:133 - log_request - OPTIONS /api/admin/users - 200 - 0.000s
2026-05-06 08:17:41 - api.request - INFO - logging_config.py:133 - log_request - GET /api/admin/users - 200 - 0.003s
2026-05-06 08:17:47 - api.request - INFO - logging_config.py:133 - log_request - OPTIONS /api/admin/login - 200 - 0.000s
2026-05-06 08:17:48 - api.request - INFO - logging_config.py:133 - log_request - POST /api/admin/login - 200 - 0.007s
2026-05-06 08:17:49 - api.request - INFO - logging_config.py:133 - log_request - OPTIONS /api/admin/stats - 200 - 0.000s
2026-05-06 08:17:49 - api.request - INFO - logging_config.py:133 - log_request - GET /api/admin/stats - 200 - 0.008s
2026-05-06 08:17:53 - api.request - INFO - logging_config.py:133 - log_request - OPTIONS /api/admin/patients - 200 - 0.000s
2026-05-06 08:17:53 - api.request - INFO - logging_config.py:133 - log_request - GET /api/admin/patients - 200 - 0.011s
2026-05-06 08:17:59 - api.request - INFO - logging_config.py:133 - log_request - GET /api/patient/measurements - 200 - 0.008s
2026-05-06 08:17:59 - api.request - INFO - logging_config.py:133 - log_request - GET /api/patient/profile - 200 - 0.015s
2026-05-06 08:17:59 - api.request - INFO - logging_config.py:133 - log_request - GET /api/patient/measurements - 200 - 0.006s
2026-05-06 08:17:59 - api.request - INFO - logging_config.py:133 - log_request - GET /api/patient/medications - 200 - 0.011s
2026-05-06 08:17:59 - api.request - INFO - logging_config.py:133 - log_request - GET /api/patient/medications - 200 - 0.013s
2026-05-06 08:17:59 - api.request - INFO - logging_config.py:133 - log_request - GET /api/patient/profile - 200 - 0.018s
2026-05-06 08:17:59 - api.request - INFO - logging_config.py:133 - log_request - OPTIONS /api/admin/doctors - 200 - 0.000s
2026-05-06 08:18:00 - api.request - INFO - logging_config.py:133 - log_request - GET /api/admin/doctors - 200 - 0.011s
2026-05-06 08:18:00 - api.request - INFO - logging_config.py:133 - log_request - OPTIONS /api/admin/prescriptions - 200 - 0.000s
2026-05-06 08:18:00 - api.request - INFO - logging_config.py:133 - log_request - GET /api/admin/prescriptions - 200 - 0.010s
2026-05-06 08:18:00 - api.request - INFO - logging_config.py:133 - log_request - OPTIONS /api/admin/products - 200 - 0.000s
2026-05-06 08:18:00 - api.request - INFO - logging_config.py:133 - log_request - GET /api/admin/products - 200 - 0.005s
2026-05-06 08:18:01 - api.request - INFO - logging_config.py:133 - log_request - GET /api/admin/products - 200 - 0.004s
2026-05-06 08:18:01 - api.request - INFO - logging_config.py:133 - log_request - GET /api/admin/stats - 200 - 0.008s
2026-05-06 08:18:09 - api.request - INFO - logging_config.py:133 - log_request - GET /api/patient/measurements - 200 - 0.006s
2026-05-06 08:18:09 - api.request - INFO - logging_config.py:133 - log_request - GET /api/patient/medications - 200 - 0.005s
2026-05-06 08:18:09 - api.request - INFO - logging_config.py:133 - log_request - GET /api/patient/profile - 200 - 0.006s
2026-05-06 08:18:13 - api.request - INFO - logging_config.py:133 - log_request - GET /api/patient/shop/orders - 200 - 0.005s
2026-05-06 08:18:14 - api.request - INFO - logging_config.py:133 - log_request - GET /api/patient/prescriptions - 200 - 0.007s
2026-05-06 08:18:15 - api.request - INFO - logging_config.py:133 - log_request - GET /api/patient/measurements - 200 - 0.011s
2026-05-06 08:18:15 - api.request - INFO - logging_config.py:133 - log_request - GET /api/patient/profile - 200 - 0.014s
2026-05-06 08:18:15 - api.request - INFO - logging_config.py:133 - log_request - GET /api/patient/medications - 200 - 0.014s
2026-05-06 08:18:15 - api.request - INFO - logging_config.py:133 - log_request - GET /api/patient/profile - 200 - 0.010s
2026-05-06 08:18:15 - api.request - INFO - logging_config.py:133 - log_request - GET /api/patient/shop/orders - 200 - 0.007s
2026-05-06 08:18:18 - api.request - INFO - logging_config.py:133 - log_request - GET /api/patient/shop/cart - 200 - 0.004s
2026-05-06 08:18:19 - api.request - INFO - logging_config.py:133 - log_request - GET /api/patient/profile - 200 - 0.006s
2026-05-06 08:18:19 - api.request - INFO - logging_config.py:133 - log_request - GET /api/patient/measurements - 200 - 0.006s
2026-05-06 08:18:19 - api.request - INFO - logging_config.py:133 - log_request - GET /api/patient/medications - 200 - 0.007s
2026-05-06 08:18:24 - api.request - INFO - logging_config.py:133 - log_request - GET /api/patient/measurements - 200 - 0.008s
2026-05-06 08:18:24 - api.request - INFO - logging_config.py:133 - log_request - GET /api/patient/medications - 200 - 0.011s
2026-05-06 08:18:24 - api.request - INFO - logging_config.py:133 - log_request - GET /api/patient/profile - 200 - 0.014s
2026-05-06 08:18:32 - api.request - INFO - logging_config.py:133 - log_request - GET /api/patient/medications - 200 - 0.012s
2026-05-06 08:18:32 - api.request - INFO - logging_config.py:133 - log_request - GET /api/patient/measurements - 200 - 0.016s
2026-05-06 08:18:32 - api.request - INFO - logging_config.py:133 - log_request - GET /api/patient/measurements - 200 - 0.019s
2026-05-06 08:18:32 - api.request - INFO - logging_config.py:133 - log_request - GET /api/patient/profile - 200 - 0.022s
2026-05-06 08:18:32 - api.request - INFO - logging_config.py:133 - log_request - GET /api/patient/medications - 200 - 0.017s
2026-05-06 08:18:32 - api.request - INFO - logging_config.py:133 - log_request - GET /api/patient/profile - 200 - 0.006s
2026-05-06 08:18:45 - api.request - INFO - logging_config.py:133 - log_request - GET /api/patient/medications - 200 - 0.010s
2026-05-06 08:18:45 - api.request - INFO - logging_config.py:133 - log_request - GET /api/patient/measurements - 200 - 0.013s
2026-05-06 08:18:45 - api.request - INFO - logging_config.py:133 - log_request - GET /api/patient/profile - 200 - 0.017s
2026-05-06 08:18:46 - api.request - INFO - logging_config.py:133 - log_request - GET /api/patient/measurements - 200 - 0.012s
2026-05-06 08:18:46 - api.request - INFO - logging_config.py:133 - log_request - GET /api/patient/medications - 200 - 0.015s
2026-05-06 08:18:46 - api.request - INFO - logging_config.py:133 - log_request - GET /api/patient/profile - 200 - 0.017s
2026-05-06 08:18:53 - api.request - INFO - logging_config.py:133 - log_request - GET /api/patient/prescriptions - 200 - 0.007s
2026-05-06 08:18:54 - api.request - INFO - logging_config.py:133 - log_request - GET /api/patient/shop/orders - 200 - 0.008s
2026-05-06 08:18:54 - api.request - INFO - logging_config.py:133 - log_request - GET /api/patient/shop/cart - 200 - 0.004s
2026-05-06 08:18:55 - api.request - INFO - logging_config.py:133 - log_request - GET /api/patient/profile - 200 - 0.013s
2026-05-06 08:18:55 - api.request - INFO - logging_config.py:133 - log_request - GET /api/patient/measurements - 200 - 0.015s
2026-05-06 08:18:55 - api.request - INFO - logging_config.py:133 - log_request - GET /api/patient/medications - 200 - 0.016s
2026-05-06 08:18:56 - api.request - INFO - logging_config.py:133 - log_request - GET /api/patient/shop/orders - 200 - 0.004s
2026-05-06 08:18:59 - api.request - INFO - logging_config.py:133 - log_request - OPTIONS /api/doctor/login - 200 - 0.000s
2026-05-06 08:19:00 - api.request - WARNING - logging_config.py:131 - log_request - POST /api/doctor/login - 401 - 0.003s
2026-05-06 08:19:00 - api.request - INFO - logging_config.py:133 - log_request - GET /api/patient/measurements - 200 - 0.011s
2026-05-06 08:19:00 - api.request - INFO - logging_config.py:133 - log_request - GET /api/patient/profile - 200 - 0.015s
2026-05-06 08:19:00 - api.request - INFO - logging_config.py:133 - log_request - GET /api/patient/medications - 200 - 0.013s
2026-05-06 08:19:09 - api.request - INFO - logging_config.py:133 - log_request - GET /api/patient/shop/cart - 200 - 0.007s
2026-05-06 08:19:09 - api.request - INFO - logging_config.py:133 - log_request - GET /api/patient/shop/orders - 200 - 0.004s
2026-05-06 08:19:10 - api.request - INFO - logging_config.py:133 - log_request - GET /api/patient/prescriptions - 200 - 0.006s
2026-05-06 08:19:14 - api.request - INFO - logging_config.py:133 - log_request - POST /api/doctor/login - 200 - 0.006s
2026-05-06 08:19:14 - api.request - INFO - logging_config.py:133 - log_request - OPTIONS /api/doctor/stats - 200 - 0.000s
2026-05-06 08:19:15 - api.request - INFO - logging_config.py:133 - log_request - GET /api/doctor/stats - 200 - 0.009s
2026-05-06 08:19:20 - api.request - INFO - logging_config.py:133 - log_request - OPTIONS /api/doctor/patients - 200 - 0.000s
2026-05-06 08:19:21 - api.request - INFO - logging_config.py:133 - log_request - GET /api/doctor/patients - 200 - 0.009s
2026-05-06 08:19:25 - api.request - INFO - logging_config.py:133 - log_request - GET /api/patient/profile - 200 - 0.007s
2026-05-06 08:19:25 - api.request - INFO - logging_config.py:133 - log_request - GET /api/patient/measurements - 200 - 0.004s
2026-05-06 08:19:25 - api.request - INFO - logging_config.py:133 - log_request - GET /api/patient/medications - 200 - 0.004s
2026-05-06 08:19:25 - api.request - INFO - logging_config.py:133 - log_request - GET /api/patient/profile - 200 - 0.007s
2026-05-06 08:19:25 - api.request - INFO - logging_config.py:133 - log_request - GET /api/patient/measurements - 200 - 0.004s
2026-05-06 08:19:25 - api.request - INFO - logging_config.py:133 - log_request - GET /api/patient/medications - 200 - 0.003s
2026-05-06 08:19:26 - api.request - INFO - logging_config.py:133 - log_request - OPTIONS /api/doctor/consultations - 200 - 0.000s
2026-05-06 08:19:27 - api.request - INFO - logging_config.py:133 - log_request - GET /api/doctor/consultations - 200 - 0.004s
2026-05-06 08:19:31 - api.request - INFO - logging_config.py:133 - log_request - OPTIONS /api/doctor/prescriptions - 200 - 0.001s
2026-05-06 08:19:32 - api.request - INFO - logging_config.py:133 - log_request - GET /api/doctor/prescriptions - 200 - 0.006s
2026-05-06 08:19:33 - api.request - INFO - logging_config.py:133 - log_request - GET /api/patient/shop/products - 200 - 0.004s
2026-05-06 08:19:33 - api.request - INFO - logging_config.py:133 - log_request - GET /api/patient/shop/cart - 200 - 0.004s
2026-05-06 08:19:36 - api.request - INFO - logging_config.py:133 - log_request - OPTIONS /api/doctor/profile - 200 - 0.000s
2026-05-06 08:19:36 - api.request - INFO - logging_config.py:133 - log_request - GET /api/doctor/profile - 200 - 0.007s
2026-05-06 08:19:37 - api.request - INFO - logging_config.py:133 - log_request - GET /api/patient/shop/orders - 200 - 0.004s
2026-05-06 08:19:37 - api.request - INFO - logging_config.py:133 - log_request - GET /api/patient/shop/orders - 200 - 0.004s
2026-05-06 08:19:40 - api.request - INFO - logging_config.py:133 - log_request - GET /api/patient/prescriptions - 200 - 0.011s
2026-05-06 08:19:42 - api.request - INFO - logging_config.py:133 - log_request - GET /api/doctor/stats - 200 - 0.010s
2026-05-06 08:20:00 - api.request - INFO - logging_config.py:133 - log_request - GET /api/patient/profile - 200 - 0.006s
2026-05-06 08:20:01 - api.request - INFO - logging_config.py:133 - log_request - GET /api/patient/measurements - 200 - 0.004s
2026-05-06 08:20:01 - api.request - INFO - logging_config.py:133 - log_request - GET /api/patient/medications - 200 - 0.003s
2026-05-06 08:20:01 - api.request - INFO - logging_config.py:133 - log_request - GET /api/patient/shop/cart - 200 - 0.004s
2026-05-06 08:20:42 - api.request - INFO - logging_config.py:133 - log_request - GET /api/patient/profile - 200 - 0.007s
2026-05-06 08:20:42 - api.request - INFO - logging_config.py:133 - log_request - GET /api/patient/measurements - 200 - 0.006s
2026-05-06 08:20:42 - api.request - INFO - logging_config.py:133 - log_request - GET /api/patient/medications - 200 - 0.006s
2026-05-06 08:21:00 - api.request - INFO - logging_config.py:133 - log_request - GET /api/patient/shop/cart - 200 - 0.004s
2026-05-06 08:21:00 - api.request - INFO - logging_config.py:133 - log_request - GET /api/patient/shop/orders - 200 - 0.004s
2026-05-06 08:21:01 - api.request - INFO - logging_config.py:133 - log_request - GET /api/patient/prescriptions - 200 - 0.007s
2026-05-06 08:21:04 - api.request - INFO - logging_config.py:133 - log_request - GET /api/patient/profile - 200 - 0.007s
2026-05-06 08:21:04 - api.request - INFO - logging_config.py:133 - log_request - GET /api/patient/shop/orders - 200 - 0.004s
2026-05-06 08:21:04 - api.request - INFO - logging_config.py:133 - log_request - GET /api/patient/profile - 200 - 0.007s
2026-05-06 08:21:04 - api.request - INFO - logging_config.py:133 - log_request - GET /api/patient/shop/orders - 200 - 0.006s
2026-05-06 08:21:05 - api.request - INFO - logging_config.py:133 - log_request - GET /api/patient/prescriptions - 200 - 0.007s
2026-05-06 08:21:07 - api.request - INFO - logging_config.py:133 - log_request - GET /api/patient/profile - 200 - 0.006s
2026-05-06 08:21:07 - api.request - INFO - logging_config.py:133 - log_request - GET /api/patient/shop/orders - 200 - 0.005s
2026-05-06 08:21:09 - api.request - INFO - logging_config.py:133 - log_request - GET /api/patient/shop/orders - 200 - 0.005s
2026-05-06 08:21:10 - api.request - INFO - logging_config.py:133 - log_request - GET /api/patient/shop/cart - 200 - 0.004s
2026-05-06 08:21:11 - api.request - INFO - logging_config.py:133 - log_request - GET /api/patient/profile - 200 - 0.017s
2026-05-06 08:21:11 - api.request - INFO - logging_config.py:133 - log_request - GET /api/patient/measurements - 200 - 0.009s
2026-05-06 08:21:11 - api.request - INFO - logging_config.py:133 - log_request - GET /api/patient/medications - 200 - 0.009s
2026-05-06 08:21:15 - api.request - INFO - logging_config.py:133 - log_request - GET /api/patient/profile - 200 - 0.006s
2026-05-06 08:21:15 - api.request - INFO - logging_config.py:133 - log_request - GET /api/patient/measurements - 200 - 0.004s
2026-05-06 08:21:15 - api.request - INFO - logging_config.py:133 - log_request - GET /api/patient/medications - 200 - 0.003s
2026-05-06 08:21:17 - api.request - INFO - logging_config.py:133 - log_request - GET /api/patient/profile - 200 - 0.012s
2026-05-06 08:21:17 - api.request - INFO - logging_config.py:133 - log_request - GET /api/patient/measurements - 200 - 0.014s
2026-05-06 08:21:17 - api.request - INFO - logging_config.py:133 - log_request - GET /api/patient/medications - 200 - 0.007s
2026-05-06 08:21:21 - api.request - INFO - logging_config.py:133 - log_request - OPTIONS /api/doctor/login - 200 - 0.000s
2026-05-06 08:21:22 - api.request - WARNING - logging_config.py:131 - log_request - POST /api/doctor/login - 404 - 0.003s
2026-05-06 08:21:43 - api.request - INFO - logging_config.py:133 - log_request - OPTIONS /api/admin/login - 200 - 0.000s
2026-05-06 08:21:43 - api.request - INFO - logging_config.py:133 - log_request - POST /api/admin/login - 200 - 0.008s
2026-05-06 08:21:44 - api.request - INFO - logging_config.py:133 - log_request - OPTIONS /api/admin/stats - 200 - 0.000s
2026-05-06 08:21:44 - api.request - INFO - logging_config.py:133 - log_request - GET /api/admin/stats - 200 - 0.007s
2026-05-06 08:21:55 - api.request - INFO - logging_config.py:133 - log_request - OPTIONS /api/admin/users - 200 - 0.000s
2026-05-06 08:21:56 - api.request - INFO - logging_config.py:133 - log_request - GET /api/admin/users - 200 - 0.005s
2026-05-06 08:21:57 - api.request - INFO - logging_config.py:133 - log_request - GET /api/admin/stats - 200 - 0.008s
2026-05-06 08:22:00 - api.request - INFO - logging_config.py:133 - log_request - GET /api/admin/users - 200 - 0.003s
2026-05-06 08:23:07 - api.request - INFO - logging_config.py:133 - log_request - OPTIONS /api/doctor/login - 200 - 0.000s
2026-05-06 08:23:08 - api.request - INFO - logging_config.py:133 - log_request - POST /api/doctor/login - 200 - 0.007s
2026-05-06 08:23:09 - api.request - INFO - logging_config.py:133 - log_request - OPTIONS /api/doctor/stats - 200 - 0.000s
2026-05-06 08:23:09 - api.request - INFO - logging_config.py:133 - log_request - GET /api/doctor/stats - 200 - 0.007s
2026-05-06 08:23:19 - api.request - INFO - logging_config.py:133 - log_request - GET /api/doctor/stats - 200 - 0.007s
2026-05-06 08:23:26 - api.request - INFO - logging_config.py:133 - log_request - GET /api/patient/shop/cart - 200 - 0.005s
2026-05-06 08:23:27 - api.request - INFO - logging_config.py:133 - log_request - GET /api/patient/shop/orders - 200 - 0.004s
2026-05-06 08:23:28 - api.request - INFO - logging_config.py:133 - log_request - GET /api/patient/prescriptions - 200 - 0.007s
2026-05-06 08:23:31 - api.request - INFO - logging_config.py:133 - log_request - GET /api/patient/profile - 200 - 0.006s
2026-05-06 08:23:31 - api.request - INFO - logging_config.py:133 - log_request - GET /api/patient/measurements - 200 - 0.004s
2026-05-06 08:23:31 - api.request - INFO - logging_config.py:133 - log_request - GET /api/patient/medications - 200 - 0.004s
2026-05-06 08:28:09 - api.request - INFO - logging_config.py:133 - log_request - OPTIONS /api/admin/stats - 200 - 0.000s
2026-05-06 08:28:10 - api.request - INFO - logging_config.py:133 - log_request - GET /api/admin/stats - 200 - 0.009s
2026-05-06 08:28:53 - api.request - INFO - logging_config.py:133 - log_request - OPTIONS /api/admin/users - 200 - 0.000s
2026-05-06 08:28:53 - api.request - INFO - logging_config.py:133 - log_request - GET /api/admin/users - 200 - 0.004s
2026-05-06 08:28:54 - api.request - INFO - logging_config.py:133 - log_request - OPTIONS /api/admin/products - 200 - 0.000s
2026-05-06 08:28:54 - api.request - INFO - logging_config.py:133 - log_request - GET /api/admin/products - 200 - 0.003s
2026-05-06 08:28:56 - api.request - INFO - logging_config.py:133 - log_request - OPTIONS /api/admin/doctors - 200 - 0.000s
2026-05-06 08:28:56 - api.request - INFO - logging_config.py:133 - log_request - GET /api/admin/doctors - 200 - 0.005s
2026-05-06 08:28:57 - api.request - INFO - logging_config.py:133 - log_request - OPTIONS /api/admin/patients - 200 - 0.000s
2026-05-06 08:28:57 - api.request - INFO - logging_config.py:133 - log_request - GET /api/admin/patients - 200 - 0.008s
2026-05-06 08:28:58 - api.request - INFO - logging_config.py:133 - log_request - GET /api/admin/doctors - 200 - 0.006s
2026-05-06 08:28:58 - api.request - INFO - logging_config.py:133 - log_request - GET /api/admin/users - 200 - 0.003s
2026-05-06 08:28:59 - api.request - INFO - logging_config.py:133 - log_request - GET /api/admin/stats - 200 - 0.007s
2026-05-06 08:29:01 - api.request - INFO - logging_config.py:133 - log_request - GET /api/admin/users - 200 - 0.003s
2026-05-06 08:29:01 - api.request - INFO - logging_config.py:133 - log_request - GET /api/admin/products - 200 - 0.003s
2026-05-06 08:29:02 - api.request - INFO - logging_config.py:133 - log_request - OPTIONS /api/admin/orders - 200 - 0.000s
2026-05-06 08:29:02 - api.request - INFO - logging_config.py:133 - log_request - OPTIONS /api/admin/prescriptions - 200 - 0.000s
2026-05-06 08:29:02 - api.request - INFO - logging_config.py:133 - log_request - GET /api/admin/orders - 200 - 0.003s
2026-05-06 08:29:02 - api.request - INFO - logging_config.py:133 - log_request - GET /api/admin/prescriptions - 200 - 0.009s
2026-05-06 08:29:02 - api.request - INFO - logging_config.py:133 - log_request - GET /api/admin/doctors - 200 - 0.005s
2026-05-06 08:29:03 - api.request - INFO - logging_config.py:133 - log_request - GET /api/admin/patients - 200 - 0.013s
2026-05-06 08:29:03 - api.request - INFO - logging_config.py:133 - log_request - GET /api/admin/prescriptions - 200 - 0.008s
2026-05-06 08:29:03 - api.request - INFO - logging_config.py:133 - log_request - GET /api/admin/users - 200 - 0.003s
2026-05-06 08:29:03 - api.request - INFO - logging_config.py:133 - log_request - GET /api/admin/users - 200 - 0.003s
2026-05-06 08:29:04 - api.request - INFO - logging_config.py:133 - log_request - GET /api/admin/stats - 200 - 0.007s
2026-05-06 08:29:05 - api.request - INFO - logging_config.py:133 - log_request - GET /api/admin/stats - 200 - 0.006s
2026-05-06 08:29:05 - api.request - INFO - logging_config.py:133 - log_request - GET /api/admin/products - 200 - 0.003s
2026-05-06 08:29:05 - api.request - INFO - logging_config.py:133 - log_request - GET /api/admin/products - 200 - 0.005s
2026-05-06 08:29:05 - api.request - INFO - logging_config.py:133 - log_request - GET /api/admin/users - 200 - 0.003s
2026-05-06 08:29:07 - api.request - INFO - logging_config.py:133 - log_request - GET /api/admin/products - 200 - 0.003s
2026-05-06 08:29:10 - api.request - INFO - logging_config.py:133 - log_request - GET /api/admin/stats - 200 - 0.007s
2026-05-06 08:29:10 - api.request - INFO - logging_config.py:133 - log_request - GET /api/admin/users - 200 - 0.003s
2026-05-06 08:29:11 - api.request - INFO - logging_config.py:133 - log_request - GET /api/admin/orders - 200 - 0.003s
2026-05-06 08:29:11 - api.request - INFO - logging_config.py:133 - log_request - GET /api/admin/prescriptions - 200 - 0.008s
2026-05-06 08:30:09 - api.request - INFO - logging_config.py:133 - log_request - GET /api/patient/measurements - 200 - 0.012s
2026-05-06 08:30:09 - api.request - INFO - logging_config.py:133 - log_request - GET /api/patient/profile - 200 - 0.016s
2026-05-06 08:30:09 - api.request - INFO - logging_config.py:133 - log_request - GET /api/patient/medications - 200 - 0.016s
2026-05-06 08:30:10 - api.request - INFO - logging_config.py:133 - log_request - GET /api/patient/measurements - 200 - 0.004s
2026-05-06 08:30:10 - api.request - INFO - logging_config.py:133 - log_request - GET /api/patient/medications - 200 - 0.006s
2026-05-06 08:30:10 - api.request - INFO - logging_config.py:133 - log_request - GET /api/patient/profile - 200 - 0.009s
2026-05-06 08:30:15 - api.request - INFO - logging_config.py:133 - log_request - GET /api/patient/shop/products - 200 - 0.006s
2026-05-06 08:30:15 - api.request - INFO - logging_config.py:133 - log_request - GET /api/patient/shop/cart - 200 - 0.004s
2026-05-06 08:30:18 - api.request - INFO - logging_config.py:133 - log_request - GET /api/patient/shop/orders - 200 - 0.009s
2026-05-06 08:30:19 - api.request - INFO - logging_config.py:133 - log_request - GET /api/patient/shop/orders - 200 - 0.005s
2026-05-06 08:30:21 - api.request - INFO - logging_config.py:133 - log_request - GET /api/patient/shop/cart - 200 - 0.005s
2026-05-06 08:30:22 - api.request - INFO - logging_config.py:133 - log_request - GET /api/patient/shop/orders - 200 - 0.004s
2026-05-06 08:30:24 - api.request - INFO - logging_config.py:133 - log_request - GET /api/patient/prescriptions - 200 - 0.007s
2026-05-06 08:30:27 - api.request - INFO - logging_config.py:133 - log_request - GET /api/patient/profile - 200 - 0.006s
2026-05-06 08:30:27 - api.request - INFO - logging_config.py:133 - log_request - GET /api/patient/shop/orders - 200 - 0.004s
2026-05-06 08:30:28 - api.request - INFO - logging_config.py:133 - log_request - GET /api/patient/profile - 200 - 0.006s
2026-05-06 08:30:28 - api.request - INFO - logging_config.py:133 - log_request - GET /api/patient/shop/orders - 200 - 0.005s
2026-05-06 08:30:48 - api.request - INFO - logging_config.py:133 - log_request - GET /api/patient/profile - 200 - 0.006s
2026-05-06 08:30:48 - api.request - INFO - logging_config.py:133 - log_request - GET /api/patient/measurements - 200 - 0.004s
2026-05-06 08:30:48 - api.request - INFO - logging_config.py:133 - log_request - GET /api/patient/medications - 200 - 0.003s
2026-05-06 08:30:49 - api.request - INFO - logging_config.py:133 - log_request - GET /api/patient/profile - 200 - 0.013s
2026-05-06 08:30:49 - api.request - INFO - logging_config.py:133 - log_request - GET /api/patient/measurements - 200 - 0.004s
2026-05-06 08:30:49 - api.request - INFO - logging_config.py:133 - log_request - GET /api/patient/medications - 200 - 0.004s
2026-05-06 08:31:21 - api.request - INFO - logging_config.py:133 - log_request - GET /api/patient/profile - 200 - 0.006s
2026-05-06 08:31:21 - api.request - INFO - logging_config.py:133 - log_request - GET /api/patient/measurements - 200 - 0.005s
2026-05-06 08:31:21 - api.request - INFO - logging_config.py:133 - log_request - GET /api/patient/medications - 200 - 0.003s
2026-05-06 08:31:21 - api.request - INFO - logging_config.py:133 - log_request - GET /api/patient/profile - 200 - 0.010s
2026-05-06 08:31:21 - api.request - INFO - logging_config.py:133 - log_request - GET /api/patient/measurements - 200 - 0.004s
2026-05-06 08:31:21 - api.request - INFO - logging_config.py:133 - log_request - GET /api/patient/medications - 200 - 0.003s
2026-05-06 08:31:29 - api.request - INFO - logging_config.py:133 - log_request - GET /api/patient/shop/products - 200 - 0.005s
2026-05-06 08:31:30 - api.request - INFO - logging_config.py:133 - log_request - GET /api/patient/shop/cart - 200 - 0.004s
2026-05-06 08:31:37 - api.request - INFO - logging_config.py:133 - log_request - GET /api/patient/shop/orders - 200 - 0.004s
2026-05-06 08:31:37 - api.request - INFO - logging_config.py:133 - log_request - GET /api/patient/shop/orders - 200 - 0.004s
2026-05-06 08:32:44 - api.request - INFO - logging_config.py:133 - log_request - GET /api/patient/prescriptions - 200 - 0.006s
2026-05-06 08:32:48 - api.request - INFO - logging_config.py:133 - log_request - GET /api/patient/profile - 200 - 0.007s
2026-05-06 08:32:48 - api.request - INFO - logging_config.py:133 - log_request - GET /api/patient/shop/orders - 200 - 0.006s
2026-05-06 08:32:48 - api.request - INFO - logging_config.py:133 - log_request - GET /api/patient/profile - 200 - 0.006s
2026-05-06 08:32:48 - api.request - INFO - logging_config.py:133 - log_request - GET /api/patient/shop/orders - 200 - 0.005s
2026-05-06 08:33:14 - api.request - INFO - logging_config.py:133 - log_request - GET /api/patient/prescriptions - 200 - 0.008s
2026-05-06 08:33:15 - api.request - INFO - logging_config.py:133 - log_request - GET /api/patient/shop/orders - 200 - 0.004s
2026-05-06 08:33:16 - api.request - INFO - logging_config.py:133 - log_request - GET /api/patient/shop/cart - 200 - 0.004s
2026-05-06 08:33:56 - api.request - INFO - logging_config.py:133 - log_request - GET /api/patient/profile - 200 - 0.006s
2026-05-06 08:33:56 - api.request - INFO - logging_config.py:133 - log_request - GET /api/patient/measurements - 200 - 0.004s
2026-05-06 08:33:56 - api.request - INFO - logging_config.py:133 - log_request - GET /api/patient/medications - 200 - 0.004s
2026-05-06 08:34:59 - api.request - INFO - logging_config.py:133 - log_request - GET /api/patient/medications - 200 - 0.015s
2026-05-06 08:34:59 - api.request - INFO - logging_config.py:133 - log_request - GET /api/patient/profile - 200 - 0.018s
2026-05-06 08:34:59 - api.request - INFO - logging_config.py:133 - log_request - GET /api/patient/measurements - 200 - 0.016s
2026-05-06 08:34:59 - api.request - INFO - logging_config.py:133 - log_request - GET /api/patient/profile - 200 - 0.016s
2026-05-06 08:34:59 - api.request - INFO - logging_config.py:133 - log_request - GET /api/patient/measurements - 200 - 0.015s
2026-05-06 08:34:59 - api.request - INFO - logging_config.py:133 - log_request - GET /api/patient/medications - 200 - 0.003s
2026-05-06 08:35:08 - api.request - INFO - logging_config.py:133 - log_request - GET /api/patient/profile - 200 - 0.014s
2026-05-06 08:35:08 - api.request - INFO - logging_config.py:133 - log_request - GET /api/patient/medications - 200 - 0.016s
2026-05-06 08:35:08 - api.request - INFO - logging_config.py:133 - log_request - GET /api/patient/measurements - 200 - 0.016s
2026-05-06 08:35:16 - api.request - INFO - logging_config.py:133 - log_request - GET /api/patient/medications - 200 - 0.005s
2026-05-06 08:35:16 - api.request - INFO - logging_config.py:133 - log_request - GET /api/patient/measurements - 200 - 0.011s
2026-05-06 08:35:16 - api.request - INFO - logging_config.py:133 - log_request - GET /api/patient/profile - 200 - 0.019s
2026-05-06 08:35:16 - api.request - INFO - logging_config.py:133 - log_request - GET /api/patient/measurements - 200 - 0.010s
2026-05-06 08:35:16 - api.request - INFO - logging_config.py:133 - log_request - GET /api/patient/medications - 200 - 0.016s
2026-05-06 08:35:16 - api.request - INFO - logging_config.py:133 - log_request - GET /api/patient/profile - 200 - 0.006s
2026-05-06 08:38:54 - api.request - INFO - logging_config.py:133 - log_request - GET /api/patient/shop/cart - 200 - 0.006s
2026-05-06 08:38:56 - api.request - INFO - logging_config.py:133 - log_request - GET /api/patient/shop/orders - 200 - 0.010s
2026-05-06 08:38:57 - api.request - INFO - logging_config.py:133 - log_request - GET /api/patient/profile - 200 - 0.006s
2026-05-06 08:38:57 - api.request - INFO - logging_config.py:133 - log_request - GET /api/patient/measurements - 200 - 0.004s
2026-05-06 08:38:57 - api.request - INFO - logging_config.py:133 - log_request - GET /api/patient/medications - 200 - 0.004s
2026-05-06 08:46:05 - api.request - INFO - logging_config.py:133 - log_request - GET /api/patient/measurements - 200 - 0.012s
2026-05-06 08:46:05 - api.request - INFO - logging_config.py:133 - log_request - GET /api/patient/profile - 200 - 0.017s
2026-05-06 08:46:05 - api.request - INFO - logging_config.py:133 - log_request - GET /api/patient/medications - 200 - 0.019s
2026-05-06 08:46:05 - api.request - INFO - logging_config.py:133 - log_request - GET /api/patient/measurements - 200 - 0.009s
2026-05-06 08:46:05 - api.request - INFO - logging_config.py:133 - log_request - GET /api/patient/medications - 200 - 0.009s
2026-05-06 08:46:05 - api.request - INFO - logging_config.py:133 - log_request - GET /api/patient/profile - 200 - 0.013s
2026-05-06 08:46:06 - api.request - INFO - logging_config.py:133 - log_request - GET /api/patient/shop/products - 200 - 0.004s
2026-05-06 08:46:06 - api.request - INFO - logging_config.py:133 - log_request - GET /api/patient/shop/cart - 200 - 0.004s
2026-05-06 08:46:10 - api.request - INFO - logging_config.py:133 - log_request - GET /api/patient/shop/orders - 200 - 0.004s
2026-05-06 08:46:10 - api.request - INFO - logging_config.py:133 - log_request - GET /api/patient/shop/orders - 200 - 0.006s
2026-05-06 08:46:13 - api.request - INFO - logging_config.py:133 - log_request - GET /api/patient/prescriptions - 200 - 0.006s
2026-05-06 08:46:17 - api.request - INFO - logging_config.py:133 - log_request - GET /api/patient/profile - 200 - 0.010s
2026-05-06 08:46:17 - api.request - INFO - logging_config.py:133 - log_request - GET /api/patient/shop/orders - 200 - 0.004s
2026-05-06 08:46:18 - api.request - INFO - logging_config.py:133 - log_request - GET /api/patient/profile - 200 - 0.006s
2026-05-06 08:46:18 - api.request - INFO - logging_config.py:133 - log_request - GET /api/patient/shop/orders - 200 - 0.004s
2026-05-06 08:46:37 - api.request - INFO - logging_config.py:133 - log_request - GET /api/patient/measurements - 200 - 0.022s
2026-05-06 08:46:37 - api.request - INFO - logging_config.py:133 - log_request - GET /api/patient/measurements - 200 - 0.030s
2026-05-06 08:46:37 - api.request - INFO - logging_config.py:133 - log_request - GET /api/patient/medications - 200 - 0.032s
2026-05-06 08:46:37 - api.request - INFO - logging_config.py:133 - log_request - GET /api/patient/profile - 200 - 0.026s
2026-05-06 08:46:37 - api.request - INFO - logging_config.py:133 - log_request - GET /api/patient/profile - 200 - 0.027s
2026-05-06 08:46:37 - api.request - INFO - logging_config.py:133 - log_request - GET /api/patient/medications - 200 - 0.024s
2026-05-06 08:47:17 - api.request - INFO - logging_config.py:133 - log_request - GET /api/patient/medications - 200 - 0.004s
2026-05-06 08:47:17 - api.request - INFO - logging_config.py:133 - log_request - GET /api/patient/measurements - 200 - 0.004s
2026-05-06 08:47:17 - api.request - INFO - logging_config.py:133 - log_request - GET /api/patient/profile - 200 - 0.006s
2026-05-06 08:48:11 - api.request - INFO - logging_config.py:133 - log_request - GET /api/patient/measurements - 200 - 0.011s
2026-05-06 08:48:11 - api.request - INFO - logging_config.py:133 - log_request - GET /api/patient/medications - 200 - 0.014s
2026-05-06 08:48:11 - api.request - INFO - logging_config.py:133 - log_request - GET /api/patient/profile - 200 - 0.017s
2026-05-06 08:48:45 - api.request - INFO - logging_config.py:133 - log_request - GET /api/patient/measurements - 200 - 0.012s
2026-05-06 08:48:45 - api.request - INFO - logging_config.py:133 - log_request - GET /api/patient/medications - 200 - 0.015s
2026-05-06 08:48:45 - api.request - INFO - logging_config.py:133 - log_request - GET /api/patient/profile - 200 - 0.018s
2026-05-06 08:50:18 - api.request - INFO - logging_config.py:133 - log_request - GET /api/patient/measurements - 200 - 0.014s
2026-05-06 08:50:18 - api.request - INFO - logging_config.py:133 - log_request - GET /api/patient/medications - 200 - 0.013s
2026-05-06 08:50:18 - api.request - INFO - logging_config.py:133 - log_request - GET /api/patient/medications - 200 - 0.022s
2026-05-06 08:50:18 - api.request - INFO - logging_config.py:133 - log_request - GET /api/patient/profile - 200 - 0.028s
2026-05-06 08:50:18 - api.request - INFO - logging_config.py:133 - log_request - GET /api/patient/profile - 200 - 0.022s
2026-05-06 08:50:18 - api.request - INFO - logging_config.py:133 - log_request - GET /api/patient/measurements - 200 - 0.005s
2026-05-06 08:50:54 - api.request - INFO - logging_config.py:133 - log_request - GET /api/patient/medications - 200 - 0.012s
2026-05-06 08:50:54 - api.request - INFO - logging_config.py:133 - log_request - GET /api/patient/measurements - 200 - 0.015s
2026-05-06 08:50:54 - api.request - INFO - logging_config.py:133 - log_request - GET /api/patient/profile - 200 - 0.020s
2026-05-06 08:51:51 - api.request - INFO - logging_config.py:133 - log_request - GET /api/patient/shop/cart - 200 - 0.006s
2026-05-06 08:51:51 - api.request - INFO - logging_config.py:133 - log_request - GET /api/patient/shop/orders - 200 - 0.004s
2026-05-06 08:51:54 - api.request - INFO - logging_config.py:133 - log_request - GET /api/patient/prescriptions - 200 - 0.009s
2026-05-06 08:51:55 - api.request - INFO - logging_config.py:133 - log_request - GET /api/patient/profile - 200 - 0.011s
2026-05-06 08:51:55 - api.request - INFO - logging_config.py:133 - log_request - GET /api/patient/shop/orders - 200 - 0.008s
2026-05-06 08:52:00 - api.request - INFO - logging_config.py:133 - log_request - GET /api/patient/profile - 200 - 0.007s
2026-05-06 08:52:00 - api.request - INFO - logging_config.py:133 - log_request - GET /api/patient/measurements - 200 - 0.004s
2026-05-06 08:52:00 - api.request - INFO - logging_config.py:133 - log_request - GET /api/patient/medications - 200 - 0.003s
2026-05-06 09:14:04 - api.request - INFO - logging_config.py:133 - log_request - GET /health - 200 - 0.002s
2026-05-06 09:14:04 - api.request - INFO - logging_config.py:133 - log_request - GET /api/patient/medications - 200 - 0.013s
2026-05-06 09:14:04 - api.request - INFO - logging_config.py:133 - log_request - GET /api/patient/measurements - 200 - 0.017s
2026-05-06 09:14:04 - api.request - INFO - logging_config.py:133 - log_request - GET /api/patient/profile - 200 - 0.019s
2026-05-06 09:14:05 - api.request - INFO - logging_config.py:133 - log_request - GET /api/patient/measurements - 200 - 0.009s
2026-05-06 09:14:05 - api.request - INFO - logging_config.py:133 - log_request - GET /api/patient/medications - 200 - 0.015s
2026-05-06 09:14:05 - api.request - INFO - logging_config.py:133 - log_request - GET /api/patient/profile - 200 - 0.011s
2026-05-06 09:14:09 - api.request - INFO - logging_config.py:133 - log_request - GET /api/patient/shop/products - 200 - 0.004s
2026-05-06 09:14:09 - api.request - INFO - logging_config.py:133 - log_request - GET /api/patient/shop/cart - 200 - 0.005s
2026-05-06 09:14:13 - api.request - INFO - logging_config.py:133 - log_request - GET /api/patient/shop/orders - 200 - 0.005s
2026-05-06 09:14:13 - api.request - INFO - logging_config.py:133 - log_request - GET /api/patient/shop/orders - 200 - 0.005s
2026-05-06 09:14:17 - api.request - INFO - logging_config.py:133 - log_request - GET /api/patient/prescriptions - 200 - 0.007s
2026-05-06 09:14:21 - api.request - INFO - logging_config.py:133 - log_request - GET /api/patient/profile - 200 - 0.006s
2026-05-06 09:14:22 - api.request - INFO - logging_config.py:133 - log_request - GET /api/patient/shop/orders - 200 - 0.004s
2026-05-06 09:14:22 - api.request - INFO - logging_config.py:133 - log_request - GET /api/patient/profile - 200 - 0.007s
2026-05-06 09:14:22 - api.request - INFO - logging_config.py:133 - log_request - GET /api/patient/shop/orders - 200 - 0.005s
2026-05-06 09:14:27 - api.request - INFO - logging_config.py:133 - log_request - GET /api/patient/shop/cart - 200 - 0.011s
2026-05-06 09:15:03 - api.request - INFO - logging_config.py:133 - log_request - GET /api/patient/shop/cart - 200 - 0.004s
2026-05-06 09:15:04 - api.request - INFO - logging_config.py:133 - log_request - GET /api/patient/shop/orders - 200 - 0.004s
2026-05-06 09:15:05 - api.request - INFO - logging_config.py:133 - log_request - GET /api/patient/prescriptions - 200 - 0.007s
2026-05-06 09:15:06 - api.request - INFO - logging_config.py:133 - log_request - GET /api/patient/profile - 200 - 0.008s
2026-05-06 09:15:06 - api.request - INFO - logging_config.py:133 - log_request - GET /api/patient/shop/orders - 200 - 0.004s
2026-05-06 09:15:19 - api.request - INFO - logging_config.py:133 - log_request - GET /api/patient/medications - 200 - 0.004s
2026-05-06 09:15:19 - api.request - INFO - logging_config.py:133 - log_request - GET /health - 200 - 0.001s
2026-05-06 09:15:19 - api.request - INFO - logging_config.py:133 - log_request - GET /api/patient/medications - 200 - 0.007s
2026-05-06 09:15:19 - api.request - INFO - logging_config.py:133 - log_request - GET /api/patient/measurements - 200 - 0.007s
2026-05-06 09:15:19 - api.request - INFO - logging_config.py:133 - log_request - GET /api/patient/measurements - 200 - 0.006s
2026-05-06 09:15:19 - api.request - INFO - logging_config.py:133 - log_request - GET /api/patient/profile - 200 - 0.008s
2026-05-06 09:15:19 - api.request - INFO - logging_config.py:133 - log_request - GET /api/patient/profile - 200 - 0.008s
2026-05-06 09:15:26 - api.request - INFO - logging_config.py:133 - log_request - GET /api/patient/shop/cart - 200 - 0.007s
2026-05-06 09:15:26 - api.request - INFO - logging_config.py:133 - log_request - GET /api/patient/shop/products - 200 - 0.009s
2026-05-06 09:15:27 - api.request - INFO - logging_config.py:133 - log_request - GET /api/patient/shop/orders - 200 - 0.009s
2026-05-06 09:15:27 - api.request - INFO - logging_config.py:133 - log_request - GET /api/patient/shop/orders - 200 - 0.009s
2026-05-06 09:15:27 - api.request - INFO - logging_config.py:133 - log_request - GET /api/patient/prescriptions - 200 - 0.007s
2026-05-06 09:15:27 - api.request - INFO - logging_config.py:133 - log_request - GET /api/patient/profile - 200 - 0.009s
2026-05-06 09:15:27 - api.request - INFO - logging_config.py:133 - log_request - GET /api/patient/shop/orders - 200 - 0.007s
2026-05-06 09:15:27 - api.request - INFO - logging_config.py:133 - log_request - GET /api/patient/profile - 200 - 0.005s
2026-05-06 09:15:27 - api.request - INFO - logging_config.py:133 - log_request - GET /api/patient/shop/orders - 200 - 0.003s
2026-05-06 09:16:24 - api.request - INFO - logging_config.py:133 - log_request - GET /api/patient/measurements - 200 - 0.009s
2026-05-06 09:16:24 - api.request - INFO - logging_config.py:133 - log_request - GET /api/patient/medications - 200 - 0.014s
2026-05-06 09:16:24 - api.request - INFO - logging_config.py:133 - log_request - GET /api/patient/profile - 200 - 0.017s
2026-05-06 09:16:33 - api.request - INFO - logging_config.py:133 - log_request - GET /health - 200 - 0.001s
2026-05-06 09:16:35 - api.request - INFO - logging_config.py:133 - log_request - POST /api/patient/login - 200 - 0.009s
2026-05-06 09:16:37 - api.request - INFO - logging_config.py:133 - log_request - GET /api/patient/shop/cart - 200 - 0.007s
2026-05-06 09:16:37 - api.request - INFO - logging_config.py:133 - log_request - GET /api/patient/shop/products - 200 - 0.008s
2026-05-06 09:16:39 - api.request - INFO - logging_config.py:133 - log_request - GET /api/patient/medications - 200 - 0.014s
2026-05-06 09:16:39 - api.request - INFO - logging_config.py:133 - log_request - GET /api/patient/measurements - 200 - 0.025s
2026-05-06 09:16:39 - api.request - INFO - logging_config.py:133 - log_request - GET /api/patient/medications - 200 - 0.026s
2026-05-06 09:16:39 - api.request - INFO - logging_config.py:133 - log_request - GET /api/patient/profile - 200 - 0.024s
2026-05-06 09:16:39 - api.request - INFO - logging_config.py:133 - log_request - GET /api/patient/measurements - 200 - 0.029s
2026-05-06 09:16:39 - api.request - INFO - logging_config.py:133 - log_request - GET /api/patient/profile - 200 - 0.026s
2026-05-06 09:16:40 - api.request - INFO - logging_config.py:133 - log_request - GET /api/patient/shop/orders - 200 - 0.005s
2026-05-06 09:16:40 - api.request - INFO - logging_config.py:133 - log_request - GET /api/patient/shop/orders - 200 - 0.005s
2026-05-06 09:16:40 - api.request - INFO - logging_config.py:133 - log_request - GET /api/patient/prescriptions - 200 - 0.007s
2026-05-06 09:16:41 - api.request - INFO - logging_config.py:133 - log_request - GET /api/patient/profile - 200 - 0.011s
2026-05-06 09:16:41 - api.request - INFO - logging_config.py:133 - log_request - GET /api/patient/shop/orders - 200 - 0.012s
2026-05-06 09:16:41 - api.request - INFO - logging_config.py:133 - log_request - GET /api/patient/shop/orders - 200 - 0.008s
2026-05-06 09:16:41 - api.request - INFO - logging_config.py:133 - log_request - GET /api/patient/profile - 200 - 0.012s
2026-05-06 09:18:08 - api.request - INFO - logging_config.py:133 - log_request - GET /api/patient/medications - 200 - 0.005s
2026-05-06 09:18:08 - api.request - INFO - logging_config.py:133 - log_request - GET /api/patient/measurements - 200 - 0.011s
2026-05-06 09:18:08 - api.request - INFO - logging_config.py:133 - log_request - GET /api/patient/profile - 200 - 0.012s
2026-05-06 09:18:11 - api.request - INFO - logging_config.py:133 - log_request - GET /api/patient/shop/orders - 200 - 0.004s
2026-05-06 09:18:12 - api.request - INFO - logging_config.py:133 - log_request - GET /api/patient/prescriptions - 200 - 0.007s
2026-05-06 09:18:12 - api.request - INFO - logging_config.py:133 - log_request - GET /api/patient/shop/cart - 200 - 0.004s
2026-05-06 09:18:14 - api.request - INFO - logging_config.py:133 - log_request - GET /api/patient/shop/orders - 200 - 0.008s
2026-05-06 09:18:14 - api.request - INFO - logging_config.py:133 - log_request - GET /api/patient/profile - 200 - 0.012s
2026-05-06 09:18:53 - api.request - INFO - logging_config.py:133 - log_request - GET /api/patient/profile - 200 - 0.008s
2026-05-06 09:18:53 - api.request - INFO - logging_config.py:133 - log_request - GET /api/patient/shop/orders - 200 - 0.007s
2026-05-06 09:19:00 - api.request - INFO - logging_config.py:133 - log_request - GET /api/patient/measurements - 200 - 0.007s
2026-05-06 09:19:00 - api.request - INFO - logging_config.py:133 - log_request - GET /api/patient/medications - 200 - 0.009s
2026-05-06 09:19:00 - api.request - INFO - logging_config.py:133 - log_request - GET /api/patient/profile - 200 - 0.006s
2026-05-06 09:19:02 - api.request - INFO - logging_config.py:133 - log_request - GET /api/patient/shop/cart - 200 - 0.007s
2026-05-06 09:19:02 - api.request - INFO - logging_config.py:133 - log_request - GET /api/patient/shop/orders - 200 - 0.004s
2026-05-06 09:19:02 - api.request - INFO - logging_config.py:133 - log_request - GET /api/patient/prescriptions - 200 - 0.006s
2026-05-06 09:19:09 - api.request - INFO - logging_config.py:133 - log_request - GET /api/patient/shop/products - 200 - 0.012s
2026-05-06 09:19:09 - api.request - INFO - logging_config.py:133 - log_request - GET /api/patient/shop/cart - 200 - 0.005s
2026-05-06 09:19:11 - api.request - INFO - logging_config.py:133 - log_request - GET /api/patient/shop/orders - 200 - 0.004s
2026-05-06 09:19:18 - api.request - INFO - logging_config.py:133 - log_request - GET /health - 200 - 0.001s
2026-05-06 09:19:25 - api.request - INFO - logging_config.py:133 - log_request - GET /api/patient/profile - 200 - 0.007s
2026-05-06 09:19:30 - api.request - INFO - logging_config.py:133 - log_request - GET /api/patient/shop/orders - 200 - 0.005s
2026-05-06 09:19:40 - api.request - INFO - logging_config.py:133 - log_request - GET /api/patient/medications - 200 - 0.010s
2026-05-06 09:19:40 - api.request - INFO - logging_config.py:133 - log_request - GET /api/patient/medications - 200 - 0.017s
2026-05-06 09:19:40 - api.request - INFO - logging_config.py:133 - log_request - GET /api/patient/measurements - 200 - 0.017s
2026-05-06 09:19:40 - api.request - INFO - logging_config.py:133 - log_request - GET /api/patient/profile - 200 - 0.018s
2026-05-06 09:19:40 - api.request - INFO - logging_config.py:133 - log_request - GET /api/patient/measurements - 200 - 0.003s
2026-05-06 09:19:40 - api.request - INFO - logging_config.py:133 - log_request - GET /api/patient/profile - 200 - 0.006s
2026-05-06 09:19:40 - api.request - INFO - logging_config.py:133 - log_request - GET /health - 200 - 0.001s
2026-05-06 09:19:41 - api.request - INFO - logging_config.py:133 - log_request - GET /api/patient/shop/products - 200 - 0.009s
2026-05-06 09:19:41 - api.request - INFO - logging_config.py:133 - log_request - GET /api/patient/shop/cart - 200 - 0.010s
2026-05-06 09:19:43 - api.request - INFO - logging_config.py:133 - log_request - GET /api/patient/shop/orders - 200 - 0.004s
2026-05-06 09:19:43 - api.request - INFO - logging_config.py:133 - log_request - GET /api/patient/shop/orders - 200 - 0.004s
2026-05-06 09:19:45 - api.request - INFO - logging_config.py:133 - log_request - GET /api/patient/prescriptions - 200 - 0.006s
2026-05-06 09:19:48 - api.request - INFO - logging_config.py:133 - log_request - GET /api/patient/profile - 200 - 0.010s
2026-05-06 09:19:48 - api.request - INFO - logging_config.py:133 - log_request - GET /api/patient/shop/orders - 200 - 0.006s
2026-05-06 09:19:48 - api.request - INFO - logging_config.py:133 - log_request - GET /api/patient/shop/orders - 200 - 0.007s
2026-05-06 09:19:48 - api.request - INFO - logging_config.py:133 - log_request - GET /api/patient/profile - 200 - 0.010s
2026-05-06 09:19:54 - api.request - INFO - logging_config.py:133 - log_request - GET /health - 200 - 0.001s
2026-05-06 09:19:55 - api.request - INFO - logging_config.py:133 - log_request - POST /api/patient/login - 200 - 0.006s
2026-05-06 09:19:57 - api.request - INFO - logging_config.py:133 - log_request - GET /api/patient/shop/products - 200 - 0.003s
2026-05-06 09:19:58 - api.request - INFO - logging_config.py:133 - log_request - GET /api/patient/shop/cart - 200 - 0.004s
2026-05-06 09:20:00 - api.request - INFO - logging_config.py:133 - log_request - GET /api/patient/shop/products - 200 - 0.004s
2026-05-06 09:20:00 - api.request - INFO - logging_config.py:133 - log_request - GET /api/patient/shop/cart - 200 - 0.004s
2026-05-06 09:20:01 - api.request - INFO - logging_config.py:133 - log_request - GET /api/patient/shop/orders - 200 - 0.004s
2026-05-06 09:20:01 - api.request - INFO - logging_config.py:133 - log_request - GET /api/patient/profile - 200 - 0.006s
2026-05-06 09:20:03 - api.request - INFO - logging_config.py:133 - log_request - GET /api/patient/measurements - 200 - 0.006s
2026-05-06 09:20:03 - api.request - INFO - logging_config.py:133 - log_request - GET /api/patient/profile - 200 - 0.008s
2026-05-06 09:20:03 - api.request - INFO - logging_config.py:133 - log_request - GET /api/patient/shop/products - 200 - 0.004s
2026-05-06 09:20:03 - api.request - INFO - logging_config.py:133 - log_request - GET /api/patient/shop/cart - 200 - 0.003s
2026-05-06 09:20:03 - api.request - INFO - logging_config.py:133 - log_request - GET /api/patient/measurements - 200 - 0.003s
2026-05-06 09:20:04 - api.request - INFO - logging_config.py:133 - log_request - GET /api/patient/medications - 200 - 0.007s
2026-05-06 09:20:04 - api.request - INFO - logging_config.py:133 - log_request - GET /api/patient/profile - 200 - 0.009s
2026-05-06 09:20:04 - api.request - INFO - logging_config.py:133 - log_request - GET /api/patient/medications - 200 - 0.003s
2026-05-06 09:20:05 - api.request - INFO - logging_config.py:133 - log_request - GET /api/patient/shop/products - 200 - 0.004s
2026-05-06 09:20:05 - api.request - INFO - logging_config.py:133 - log_request - GET /api/patient/shop/cart - 200 - 0.004s
2026-05-06 09:20:06 - api.request - INFO - logging_config.py:133 - log_request - POST /api/patient/login - 200 - 0.006s
2026-05-06 09:20:08 - api.request - INFO - logging_config.py:133 - log_request - GET /api/patient/shop/cart - 200 - 0.007s
2026-05-06 09:20:08 - api.request - INFO - logging_config.py:133 - log_request - GET /api/patient/shop/products - 200 - 0.010s
2026-05-06 09:20:08 - api.request - INFO - logging_config.py:133 - log_request - GET /api/patient/shop/orders - 200 - 0.005s
2026-05-06 09:20:09 - api.request - INFO - logging_config.py:133 - log_request - GET /api/patient/shop/orders - 200 - 0.011s
2026-05-06 09:20:10 - api.request - INFO - logging_config.py:133 - log_request - GET /api/patient/profile - 200 - 0.018s
2026-05-06 09:20:10 - api.request - INFO - logging_config.py:133 - log_request - GET /api/patient/medications - 200 - 0.025s
2026-05-06 09:20:10 - api.request - INFO - logging_config.py:133 - log_request - GET /api/patient/measurements - 200 - 0.026s
2026-05-06 09:20:10 - api.request - INFO - logging_config.py:133 - log_request - GET /api/patient/medications - 200 - 0.030s
2026-05-06 09:20:10 - api.request - INFO - logging_config.py:133 - log_request - GET /api/patient/measurements - 200 - 0.028s
2026-05-06 09:20:10 - api.request - INFO - logging_config.py:133 - log_request - GET /api/patient/profile - 200 - 0.030s
2026-05-06 09:20:11 - api.request - INFO - logging_config.py:133 - log_request - GET /api/patient/prescriptions - 200 - 0.006s
2026-05-06 09:20:11 - api.request - INFO - logging_config.py:133 - log_request - GET /api/patient/shop/orders - 200 - 0.009s
2026-05-06 09:20:11 - api.request - INFO - logging_config.py:133 - log_request - GET /api/patient/profile - 200 - 0.016s
2026-05-06 09:20:11 - api.request - INFO - logging_config.py:133 - log_request - GET /api/patient/profile - 200 - 0.010s
2026-05-06 09:20:11 - api.request - INFO - logging_config.py:133 - log_request - GET /api/patient/shop/orders - 200 - 0.012s
2026-05-06 09:20:11 - api.request - INFO - logging_config.py:133 - log_request - GET /api/patient/shop/orders - 200 - 0.011s
2026-05-06 09:20:11 - api.request - INFO - logging_config.py:133 - log_request - GET /api/patient/profile - 200 - 0.018s
2026-05-06 09:20:11 - api.request - INFO - logging_config.py:133 - log_request - GET /api/patient/profile - 200 - 0.020s
2026-05-06 09:20:11 - api.request - INFO - logging_config.py:133 - log_request - GET /api/patient/shop/orders - 200 - 0.023s
2026-05-06 09:20:11 - api.request - INFO - logging_config.py:133 - log_request - GET /api/patient/shop/products - 200 - 0.004s
2026-05-06 09:20:12 - api.request - INFO - logging_config.py:133 - log_request - GET /api/patient/prescriptions - 200 - 0.009s
2026-05-06 09:20:12 - api.request - INFO - logging_config.py:133 - log_request - GET /api/patient/shop/cart - 200 - 0.004s
2026-05-06 09:20:13 - api.request - INFO - logging_config.py:133 - log_request - GET /api/patient/shop/orders - 200 - 0.008s
2026-05-06 09:20:13 - api.request - INFO - logging_config.py:133 - log_request - GET /api/patient/shop/orders - 200 - 0.010s
2026-05-06 09:20:13 - api.request - INFO - logging_config.py:133 - log_request - GET /api/patient/measurements - 200 - 0.008s
2026-05-06 09:20:13 - api.request - INFO - logging_config.py:133 - log_request - GET /api/patient/medications - 200 - 0.013s
2026-05-06 09:20:13 - api.request - INFO - logging_config.py:133 - log_request - GET /api/patient/profile - 200 - 0.014s
2026-05-06 09:20:23 - api.request - INFO - logging_config.py:133 - log_request - GET /api/patient/shop/cart - 200 - 0.006s
2026-05-06 09:20:24 - api.request - INFO - logging_config.py:133 - log_request - GET /api/patient/shop/orders - 200 - 0.015s
2026-05-06 09:20:24 - api.request - INFO - logging_config.py:133 - log_request - GET /api/patient/shop/orders - 200 - 0.025s
2026-05-06 09:20:24 - api.request - INFO - logging_config.py:133 - log_request - GET /api/patient/prescriptions - 200 - 0.007s
2026-05-06 09:20:42 - api.request - INFO - logging_config.py:133 - log_request - GET /api/patient/measurements - 200 - 0.010s
2026-05-06 09:20:42 - api.request - INFO - logging_config.py:133 - log_request - GET /api/patient/medications - 200 - 0.014s
2026-05-06 09:20:42 - api.request - INFO - logging_config.py:133 - log_request - GET /api/patient/profile - 200 - 0.017s
2026-05-06 09:20:44 - api.request - INFO - logging_config.py:133 - log_request - GET /api/patient/shop/cart - 200 - 0.004s
2026-05-06 09:20:44 - api.request - INFO - logging_config.py:133 - log_request - GET /api/patient/shop/orders - 200 - 0.004s
2026-05-06 09:20:45 - api.request - INFO - logging_config.py:133 - log_request - GET /api/patient/shop/orders - 200 - 0.007s
2026-05-06 09:20:45 - api.request - INFO - logging_config.py:133 - log_request - GET /api/patient/profile - 200 - 0.012s
2026-05-06 09:20:46 - api.request - INFO - logging_config.py:133 - log_request - GET /api/patient/measurements - 200 - 0.007s
2026-05-06 09:20:46 - api.request - INFO - logging_config.py:133 - log_request - GET /api/patient/medications - 200 - 0.011s
2026-05-06 09:20:46 - api.request - INFO - logging_config.py:133 - log_request - GET /api/patient/profile - 200 - 0.015s
2026-05-06 09:20:47 - api.request - INFO - logging_config.py:133 - log_request - GET /api/patient/medications - 200 - 0.009s
2026-05-06 09:20:47 - api.request - INFO - logging_config.py:133 - log_request - GET /api/patient/measurements - 200 - 0.013s
2026-05-06 09:20:47 - api.request - INFO - logging_config.py:133 - log_request - GET /api/patient/profile - 200 - 0.015s
2026-05-06 09:20:53 - api.request - INFO - logging_config.py:133 - log_request - GET /api/patient/shop/cart - 200 - 0.004s
2026-05-06 09:21:00 - api.request - INFO - logging_config.py:133 - log_request - GET /api/patient/shop/cart - 200 - 0.004s
2026-05-06 09:21:05 - api.request - INFO - logging_config.py:133 - log_request - GET /api/patient/shop/orders - 200 - 0.004s
2026-05-06 09:21:06 - api.request - INFO - logging_config.py:133 - log_request - GET /api/patient/prescriptions - 200 - 0.006s
2026-05-06 09:21:06 - api.request - INFO - logging_config.py:133 - log_request - GET /api/patient/profile - 200 - 0.007s
2026-05-06 09:21:06 - api.request - INFO - logging_config.py:133 - log_request - GET /api/patient/shop/orders - 200 - 0.006s
2026-05-06 09:21:06 - api.request - INFO - logging_config.py:133 - log_request - GET /api/patient/shop/orders - 200 - 0.004s
2026-05-06 09:21:08 - api.request - INFO - logging_config.py:133 - log_request - GET /api/patient/prescriptions - 200 - 0.006s
2026-05-06 09:21:13 - api.request - INFO - logging_config.py:133 - log_request - GET /api/patient/shop/orders - 200 - 0.004s
2026-05-06 09:21:13 - api.request - INFO - logging_config.py:133 - log_request - GET /api/patient/prescriptions - 200 - 0.010s
2026-05-06 09:21:15 - api.request - INFO - logging_config.py:133 - log_request - GET /api/patient/measurements - 200 - 0.004s
2026-05-06 09:21:15 - api.request - INFO - logging_config.py:133 - log_request - GET /api/patient/medications - 200 - 0.006s
2026-05-06 09:21:15 - api.request - INFO - logging_config.py:133 - log_request - GET /api/patient/profile - 200 - 0.011s
2026-05-06 09:21:20 - api.request - INFO - logging_config.py:133 - log_request - GET /api/patient/profile - 200 - 0.009s
2026-05-06 09:21:20 - api.request - INFO - logging_config.py:133 - log_request - GET /api/patient/measurements - 200 - 0.013s
2026-05-06 09:21:20 - api.request - INFO - logging_config.py:133 - log_request - GET /api/patient/medications - 200 - 0.004s
2026-05-06 09:21:23 - api.request - INFO - logging_config.py:133 - log_request - GET /api/patient/measurements - 200 - 0.011s
2026-05-06 09:21:23 - api.request - INFO - logging_config.py:133 - log_request - GET /api/patient/medications - 200 - 0.012s
2026-05-06 09:21:23 - api.request - INFO - logging_config.py:133 - log_request - GET /api/patient/profile - 200 - 0.016s
2026-05-06 09:21:44 - api.request - INFO - logging_config.py:133 - log_request - GET /api/patient/shop/orders - 200 - 0.004s
2026-05-06 09:25:17 - api.request - INFO - logging_config.py:133 - log_request - GET /api/patient/profile - 200 - 0.008s
2026-05-06 09:25:33 - api.request - INFO - logging_config.py:133 - log_request - GET /api/patient/profile - 200 - 0.006s
2026-05-06 09:25:33 - api.request - INFO - logging_config.py:133 - log_request - GET /api/patient/shop/orders - 200 - 0.004s
2026-05-06 09:26:00 - api.request - INFO - logging_config.py:133 - log_request - GET /api/patient/measurements - 200 - 0.011s
2026-05-06 09:26:00 - api.request - INFO - logging_config.py:133 - log_request - GET /api/patient/medications - 200 - 0.008s
2026-05-06 09:26:00 - api.request - INFO - logging_config.py:133 - log_request - GET /api/patient/profile - 200 - 0.017s
2026-05-06 09:26:01 - api.request - INFO - logging_config.py:133 - log_request - GET /api/patient/prescriptions - 200 - 0.008s
2026-05-06 09:26:04 - api.request - INFO - logging_config.py:133 - log_request - GET /api/patient/shop/orders - 200 - 0.006s
2026-05-06 09:26:04 - api.request - INFO - logging_config.py:133 - log_request - GET /api/patient/profile - 200 - 0.010s
2026-05-06 09:26:09 - api.request - INFO - logging_config.py:133 - log_request - GET /api/patient/shop/cart - 200 - 0.004s
2026-05-06 09:26:10 - api.request - INFO - logging_config.py:133 - log_request - GET /api/patient/shop/orders - 200 - 0.004s
2026-05-06 09:26:11 - api.request - INFO - logging_config.py:133 - log_request - GET /api/patient/shop/orders - 200 - 0.005s
2026-05-06 09:26:21 - api.request - INFO - logging_config.py:133 - log_request - GET /api/patient/shop/cart - 200 - 0.007s
2026-05-06 09:27:04 - api.request - INFO - logging_config.py:133 - log_request - GET /api/patient/shop/orders - 200 - 0.004s
2026-05-06 09:27:04 - api.request - INFO - logging_config.py:133 - log_request - GET /api/patient/profile - 200 - 0.006s
2026-05-06 09:27:30 - api.request - INFO - logging_config.py:133 - log_request - GET /api/patient/shop/orders - 200 - 0.005s
2026-05-06 09:27:31 - api.request - INFO - logging_config.py:133 - log_request - GET /api/patient/shop/orders - 200 - 0.004s
2026-05-06 09:27:35 - api.request - INFO - logging_config.py:133 - log_request - GET /api/patient/profile - 200 - 0.006s
2026-05-06 09:27:36 - api.request - INFO - logging_config.py:133 - log_request - GET /api/patient/prescriptions - 200 - 0.006s
2026-05-06 09:27:58 - api.request - INFO - logging_config.py:133 - log_request - GET /api/patient/shop/orders - 200 - 0.004s
2026-05-06 09:28:05 - api.request - INFO - logging_config.py:133 - log_request - GET /api/patient/shop/orders - 200 - 0.004s
2026-05-06 09:28:06 - api.request - INFO - logging_config.py:133 - log_request - GET /api/patient/shop/cart - 200 - 0.004s
2026-05-06 09:28:06 - api.request - INFO - logging_config.py:133 - log_request - GET /api/patient/measurements - 200 - 0.014s
2026-05-06 09:28:06 - api.request - INFO - logging_config.py:133 - log_request - GET /api/patient/profile - 200 - 0.016s
2026-05-06 09:28:06 - api.request - INFO - logging_config.py:133 - log_request - GET /api/patient/medications - 200 - 0.012s
2026-05-06 09:29:11 - api.request - INFO - logging_config.py:133 - log_request - GET /health - 200 - 0.001s
2026-05-06 09:29:17 - api.request - INFO - logging_config.py:133 - log_request - GET /api/patient/measurements - 200 - 0.013s
2026-05-06 09:29:17 - api.request - INFO - logging_config.py:133 - log_request - GET /api/patient/profile - 200 - 0.016s
2026-05-06 09:29:17 - api.request - INFO - logging_config.py:133 - log_request - GET /api/patient/medications - 200 - 0.011s
2026-05-06 09:29:36 - api.request - INFO - logging_config.py:133 - log_request - POST /api/patient/login - 200 - 0.008s
2026-05-06 09:29:39 - api.request - INFO - logging_config.py:133 - log_request - GET /api/patient/shop/products - 200 - 0.004s
2026-05-06 09:29:39 - api.request - INFO - logging_config.py:133 - log_request - GET /api/patient/shop/cart - 200 - 0.004s
2026-05-06 09:29:44 - api.request - INFO - logging_config.py:133 - log_request - GET /api/patient/shop/products - 200 - 0.009s
2026-05-06 09:29:45 - api.request - INFO - logging_config.py:133 - log_request - GET /api/patient/shop/products - 200 - 0.005s
2026-05-06 09:29:46 - api.request - INFO - logging_config.py:133 - log_request - GET /api/patient/shop/products - 200 - 0.004s
2026-05-06 09:29:47 - api.request - INFO - logging_config.py:133 - log_request - GET /api/patient/shop/products - 200 - 0.004s
2026-05-06 09:29:50 - api.request - INFO - logging_config.py:133 - log_request - GET /api/patient/medications - 200 - 0.019s
2026-05-06 09:29:50 - api.request - INFO - logging_config.py:133 - log_request - GET /api/patient/measurements - 200 - 0.030s
2026-05-06 09:29:50 - api.request - INFO - logging_config.py:133 - log_request - GET /api/patient/profile - 200 - 0.033s
2026-05-06 09:29:50 - api.request - INFO - logging_config.py:133 - log_request - GET /api/patient/profile - 200 - 0.028s
2026-05-06 09:29:50 - api.request - INFO - logging_config.py:133 - log_request - GET /api/patient/measurements - 200 - 0.031s
2026-05-06 09:29:50 - api.request - INFO - logging_config.py:133 - log_request - GET /api/patient/medications - 200 - 0.032s
2026-05-06 09:29:52 - api.request - INFO - logging_config.py:133 - log_request - GET /api/patient/shop/orders - 200 - 0.007s
2026-05-06 09:29:52 - api.request - INFO - logging_config.py:133 - log_request - GET /api/patient/shop/orders - 200 - 0.009s
2026-05-06 09:29:52 - api.request - INFO - logging_config.py:133 - log_request - GET /api/patient/profile - 200 - 0.007s
2026-05-06 09:29:52 - api.request - INFO - logging_config.py:133 - log_request - GET /api/patient/shop/orders - 200 - 0.004s
2026-05-06 09:29:55 - api.request - INFO - logging_config.py:133 - log_request - GET /api/patient/shop/orders - 200 - 0.004s
2026-05-06 09:29:55 - api.request - INFO - logging_config.py:133 - log_request - GET /api/patient/shop/orders - 200 - 0.004s
2026-05-06 09:29:57 - api.request - INFO - logging_config.py:133 - log_request - GET /api/patient/shop/orders - 200 - 0.004s
2026-05-06 09:29:57 - api.request - INFO - logging_config.py:133 - log_request - GET /api/patient/shop/orders - 200 - 0.004s
2026-05-06 09:29:58 - api.request - INFO - logging_config.py:133 - log_request - GET /api/patient/prescriptions - 200 - 0.006s
2026-05-06 09:30:15 - api.request - INFO - logging_config.py:133 - log_request - GET /api/patient/profile - 200 - 0.007s
2026-05-06 09:30:15 - api.request - INFO - logging_config.py:133 - log_request - GET /api/patient/shop/orders - 200 - 0.010s
2026-05-06 09:30:15 - api.request - INFO - logging_config.py:133 - log_request - GET /api/patient/shop/orders - 200 - 0.013s
2026-05-06 09:30:15 - api.request - INFO - logging_config.py:133 - log_request - GET /api/patient/profile - 200 - 0.017s
2026-05-06 09:30:40 - api.request - INFO - logging_config.py:133 - log_request - GET /api/patient/shop/orders - 200 - 0.015s
2026-05-06 09:30:40 - api.request - INFO - logging_config.py:133 - log_request - GET /api/patient/profile - 200 - 0.015s
2026-05-06 09:31:16 - api.request - INFO - logging_config.py:133 - log_request - GET /api/patient/shop/orders - 200 - 0.007s
2026-05-06 09:31:16 - api.request - INFO - logging_config.py:133 - log_request - GET /api/patient/profile - 200 - 0.007s
2026-05-06 09:31:17 - api.request - INFO - logging_config.py:133 - log_request - GET /api/patient/profile - 200 - 0.006s
2026-05-06 09:31:17 - api.request - INFO - logging_config.py:133 - log_request - GET /api/patient/shop/orders - 200 - 0.005s
2026-05-06 09:31:25 - api.request - INFO - logging_config.py:133 - log_request - GET /api/patient/medications - 200 - 0.011s
2026-05-06 09:31:25 - api.request - INFO - logging_config.py:133 - log_request - GET /api/patient/profile - 200 - 0.019s
2026-05-06 09:31:25 - api.request - INFO - logging_config.py:133 - log_request - GET /api/patient/measurements - 200 - 0.016s
2026-05-06 09:31:48 - api.request - INFO - logging_config.py:133 - log_request - GET /api/patient/profile - 200 - 0.007s
2026-05-06 09:33:47 - api.request - INFO - logging_config.py:133 - log_request - GET /api/patient/medications - 200 - 0.006s
2026-05-06 09:33:47 - api.request - INFO - logging_config.py:133 - log_request - GET /api/patient/measurements - 200 - 0.010s
2026-05-06 09:33:47 - api.request - INFO - logging_config.py:133 - log_request - GET /api/patient/profile - 200 - 0.013s
2026-05-06 09:37:57 - api.request - INFO - logging_config.py:133 - log_request - GET /api/patient/profile - 200 - 0.008s
2026-05-06 09:37:57 - api.request - INFO - logging_config.py:133 - log_request - GET /api/patient/shop/orders - 200 - 0.004s
2026-05-06 09:37:58 - api.request - INFO - logging_config.py:133 - log_request - GET /api/patient/profile - 200 - 0.006s
2026-05-06 09:37:58 - api.request - INFO - logging_config.py:133 - log_request - GET /api/patient/measurements - 200 - 0.004s
2026-05-06 09:37:58 - api.request - INFO - logging_config.py:133 - log_request - GET /api/patient/medications - 200 - 0.003s
2026-05-06 09:39:35 - api.request - INFO - logging_config.py:133 - log_request - GET /api/patient/profile - 200 - 0.009s
2026-05-06 09:39:35 - api.request - INFO - logging_config.py:133 - log_request - GET /api/patient/shop/orders - 200 - 0.007s
2026-05-06 09:52:55 - api.request - INFO - logging_config.py:133 - log_request - GET /health - 200 - 0.001s
2026-05-06 09:53:03 - api.request - WARNING - logging_config.py:131 - log_request - POST /api/patient/login - 404 - 0.004s
2026-05-06 09:53:26 - api.request - WARNING - logging_config.py:131 - log_request - POST /api/patient/login - 404 - 0.004s
2026-05-06 09:53:28 - api.request - INFO - logging_config.py:133 - log_request - GET /api/patient/profile - 200 - 0.007s
2026-05-06 09:53:28 - api.request - INFO - logging_config.py:133 - log_request - GET /api/patient/medications - 200 - 0.004s
2026-05-06 09:53:28 - api.request - INFO - logging_config.py:133 - log_request - GET /api/patient/measurements - 200 - 0.004s
2026-05-06 09:53:28 - api.request - INFO - logging_config.py:133 - log_request - GET /api/patient/profile - 200 - 0.007s
2026-05-06 09:53:28 - api.request - INFO - logging_config.py:133 - log_request - GET /api/patient/measurements - 200 - 0.012s
2026-05-06 09:53:28 - api.request - INFO - logging_config.py:133 - log_request - GET /api/patient/medications - 200 - 0.014s
2026-05-06 09:53:30 - api.request - INFO - logging_config.py:133 - log_request - GET /api/patient/shop/orders - 200 - 0.009s
2026-05-06 09:53:30 - api.request - INFO - logging_config.py:133 - log_request - GET /api/patient/shop/orders - 200 - 0.013s
2026-05-06 09:53:31 - api.request - INFO - logging_config.py:133 - log_request - GET /api/patient/prescriptions - 200 - 0.016s
2026-05-06 09:53:32 - api.request - INFO - logging_config.py:133 - log_request - GET /api/patient/shop/orders - 200 - 0.018s
2026-05-06 09:53:32 - api.request - INFO - logging_config.py:133 - log_request - GET /api/patient/shop/orders - 200 - 0.021s
2026-05-06 09:53:32 - api.request - INFO - logging_config.py:133 - log_request - GET /api/patient/profile - 200 - 0.022s
2026-05-06 09:53:32 - api.request - INFO - logging_config.py:133 - log_request - GET /api/patient/profile - 200 - 0.024s
2026-05-06 09:53:38 - api.request - INFO - logging_config.py:133 - log_request - GET /api/patient/shop/products - 200 - 0.007s
2026-05-06 09:53:38 - api.request - INFO - logging_config.py:133 - log_request - GET /api/patient/shop/cart - 200 - 0.009s
2026-05-06 09:53:59 - api.request - INFO - logging_config.py:133 - log_request - POST /api/patient/login - 200 - 0.007s
2026-05-06 09:54:02 - api.request - INFO - logging_config.py:133 - log_request - GET /api/patient/shop/cart - 200 - 0.005s
2026-05-06 09:54:02 - api.request - INFO - logging_config.py:133 - log_request - GET /api/patient/shop/products - 200 - 0.003s
2026-05-06 09:54:06 - api.request - INFO - logging_config.py:133 - log_request - GET /api/patient/shop/products - 200 - 0.004s
2026-05-06 09:54:07 - api.request - INFO - logging_config.py:133 - log_request - GET /api/patient/shop/cart - 200 - 0.005s
2026-05-06 09:54:29 - api.request - INFO - logging_config.py:133 - log_request - GET /api/patient/shop/products - 200 - 0.004s
2026-05-06 09:54:31 - api.request - INFO - logging_config.py:133 - log_request - GET /api/patient/shop/products - 200 - 0.003s
2026-05-06 09:54:32 - api.request - INFO - logging_config.py:133 - log_request - GET /api/patient/shop/cart - 200 - 0.005s
2026-05-06 09:54:33 - api.request - INFO - logging_config.py:133 - log_request - GET /api/patient/shop/products - 200 - 0.004s
2026-05-06 09:54:35 - api.request - INFO - logging_config.py:133 - log_request - GET /api/patient/shop/products - 200 - 0.006s
2026-05-06 09:54:40 - api.request - INFO - logging_config.py:133 - log_request - GET /api/patient/shop/products - 200 - 0.003s
2026-05-06 09:54:42 - api.request - INFO - logging_config.py:133 - log_request - GET /api/patient/shop/products - 200 - 0.004s
2026-05-06 09:54:43 - api.request - INFO - logging_config.py:133 - log_request - GET /api/patient/shop/products - 200 - 0.003s
2026-05-06 09:54:44 - api.request - INFO - logging_config.py:133 - log_request - GET /api/patient/shop/cart - 200 - 0.004s
2026-05-06 09:54:45 - api.request - INFO - logging_config.py:133 - log_request - GET /api/patient/shop/products - 200 - 0.003s
2026-05-06 09:54:46 - api.request - INFO - logging_config.py:133 - log_request - GET /api/patient/shop/products - 200 - 0.003s
2026-05-06 09:54:46 - api.request - INFO - logging_config.py:133 - log_request - GET /api/patient/shop/cart - 200 - 0.004s
2026-05-06 09:54:48 - api.request - INFO - logging_config.py:133 - log_request - GET /api/patient/shop/products - 200 - 0.003s
2026-05-06 09:54:49 - api.request - INFO - logging_config.py:133 - log_request - GET /api/patient/shop/products - 200 - 0.004s
2026-05-06 09:54:51 - api.request - INFO - logging_config.py:133 - log_request - GET /api/patient/shop/products - 200 - 0.004s
2026-05-06 09:54:53 - api.request - INFO - logging_config.py:133 - log_request - GET /api/patient/profile - 200 - 0.007s
2026-05-06 09:54:53 - api.request - INFO - logging_config.py:133 - log_request - GET /api/patient/medications - 200 - 0.010s
2026-05-06 09:54:53 - api.request - INFO - logging_config.py:133 - log_request - GET /api/patient/medications - 200 - 0.020s
2026-05-06 09:54:53 - api.request - INFO - logging_config.py:133 - log_request - GET /api/patient/measurements - 200 - 0.022s
2026-05-06 09:54:53 - api.request - INFO - logging_config.py:133 - log_request - GET /api/patient/profile - 200 - 0.019s
2026-05-06 09:54:53 - api.request - INFO - logging_config.py:133 - log_request - GET /api/patient/measurements - 200 - 0.023s
2026-05-06 09:55:09 - api.request - INFO - logging_config.py:133 - log_request - GET /api/patient/profile - 200 - 0.006s
2026-05-06 09:55:09 - api.request - INFO - logging_config.py:133 - log_request - GET /api/patient/shop/orders - 200 - 0.010s
2026-05-06 09:55:09 - api.request - INFO - logging_config.py:133 - log_request - GET /api/patient/profile - 200 - 0.016s
2026-05-06 09:55:09 - api.request - INFO - logging_config.py:133 - log_request - GET /api/patient/shop/orders - 200 - 0.016s
2026-05-06 09:55:26 - api.request - INFO - logging_config.py:133 - log_request - GET /api/patient/shop/orders - 200 - 0.005s
2026-05-06 09:55:27 - api.request - INFO - logging_config.py:133 - log_request - GET /api/patient/measurements - 200 - 0.013s
2026-05-06 09:55:27 - api.request - INFO - logging_config.py:133 - log_request - GET /api/patient/medications - 200 - 0.015s
2026-05-06 09:55:27 - api.request - INFO - logging_config.py:133 - log_request - GET /api/patient/profile - 200 - 0.017s
2026-05-06 09:58:08 - api.request - INFO - logging_config.py:133 - log_request - OPTIONS /api/doctor/stats - 200 - 0.001s
2026-05-06 09:58:08 - api.request - INFO - logging_config.py:133 - log_request - OPTIONS /api/doctor/stats - 200 - 0.001s
2026-05-06 09:58:08 - api.request - INFO - logging_config.py:133 - log_request - GET /api/doctor/stats - 200 - 0.009s
2026-05-06 09:58:09 - api.request - INFO - logging_config.py:133 - log_request - GET /api/doctor/stats - 200 - 0.010s
2026-05-06 10:01:07 - api.request - INFO - logging_config.py:133 - log_request - GET /api/patient/shop/orders - 200 - 0.005s
2026-05-06 10:09:59 - api.request - INFO - logging_config.py:133 - log_request - GET /health - 200 - 0.001s
2026-05-06 10:09:59 - api.request - INFO - logging_config.py:133 - log_request - GET /api/patient/medications - 200 - 0.011s
2026-05-06 10:09:59 - api.request - INFO - logging_config.py:133 - log_request - GET /api/patient/measurements - 200 - 0.018s
2026-05-06 10:09:59 - api.request - INFO - logging_config.py:133 - log_request - GET /api/patient/profile - 200 - 0.020s
2026-05-06 10:10:00 - api.request - INFO - logging_config.py:133 - log_request - GET /api/patient/measurements - 200 - 0.010s
2026-05-06 10:10:00 - api.request - INFO - logging_config.py:133 - log_request - GET /api/patient/medications - 200 - 0.016s
2026-05-06 10:10:00 - api.request - INFO - logging_config.py:133 - log_request - GET /api/patient/profile - 200 - 0.014s
2026-05-06 10:10:06 - api.request - INFO - logging_config.py:133 - log_request - GET /api/patient/shop/products - 200 - 0.004s
2026-05-06 10:10:06 - api.request - INFO - logging_config.py:133 - log_request - GET /api/patient/shop/cart - 200 - 0.004s
2026-05-06 10:10:10 - api.request - INFO - logging_config.py:133 - log_request - GET /api/patient/profile - 200 - 0.007s
2026-05-06 10:10:11 - api.request - INFO - logging_config.py:133 - log_request - GET /api/patient/shop/orders - 200 - 0.006s
2026-05-06 10:10:11 - api.request - INFO - logging_config.py:133 - log_request - GET /api/patient/profile - 200 - 0.006s
2026-05-06 10:10:11 - api.request - INFO - logging_config.py:133 - log_request - GET /api/patient/shop/orders - 200 - 0.005s
2026-05-06 10:10:14 - api.request - INFO - logging_config.py:133 - log_request - GET /api/patient/prescriptions - 200 - 0.007s
2026-05-06 10:10:19 - api.request - INFO - logging_config.py:133 - log_request - GET /api/patient/shop/orders - 200 - 0.009s
2026-05-06 10:10:19 - api.request - INFO - logging_config.py:133 - log_request - GET /api/patient/shop/orders - 200 - 0.005s
2026-05-06 10:10:28 - api.request - INFO - logging_config.py:133 - log_request - GET /api/patient/profile - 200 - 0.007s
2026-05-06 10:10:29 - api.request - INFO - logging_config.py:133 - log_request - GET /api/patient/shop/orders - 200 - 0.004s
2026-05-06 10:10:47 - api.request - INFO - logging_config.py:133 - log_request - GET /api/patient/measurements - 200 - 0.004s
2026-05-06 10:10:47 - api.request - INFO - logging_config.py:133 - log_request - GET /health - 200 - 0.001s
2026-05-06 10:10:47 - api.request - INFO - logging_config.py:133 - log_request - GET /api/patient/medications - 200 - 0.010s
2026-05-06 10:10:47 - api.request - INFO - logging_config.py:133 - log_request - GET /api/patient/profile - 200 - 0.017s
2026-05-06 10:10:47 - api.request - INFO - logging_config.py:133 - log_request - GET /api/patient/measurements - 200 - 0.016s
2026-05-06 10:10:47 - api.request - INFO - logging_config.py:133 - log_request - GET /api/patient/medications - 200 - 0.014s
2026-05-06 10:10:47 - api.request - INFO - logging_config.py:133 - log_request - GET /api/patient/profile - 200 - 0.006s
2026-05-06 10:10:47 - api.request - INFO - logging_config.py:133 - log_request - GET /api/patient/prescriptions - 200 - 0.007s
2026-05-06 10:10:48 - api.request - INFO - logging_config.py:133 - log_request - GET /api/patient/shop/orders - 200 - 0.014s
2026-05-06 10:10:48 - api.request - INFO - logging_config.py:133 - log_request - GET /api/patient/shop/orders - 200 - 0.016s
2026-05-06 10:10:48 - api.request - INFO - logging_config.py:133 - log_request - GET /api/patient/profile - 200 - 0.022s
2026-05-06 10:10:48 - api.request - INFO - logging_config.py:133 - log_request - GET /api/patient/profile - 200 - 0.023s
2026-05-06 10:10:49 - api.request - INFO - logging_config.py:133 - log_request - GET /api/patient/profile - 200 - 0.006s
2026-05-06 10:10:51 - api.request - INFO - logging_config.py:133 - log_request - GET /api/patient/profile - 200 - 0.007s
2026-05-06 10:10:53 - api.request - INFO - logging_config.py:133 - log_request - GET /api/patient/profile - 200 - 0.006s
2026-05-06 10:10:54 - api.request - INFO - logging_config.py:133 - log_request - GET /api/patient/profile - 200 - 0.007s
2026-05-06 10:10:57 - api.request - INFO - logging_config.py:133 - log_request - GET /api/patient/doctor/profile - 200 - 0.016s
2026-05-06 10:10:57 - api.request - INFO - logging_config.py:133 - log_request - GET /api/patient/messages - 200 - 0.018s
2026-05-06 10:10:57 - api.request - INFO - logging_config.py:133 - log_request - GET /api/patient/profile - 200 - 0.022s
2026-05-06 10:28:28 - api.request - INFO - logging_config.py:133 - log_request - GET /health - 200 - 0.001s
2026-05-06 10:28:29 - api.request - INFO - logging_config.py:133 - log_request - GET /api/patient/profile - 200 - 0.008s
2026-05-06 10:28:29 - api.request - INFO - logging_config.py:133 - log_request - GET /api/patient/measurements - 200 - 0.004s
2026-05-06 10:28:29 - api.request - INFO - logging_config.py:133 - log_request - GET /api/patient/medications - 200 - 0.004s
2026-05-06 10:28:30 - api.request - INFO - logging_config.py:133 - log_request - GET /api/patient/profile - 200 - 0.006s
2026-05-06 10:28:30 - api.request - INFO - logging_config.py:133 - log_request - GET /api/patient/measurements - 200 - 0.004s
2026-05-06 10:28:30 - api.request - INFO - logging_config.py:133 - log_request - GET /api/patient/medications - 200 - 0.004s
2026-05-06 10:28:54 - api.request - INFO - logging_config.py:133 - log_request - GET /health - 200 - 0.001s
2026-05-06 10:29:09 - api.request - INFO - logging_config.py:133 - log_request - GET /api/patient/medications - 200 - 0.005s
2026-05-06 10:29:09 - api.request - INFO - logging_config.py:133 - log_request - GET /health - 200 - 0.001s
2026-05-06 10:29:09 - api.request - INFO - logging_config.py:133 - log_request - GET /api/patient/profile - 200 - 0.018s
2026-05-06 10:29:09 - api.request - INFO - logging_config.py:133 - log_request - GET /api/patient/measurements - 200 - 0.033s
2026-05-06 10:29:09 - api.request - INFO - logging_config.py:133 - log_request - GET /api/patient/medications - 200 - 0.041s
2026-05-06 10:29:09 - api.request - INFO - logging_config.py:133 - log_request - GET /api/patient/measurements - 200 - 0.049s
2026-05-06 10:29:09 - api.request - INFO - logging_config.py:133 - log_request - GET /api/patient/profile - 200 - 0.040s
2026-05-06 10:29:13 - api.request - INFO - logging_config.py:133 - log_request - GET /api/patient/shop/orders - 200 - 0.014s
2026-05-06 10:29:13 - api.request - INFO - logging_config.py:133 - log_request - GET /api/patient/shop/orders - 200 - 0.018s
2026-05-06 10:29:13 - api.request - INFO - logging_config.py:133 - log_request - GET /api/patient/profile - 200 - 0.023s
2026-05-06 10:29:13 - api.request - INFO - logging_config.py:133 - log_request - GET /api/patient/profile - 200 - 0.025s
2026-05-06 10:29:16 - api.request - INFO - logging_config.py:133 - log_request - GET /api/patient/prescriptions - 200 - 0.007s
2026-05-06 10:29:17 - api.request - INFO - logging_config.py:133 - log_request - GET /api/patient/shop/orders - 200 - 0.007s
2026-05-06 10:29:17 - api.request - INFO - logging_config.py:133 - log_request - GET /api/patient/shop/orders - 200 - 0.010s
2026-05-06 10:29:18 - api.request - INFO - logging_config.py:133 - log_request - GET /api/patient/shop/cart - 200 - 0.005s
2026-05-06 10:29:18 - api.request - INFO - logging_config.py:133 - log_request - GET /api/patient/shop/products - 200 - 0.009s
2026-05-06 10:29:29 - api.request - INFO - logging_config.py:133 - log_request - GET /api/patient/profile - 200 - 0.007s
2026-05-06 10:29:30 - api.request - INFO - logging_config.py:133 - log_request - GET /api/patient/shop/orders - 200 - 0.004s
2026-05-06 10:29:31 - api.request - INFO - logging_config.py:133 - log_request - GET /api/patient/profile - 200 - 0.008s
2026-05-06 10:29:33 - api.request - INFO - logging_config.py:133 - log_request - GET /api/patient/profile - 200 - 0.008s
2026-05-06 10:29:34 - api.request - INFO - logging_config.py:133 - log_request - GET /api/patient/profile - 200 - 0.007s
2026-05-06 10:29:43 - api.request - INFO - logging_config.py:133 - log_request - GET /api/patient/measurements - 200 - 0.011s
2026-05-06 10:29:43 - api.request - INFO - logging_config.py:133 - log_request - GET /api/patient/medications - 200 - 0.014s
2026-05-06 10:29:43 - api.request - INFO - logging_config.py:133 - log_request - GET /api/patient/profile - 200 - 0.018s
2026-05-06 10:30:11 - api.request - INFO - logging_config.py:133 - log_request - GET /api/patient/shop/orders - 200 - 0.010s
2026-05-06 10:30:11 - api.request - INFO - logging_config.py:133 - log_request - GET /api/patient/profile - 200 - 0.011s
2026-05-06 10:30:13 - api.request - INFO - logging_config.py:133 - log_request - GET /api/patient/profile - 200 - 0.007s
2026-05-06 10:30:15 - api.request - INFO - logging_config.py:133 - log_request - GET /api/patient/doctor/profile - 200 - 0.009s
2026-05-06 10:30:15 - api.request - INFO - logging_config.py:133 - log_request - GET /api/patient/profile - 200 - 0.016s
2026-05-06 10:30:15 - api.request - INFO - logging_config.py:133 - log_request - GET /api/patient/messages - 200 - 0.007s
2026-05-06 10:30:18 - api.request - INFO - logging_config.py:133 - log_request - GET /api/patient/messages - 200 - 0.005s
2026-05-06 10:30:20 - api.request - INFO - logging_config.py:133 - log_request - POST /api/patient/messages - 200 - 0.014s
2026-05-06 10:30:20 - api.request - INFO - logging_config.py:133 - log_request - GET /api/patient/messages - 200 - 0.006s
2026-05-06 10:30:21 - api.request - INFO - logging_config.py:133 - log_request - GET /api/patient/messages - 200 - 0.005s
2026-05-06 10:30:25 - api.request - INFO - logging_config.py:133 - log_request - GET /api/patient/doctor/profile - 200 - 0.017s
2026-05-06 10:30:25 - api.request - INFO - logging_config.py:133 - log_request - GET /api/patient/messages - 200 - 0.016s
2026-05-06 10:30:25 - api.request - INFO - logging_config.py:133 - log_request - GET /api/patient/profile - 200 - 0.020s
2026-05-06 10:30:28 - api.request - INFO - logging_config.py:133 - log_request - GET /api/patient/messages - 200 - 0.007s
2026-05-06 10:30:31 - api.request - INFO - logging_config.py:133 - log_request - GET /api/patient/messages - 200 - 0.006s
2026-05-06 10:30:34 - api.request - INFO - logging_config.py:133 - log_request - GET /api/patient/messages - 200 - 0.006s
2026-05-06 10:30:37 - api.request - INFO - logging_config.py:133 - log_request - GET /api/patient/messages - 200 - 0.006s
2026-05-06 10:30:40 - api.request - INFO - logging_config.py:133 - log_request - GET /api/patient/messages - 200 - 0.005s
2026-05-06 10:30:43 - api.request - INFO - logging_config.py:133 - log_request - GET /api/patient/messages - 200 - 0.007s
2026-05-06 10:30:46 - api.request - INFO - logging_config.py:133 - log_request - GET /api/patient/messages - 200 - 0.008s
2026-05-06 10:30:49 - api.request - INFO - logging_config.py:133 - log_request - GET /api/patient/messages - 200 - 0.006s
2026-05-06 10:30:52 - api.request - INFO - logging_config.py:133 - log_request - GET /api/patient/messages - 200 - 0.005s
2026-05-06 10:30:55 - api.request - INFO - logging_config.py:133 - log_request - GET /api/patient/messages - 200 - 0.005s
2026-05-06 10:30:58 - api.request - INFO - logging_config.py:133 - log_request - GET /api/patient/messages - 200 - 0.005s
2026-05-06 10:31:01 - api.request - INFO - logging_config.py:133 - log_request - GET /api/patient/messages - 200 - 0.005s
2026-05-06 10:31:04 - api.request - INFO - logging_config.py:133 - log_request - GET /api/patient/messages - 200 - 0.006s
2026-05-06 10:31:07 - api.request - INFO - logging_config.py:133 - log_request - GET /api/patient/messages - 200 - 0.005s
2026-05-06 10:31:10 - api.request - INFO - logging_config.py:133 - log_request - GET /api/patient/messages - 200 - 0.005s
2026-05-06 10:31:13 - api.request - INFO - logging_config.py:133 - log_request - GET /api/patient/messages - 200 - 0.005s
2026-05-06 10:31:16 - api.request - INFO - logging_config.py:133 - log_request - GET /api/patient/messages - 200 - 0.005s
2026-05-06 10:31:19 - api.request - INFO - logging_config.py:133 - log_request - GET /api/patient/messages - 200 - 0.005s
2026-05-06 10:31:22 - api.request - INFO - logging_config.py:133 - log_request - GET /api/patient/messages - 200 - 0.006s
2026-05-06 10:31:25 - api.request - INFO - logging_config.py:133 - log_request - GET /api/patient/messages - 200 - 0.005s
2026-05-06 10:31:28 - api.request - INFO - logging_config.py:133 - log_request - GET /api/patient/messages - 200 - 0.006s
2026-05-06 10:31:31 - api.request - INFO - logging_config.py:133 - log_request - GET /api/patient/messages - 200 - 0.005s
2026-05-06 10:31:34 - api.request - INFO - logging_config.py:133 - log_request - GET /api/patient/profile - 200 - 0.006s
2026-05-06 10:31:35 - api.request - INFO - logging_config.py:133 - log_request - GET /api/patient/shop/orders - 200 - 0.004s
2026-05-06 10:31:37 - api.request - INFO - logging_config.py:133 - log_request - GET /api/patient/medications - 200 - 0.009s
2026-05-06 10:31:37 - api.request - INFO - logging_config.py:133 - log_request - GET /api/patient/measurements - 200 - 0.015s
2026-05-06 10:31:37 - api.request - INFO - logging_config.py:133 - log_request - GET /api/patient/profile - 200 - 0.015s
2026-05-06 10:32:01 - api.request - INFO - logging_config.py:133 - log_request - GET /api/patient/shop/orders - 200 - 0.004s
2026-05-06 10:32:25 - api.request - INFO - logging_config.py:133 - log_request - GET /api/patient/medications - 200 - 0.012s
2026-05-06 10:32:25 - api.request - INFO - logging_config.py:133 - log_request - GET /api/patient/profile - 200 - 0.016s
2026-05-06 10:32:25 - api.request - INFO - logging_config.py:133 - log_request - GET /api/patient/measurements - 200 - 0.015s
2026-05-06 10:34:18 - api.request - INFO - logging_config.py:133 - log_request - GET /api/patient/measurements - 200 - 0.011s
2026-05-06 10:34:18 - api.request - INFO - logging_config.py:133 - log_request - GET /api/patient/medications - 200 - 0.019s
2026-05-06 10:34:18 - api.request - INFO - logging_config.py:133 - log_request - GET /api/patient/profile - 200 - 0.020s
2026-05-06 10:38:55 - api.request - INFO - logging_config.py:133 - log_request - GET /api/patient/profile - 200 - 0.008s
2026-05-06 10:38:55 - api.request - INFO - logging_config.py:133 - log_request - GET /api/patient/medications - 200 - 0.003s
2026-05-06 10:38:55 - api.request - INFO - logging_config.py:133 - log_request - GET /api/patient/measurements - 200 - 0.004s
2026-05-06 11:12:46 - api.request - WARNING - logging_config.py:131 - log_request - GET /theme/default/assets/umi.js - 404 - 0.001s
2026-05-06 11:12:48 - api.request - WARNING - logging_config.py:131 - log_request - GET /theme/default/assets/umi.js - 404 - 0.001s
2026-05-06 11:12:48 - api.request - WARNING - logging_config.py:131 - log_request - GET /user/umi.min.js - 404 - 0.001s
2026-05-06 11:12:49 - api.request - WARNING - logging_config.py:131 - log_request - GET /user/umi.min.js - 404 - 0.002s
2026-05-06 11:29:11 - api.request - INFO - logging_config.py:133 - log_request - GET /health - 200 - 0.003s
2026-05-06 11:29:11 - api.request - INFO - logging_config.py:133 - log_request - GET /api/patient/measurements - 200 - 0.019s
2026-05-06 11:29:11 - api.request - INFO - logging_config.py:133 - log_request - GET /api/patient/measurements - 200 - 0.020s
2026-05-06 11:29:11 - api.request - INFO - logging_config.py:133 - log_request - GET /api/patient/medications - 200 - 0.025s
2026-05-06 11:29:11 - api.request - INFO - logging_config.py:133 - log_request - GET /api/patient/profile - 200 - 0.032s
2026-05-06 11:29:11 - api.request - INFO - logging_config.py:133 - log_request - GET /api/patient/medications - 200 - 0.010s
2026-05-06 11:29:11 - api.request - INFO - logging_config.py:133 - log_request - GET /api/patient/profile - 200 - 0.024s
2026-05-06 11:29:14 - api.request - INFO - logging_config.py:133 - log_request - GET /api/patient/profile - 200 - 0.020s
2026-05-06 11:29:15 - api.request - INFO - logging_config.py:133 - log_request - GET /api/patient/shop/orders - 200 - 0.010s
2026-05-06 11:29:15 - api.request - INFO - logging_config.py:133 - log_request - GET /api/patient/shop/orders - 200 - 0.022s
2026-05-06 11:29:15 - api.request - INFO - logging_config.py:133 - log_request - GET /api/patient/profile - 200 - 0.019s
2026-05-06 11:29:42 - api.request - INFO - logging_config.py:133 - log_request - POST /api/patient/login - 200 - 0.008s
2026-05-06 11:29:44 - api.request - INFO - logging_config.py:133 - log_request - GET /api/patient/shop/products - 200 - 0.005s
2026-05-06 11:29:44 - api.request - INFO - logging_config.py:133 - log_request - GET /api/patient/shop/cart - 200 - 0.008s
2026-05-06 11:29:48 - api.request - INFO - logging_config.py:133 - log_request - GET /api/patient/profile - 200 - 0.019s
2026-05-06 11:29:48 - api.request - INFO - logging_config.py:133 - log_request - GET /api/patient/measurements - 200 - 0.021s
2026-05-06 11:29:48 - api.request - INFO - logging_config.py:133 - log_request - GET /api/patient/medications - 200 - 0.021s
2026-05-06 11:29:48 - api.request - INFO - logging_config.py:133 - log_request - GET /api/patient/profile - 200 - 0.025s
2026-05-06 11:29:48 - api.request - INFO - logging_config.py:133 - log_request - GET /api/patient/measurements - 200 - 0.023s
2026-05-06 11:29:48 - api.request - INFO - logging_config.py:133 - log_request - GET /api/patient/medications - 200 - 0.026s
2026-05-06 11:30:21 - api.request - INFO - logging_config.py:133 - log_request - GET /api/patient/measurements - 200 - 0.007s
2026-05-06 11:30:21 - api.request - INFO - logging_config.py:133 - log_request - GET /api/patient/medications - 200 - 0.009s
2026-05-06 11:30:21 - api.request - INFO - logging_config.py:133 - log_request - GET /api/patient/profile - 200 - 0.006s
2026-05-06 11:30:41 - api.request - INFO - logging_config.py:133 - log_request - GET /api/patient/shop/cart - 200 - 0.005s
2026-05-06 11:30:42 - api.request - INFO - logging_config.py:133 - log_request - GET /api/patient/shop/orders - 200 - 0.005s
2026-05-06 11:30:42 - api.request - INFO - logging_config.py:133 - log_request - GET /api/patient/shop/orders - 200 - 0.005s
2026-05-06 11:30:44 - api.request - INFO - logging_config.py:133 - log_request - GET /api/patient/shop/products - 200 - 0.004s
2026-05-06 11:30:45 - api.request - INFO - logging_config.py:133 - log_request - GET /api/patient/shop/products - 200 - 0.003s
2026-05-06 11:30:45 - api.request - INFO - logging_config.py:133 - log_request - GET /api/patient/shop/products - 200 - 0.005s
2026-05-06 11:30:47 - api.request - INFO - logging_config.py:133 - log_request - GET /api/patient/shop/products - 200 - 0.003s
2026-05-06 11:30:49 - api.request - INFO - logging_config.py:133 - log_request - GET /api/patient/shop/products - 200 - 0.004s
2026-05-06 11:30:53 - api.request - INFO - logging_config.py:133 - log_request - GET /api/patient/shop/cart - 200 - 0.004s
2026-05-06 11:31:00 - api.request - INFO - logging_config.py:133 - log_request - GET /api/patient/shop/orders - 200 - 0.006s
2026-05-06 11:31:01 - api.request - INFO - logging_config.py:133 - log_request - GET /api/patient/shop/orders - 200 - 0.004s
2026-05-06 11:31:02 - api.request - INFO - logging_config.py:133 - log_request - GET /api/patient/shop/orders - 200 - 0.004s
2026-05-06 11:31:03 - api.request - INFO - logging_config.py:133 - log_request - GET /api/patient/shop/orders - 200 - 0.004s
2026-05-06 11:31:24 - api.request - INFO - logging_config.py:133 - log_request - GET /api/patient/shop/orders - 200 - 0.005s
2026-05-06 11:31:29 - api.request - INFO - logging_config.py:133 - log_request - GET /api/patient/shop/orders - 200 - 0.004s
2026-05-06 11:31:34 - api.request - INFO - logging_config.py:133 - log_request - GET /api/patient/prescriptions - 200 - 0.009s
2026-05-06 11:31:41 - api.request - INFO - logging_config.py:133 - log_request - GET /api/patient/shop/orders - 200 - 0.004s
2026-05-06 11:31:42 - api.request - INFO - logging_config.py:133 - log_request - GET /api/patient/prescriptions - 200 - 0.007s
2026-05-06 11:31:44 - api.request - INFO - logging_config.py:133 - log_request - GET /api/patient/prescriptions - 200 - 0.006s
2026-05-06 11:31:58 - api.request - INFO - logging_config.py:133 - log_request - GET /api/patient/shop/cart - 200 - 0.004s
2026-05-06 11:32:01 - api.request - INFO - logging_config.py:133 - log_request - GET /api/patient/shop/orders - 200 - 0.005s
2026-05-06 11:32:05 - api.request - INFO - logging_config.py:133 - log_request - GET /api/patient/profile - 200 - 0.023s
2026-05-06 11:32:05 - api.request - INFO - logging_config.py:133 - log_request - GET /api/patient/shop/orders - 200 - 0.020s
2026-05-06 11:32:05 - api.request - INFO - logging_config.py:133 - log_request - GET /api/patient/shop/orders - 200 - 0.026s
2026-05-06 11:32:05 - api.request - INFO - logging_config.py:133 - log_request - GET /api/patient/profile - 200 - 0.023s
2026-05-06 11:32:25 - api.request - INFO - logging_config.py:133 - log_request - GET /api/patient/shop/orders - 200 - 0.006s
2026-05-06 11:32:27 - api.request - INFO - logging_config.py:133 - log_request - GET /api/patient/shop/orders - 200 - 0.004s
2026-05-06 11:32:36 - api.request - INFO - logging_config.py:133 - log_request - GET /api/patient/profile - 200 - 0.006s
2026-05-06 11:32:37 - api.request - INFO - logging_config.py:133 - log_request - GET /api/patient/prescriptions - 200 - 0.007s
2026-05-06 11:32:40 - api.request - INFO - logging_config.py:133 - log_request - OPTIONS /api/doctor/stats - 200 - 0.001s
2026-05-06 11:32:40 - api.request - INFO - logging_config.py:133 - log_request - OPTIONS /api/doctor/stats - 200 - 0.001s
2026-05-06 11:32:40 - api.request - INFO - logging_config.py:133 - log_request - GET /api/doctor/stats - 200 - 0.008s
2026-05-06 11:32:41 - api.request - INFO - logging_config.py:133 - log_request - GET /api/doctor/stats - 200 - 0.007s
2026-05-06 11:32:42 - api.request - INFO - logging_config.py:133 - log_request - GET /api/patient/shop/orders - 200 - 0.004s
2026-05-06 11:33:26 - api.request - INFO - logging_config.py:133 - log_request - GET /api/patient/shop/orders - 200 - 0.005s
2026-05-06 11:33:26 - api.request - INFO - logging_config.py:133 - log_request - GET /api/patient/profile - 200 - 0.007s
2026-05-06 11:33:44 - api.request - INFO - logging_config.py:133 - log_request - GET /api/patient/shop/orders - 200 - 0.005s
2026-05-06 11:33:58 - api.request - INFO - logging_config.py:133 - log_request - GET /api/patient/profile - 200 - 0.006s
2026-05-06 11:34:03 - api.request - INFO - logging_config.py:133 - log_request - GET /api/patient/shop/orders - 200 - 0.004s
2026-05-06 11:37:21 - api.request - INFO - logging_config.py:133 - log_request - GET /api/patient/shop/orders - 200 - 0.005s
2026-05-06 11:37:21 - api.request - INFO - logging_config.py:133 - log_request - GET /api/patient/profile - 200 - 0.007s
2026-05-06 11:37:23 - api.request - INFO - logging_config.py:133 - log_request - GET /api/patient/medications - 200 - 0.004s
2026-05-06 11:37:23 - api.request - INFO - logging_config.py:133 - log_request - GET /api/patient/measurements - 200 - 0.004s
2026-05-06 11:37:23 - api.request - INFO - logging_config.py:133 - log_request - GET /api/patient/profile - 200 - 0.007s
2026-05-06 11:38:08 - api.request - INFO - logging_config.py:133 - log_request - GET /api/patient/medications - 200 - 0.010s
2026-05-06 11:38:08 - api.request - INFO - logging_config.py:133 - log_request - GET /api/patient/measurements - 200 - 0.016s
2026-05-06 11:38:08 - api.request - INFO - logging_config.py:133 - log_request - GET /api/patient/profile - 200 - 0.016s
2026-05-06 11:38:45 - api.request - INFO - logging_config.py:133 - log_request - GET /api/patient/measurements - 200 - 0.009s
2026-05-06 11:38:45 - api.request - INFO - logging_config.py:133 - log_request - GET /api/patient/medications - 200 - 0.012s
2026-05-06 11:38:45 - api.request - INFO - logging_config.py:133 - log_request - GET /api/patient/profile - 200 - 0.016s
2026-05-06 11:39:23 - api.request - INFO - logging_config.py:133 - log_request - GET /api/patient/measurements - 200 - 0.008s
2026-05-06 11:39:23 - api.request - INFO - logging_config.py:133 - log_request - GET /api/patient/medications - 200 - 0.010s
2026-05-06 11:39:23 - api.request - INFO - logging_config.py:133 - log_request - GET /api/patient/profile - 200 - 0.016s
2026-05-06 11:39:33 - api.request - INFO - logging_config.py:133 - log_request - GET /api/patient/shop/cart - 200 - 0.004s
2026-05-06 11:39:35 - api.request - INFO - logging_config.py:133 - log_request - GET /api/patient/shop/products - 200 - 0.004s
2026-05-06 11:39:36 - api.request - INFO - logging_config.py:133 - log_request - GET /api/patient/shop/products - 200 - 0.004s
2026-05-06 11:39:38 - api.request - INFO - logging_config.py:133 - log_request - GET /api/patient/shop/orders - 200 - 0.004s
2026-05-06 11:39:40 - api.request - INFO - logging_config.py:133 - log_request - GET /api/patient/shop/orders - 200 - 0.005s
2026-05-06 11:39:40 - api.request - INFO - logging_config.py:133 - log_request - GET /api/patient/shop/orders - 200 - 0.005s
2026-05-06 11:39:41 - api.request - INFO - logging_config.py:133 - log_request - GET /api/patient/shop/orders - 200 - 0.005s
2026-05-06 11:39:43 - api.request - INFO - logging_config.py:133 - log_request - GET /api/patient/shop/orders - 200 - 0.004s
2026-05-06 11:39:54 - api.request - INFO - logging_config.py:133 - log_request - GET /api/patient/shop/cart - 200 - 0.004s
2026-05-06 11:39:54 - api.request - INFO - logging_config.py:133 - log_request - GET /api/patient/prescriptions - 200 - 0.007s
2026-05-06 11:39:58 - api.request - INFO - logging_config.py:133 - log_request - GET /api/patient/shop/orders - 200 - 0.004s
2026-05-06 11:40:01 - api.request - INFO - logging_config.py:133 - log_request - GET /api/patient/shop/orders - 200 - 0.009s
2026-05-06 11:40:01 - api.request - INFO - logging_config.py:133 - log_request - GET /api/patient/profile - 200 - 0.014s
2026-05-06 11:40:13 - api.request - INFO - logging_config.py:133 - log_request - GET /api/patient/measurements - 200 - 0.010s
2026-05-06 11:40:13 - api.request - INFO - logging_config.py:133 - log_request - GET /api/patient/profile - 200 - 0.015s
2026-05-06 11:40:13 - api.request - INFO - logging_config.py:133 - log_request - GET /api/patient/medications - 200 - 0.014s
2026-05-06 11:40:56 - api.request - INFO - logging_config.py:133 - log_request - GET /api/patient/measurements - 200 - 0.004s
2026-05-06 11:40:56 - api.request - INFO - logging_config.py:133 - log_request - GET /api/patient/profile - 200 - 0.006s
2026-05-06 11:40:56 - api.request - INFO - logging_config.py:133 - log_request - GET /api/patient/medications - 200 - 0.003s
2026-05-06 11:43:38 - api.request - INFO - logging_config.py:133 - log_request - GET /api/patient/measurements - 200 - 0.007s
2026-05-06 11:43:38 - api.request - INFO - logging_config.py:133 - log_request - GET /api/patient/medications - 200 - 0.006s
2026-05-06 11:43:38 - api.request - INFO - logging_config.py:133 - log_request - GET /api/patient/profile - 200 - 0.009s
2026-05-06 11:44:58 - api.request - INFO - logging_config.py:133 - log_request - GET /api/patient/profile - 200 - 0.008s
2026-05-06 11:44:58 - api.request - INFO - logging_config.py:133 - log_request - GET /api/patient/measurements - 200 - 0.005s
2026-05-06 11:44:58 - api.request - INFO - logging_config.py:133 - log_request - GET /api/patient/medications - 200 - 0.004s
2026-05-06 11:45:36 - api.request - INFO - logging_config.py:133 - log_request - GET /api/patient/measurements - 200 - 0.021s
2026-05-06 11:45:36 - api.request - INFO - logging_config.py:133 - log_request - GET /api/patient/medications - 200 - 0.023s
2026-05-06 11:45:36 - api.request - INFO - logging_config.py:133 - log_request - GET /api/patient/profile - 200 - 0.025s
2026-05-06 11:45:37 - api.request - INFO - logging_config.py:133 - log_request - GET /api/patient/shop/orders - 200 - 0.004s
2026-05-06 11:45:37 - api.request - INFO - logging_config.py:133 - log_request - GET /api/patient/profile - 200 - 0.007s
2026-05-06 11:48:26 - api.request - INFO - logging_config.py:133 - log_request - GET /api/patient/profile - 200 - 0.007s
2026-05-06 11:48:26 - api.request - INFO - logging_config.py:133 - log_request - GET /api/patient/shop/orders - 200 - 0.004s
2026-05-06 11:48:33 - api.request - INFO - logging_config.py:133 - log_request - GET /api/patient/shop/cart - 200 - 0.004s
2026-05-06 11:48:34 - api.request - INFO - logging_config.py:133 - log_request - GET /api/patient/shop/products - 200 - 0.004s
2026-05-06 11:48:36 - api.request - INFO - logging_config.py:133 - log_request - GET /api/patient/shop/products - 200 - 0.004s
2026-05-06 11:48:37 - api.request - INFO - logging_config.py:133 - log_request - GET /api/patient/shop/products - 200 - 0.004s
2026-05-06 11:48:38 - api.request - INFO - logging_config.py:133 - log_request - GET /api/patient/shop/products - 200 - 0.004s
2026-05-06 11:48:40 - api.request - INFO - logging_config.py:133 - log_request - GET /api/patient/shop/products - 200 - 0.003s
2026-05-06 11:48:40 - api.request - INFO - logging_config.py:133 - log_request - GET /api/patient/shop/products - 200 - 0.004s
2026-05-06 11:48:42 - api.request - INFO - logging_config.py:133 - log_request - GET /api/patient/shop/products - 200 - 0.006s
2026-05-06 11:48:45 - api.request - INFO - logging_config.py:133 - log_request - GET /api/patient/shop/cart - 200 - 0.004s
2026-05-06 11:49:16 - api.request - INFO - logging_config.py:133 - log_request - GET /api/patient/shop/cart - 200 - 0.004s
2026-05-06 11:49:18 - api.request - INFO - logging_config.py:133 - log_request - GET /api/patient/shop/orders - 200 - 0.005s
2026-05-06 11:49:19 - api.request - INFO - logging_config.py:133 - log_request - GET /api/patient/shop/orders - 200 - 0.004s
2026-05-06 11:49:19 - api.request - INFO - logging_config.py:133 - log_request - GET /api/patient/shop/orders - 200 - 0.004s
2026-05-06 11:49:20 - api.request - INFO - logging_config.py:133 - log_request - GET /api/patient/shop/orders - 200 - 0.004s
2026-05-06 11:49:20 - api.request - INFO - logging_config.py:133 - log_request - GET /api/patient/shop/orders - 200 - 0.004s
2026-05-06 11:50:49 - api.request - INFO - logging_config.py:133 - log_request - GET /api/patient/shop/orders - 200 - 0.005s
2026-05-06 11:50:53 - api.request - INFO - logging_config.py:133 - log_request - GET /api/patient/shop/orders - 200 - 0.005s
2026-05-06 11:50:54 - api.request - INFO - logging_config.py:133 - log_request - GET /api/patient/shop/orders - 200 - 0.005s
2026-05-06 11:51:09 - api.request - INFO - logging_config.py:133 - log_request - GET /api/patient/prescriptions - 200 - 0.008s
2026-05-06 11:53:08 - api.request - INFO - logging_config.py:133 - log_request - GET /api/patient/prescriptions - 200 - 0.007s
2026-05-06 11:54:23 - api.request - INFO - logging_config.py:133 - log_request - GET /api/patient/prescriptions - 200 - 0.009s
2026-05-06 11:54:26 - api.request - INFO - logging_config.py:133 - log_request - GET /api/patient/shop/cart - 200 - 0.004s
2026-05-06 11:54:41 - api.request - INFO - logging_config.py:133 - log_request - GET /api/patient/shop/orders - 200 - 0.004s
2026-05-06 11:54:42 - api.request - INFO - logging_config.py:133 - log_request - GET /api/patient/shop/cart - 200 - 0.005s
2026-05-06 11:56:12 - api.request - INFO - logging_config.py:133 - log_request - GET /api/patient/shop/cart - 200 - 0.004s
2026-05-06 11:56:13 - api.request - INFO - logging_config.py:133 - log_request - GET /api/patient/prescriptions - 200 - 0.008s
2026-05-06 11:56:16 - api.request - INFO - logging_config.py:133 - log_request - GET /api/patient/shop/orders - 200 - 0.007s
2026-05-06 11:56:16 - api.request - INFO - logging_config.py:133 - log_request - GET /api/patient/profile - 200 - 0.009s
2026-05-06 11:56:50 - api.request - INFO - logging_config.py:133 - log_request - GET /api/patient/shop/orders - 200 - 0.005s
2026-05-06 11:56:52 - api.request - INFO - logging_config.py:133 - log_request - GET /api/patient/shop/orders - 200 - 0.004s
2026-05-06 11:56:52 - api.request - INFO - logging_config.py:133 - log_request - GET /api/patient/profile - 200 - 0.006s
2026-05-06 11:56:53 - api.request - INFO - logging_config.py:133 - log_request - GET /api/patient/prescriptions - 200 - 0.006s
2026-05-06 11:57:07 - api.request - INFO - logging_config.py:133 - log_request - GET /api/patient/measurements - 200 - 0.012s
2026-05-06 11:57:07 - api.request - INFO - logging_config.py:133 - log_request - GET /api/patient/profile - 200 - 0.015s
2026-05-06 11:57:07 - api.request - INFO - logging_config.py:133 - log_request - GET /api/patient/medications - 200 - 0.015s
2026-05-06 11:57:11 - api.request - INFO - logging_config.py:133 - log_request - GET /api/patient/shop/orders - 200 - 0.004s
2026-05-06 11:57:35 - api.request - INFO - logging_config.py:133 - log_request - GET /api/patient/shop/orders - 200 - 0.007s
2026-05-06 11:57:35 - api.request - INFO - logging_config.py:133 - log_request - GET /api/patient/profile - 200 - 0.010s
2026-05-06 12:05:00 - api.request - INFO - logging_config.py:133 - log_request - GET /api/patient/shop/orders - 200 - 0.010s
2026-05-06 12:05:00 - api.request - INFO - logging_config.py:133 - log_request - GET /api/patient/profile - 200 - 0.013s
2026-05-06 12:32:51 - api.request - INFO - logging_config.py:133 - log_request - GET /health - 200 - 0.002s
2026-05-06 12:32:51 - api.request - INFO - logging_config.py:133 - log_request - GET /api/patient/medications - 200 - 0.016s
2026-05-06 12:32:51 - api.request - INFO - logging_config.py:133 - log_request - GET /api/patient/medications - 200 - 0.021s
2026-05-06 12:32:51 - api.request - INFO - logging_config.py:133 - log_request - GET /api/patient/measurements - 200 - 0.023s
2026-05-06 12:32:51 - api.request - INFO - logging_config.py:133 - log_request - GET /api/patient/profile - 200 - 0.025s
2026-05-06 12:32:51 - api.request - INFO - logging_config.py:133 - log_request - GET /api/patient/profile - 200 - 0.012s
2026-05-06 12:32:51 - api.request - INFO - logging_config.py:133 - log_request - GET /api/patient/measurements - 200 - 0.007s
2026-05-06 12:32:52 - api.request - INFO - logging_config.py:133 - log_request - GET /api/patient/shop/products - 200 - 0.015s
2026-05-06 12:32:52 - api.request - INFO - logging_config.py:133 - log_request - GET /api/patient/shop/cart - 200 - 0.021s
2026-05-06 12:32:53 - api.request - INFO - logging_config.py:133 - log_request - GET /api/patient/shop/orders - 200 - 0.006s
2026-05-06 12:32:53 - api.request - INFO - logging_config.py:133 - log_request - GET /api/patient/shop/orders - 200 - 0.008s
2026-05-06 12:32:53 - api.request - INFO - logging_config.py:133 - log_request - GET /api/patient/prescriptions - 200 - 0.007s
2026-05-06 12:32:54 - api.request - INFO - logging_config.py:133 - log_request - GET /api/patient/shop/orders - 200 - 0.015s
2026-05-06 12:32:54 - api.request - INFO - logging_config.py:133 - log_request - GET /api/patient/shop/orders - 200 - 0.017s
2026-05-06 12:32:54 - api.request - INFO - logging_config.py:133 - log_request - GET /api/patient/profile - 200 - 0.021s
2026-05-06 12:32:54 - api.request - INFO - logging_config.py:133 - log_request - GET /api/patient/profile - 200 - 0.024s
2026-05-06 12:33:04 - api.request - INFO - logging_config.py:133 - log_request - GET /api/patient/profile - 200 - 0.007s
2026-05-06 12:33:09 - api.request - INFO - logging_config.py:133 - log_request - GET /api/patient/shop/orders - 200 - 0.004s
2026-05-06 12:33:13 - api.request - INFO - logging_config.py:133 - log_request - GET /api/patient/shop/orders - 200 - 0.004s
2026-05-06 12:33:15 - api.request - INFO - logging_config.py:133 - log_request - GET /api/patient/shop/cart - 200 - 0.004s
2026-05-06 12:36:26 - api.request - INFO - logging_config.py:133 - log_request - OPTIONS /api/doctor/stats - 200 - 0.001s
2026-05-06 12:36:26 - api.request - INFO - logging_config.py:133 - log_request - OPTIONS /api/doctor/stats - 200 - 0.004s
2026-05-06 12:36:26 - api.request - INFO - logging_config.py:133 - log_request - GET /api/doctor/stats - 200 - 0.010s
2026-05-06 12:36:26 - api.request - INFO - logging_config.py:133 - log_request - GET /api/doctor/stats - 200 - 0.007s
2026-05-06 12:38:35 - root - INFO - logging_config.py:231 - init_logging - 日志系统初始化完成
2026-05-06 12:38:35 - root - INFO - logging_config.py:232 - init_logging - 日志级别: INFO
2026-05-06 12:38:35 - root - INFO - logging_config.py:233 - init_logging - 日志文件: logs/app.log
2026-05-06 12:39:35 - root - INFO - logging_config.py:231 - init_logging - 日志系统初始化完成
2026-05-06 12:39:35 - root - INFO - logging_config.py:232 - init_logging - 日志级别: INFO
2026-05-06 12:39:35 - root - INFO - logging_config.py:233 - init_logging - 日志文件: logs/app.log
2026-05-06 13:06:23 - api.request - INFO - logging_config.py:133 - log_request - OPTIONS /api/doctor/stats - 200 - 0.000s
2026-05-06 13:06:23 - api.request - INFO - logging_config.py:133 - log_request - GET /api/doctor/stats - 200 - 0.007s
2026-05-06 13:06:33 - root - INFO - logging_config.py:231 - init_logging - 日志系统初始化完成
2026-05-06 13:06:33 - root - INFO - logging_config.py:232 - init_logging - 日志级别: INFO
2026-05-06 13:06:33 - root - INFO - logging_config.py:233 - init_logging - 日志文件: logs/app.log
2026-05-06 13:08:53 - api.request - INFO - logging_config.py:133 - log_request - GET /api/patient/measurements - 200 - 0.301s
2026-05-06 13:08:54 - api.request - INFO - logging_config.py:133 - log_request - GET /api/patient/profile - 200 - 0.442s
2026-05-06 13:08:54 - api.request - INFO - logging_config.py:133 - log_request - GET /api/patient/medications - 200 - 0.420s
2026-05-06 13:08:54 - api.request - INFO - logging_config.py:133 - log_request - GET /api/patient/measurements - 200 - 0.005s
2026-05-06 13:08:54 - api.request - INFO - logging_config.py:133 - log_request - GET /api/patient/profile - 200 - 0.013s
2026-05-06 13:08:54 - api.request - INFO - logging_config.py:133 - log_request - GET /api/patient/medications - 200 - 0.010s
2026-05-06 13:15:59 - api.request - INFO - logging_config.py:133 - log_request - GET /api/doctor/stats - 200 - 0.051s
2026-05-06 13:18:50 - root - INFO - logging_config.py:231 - init_logging - 日志系统初始化完成
2026-05-06 13:18:50 - root - INFO - logging_config.py:232 - init_logging - 日志级别: INFO
2026-05-06 13:18:50 - root - INFO - logging_config.py:233 - init_logging - 日志文件: logs/app.log
2026-05-06 13:19:23 - root - INFO - logging_config.py:231 - init_logging - 日志系统初始化完成
2026-05-06 13:19:23 - root - INFO - logging_config.py:232 - init_logging - 日志级别: INFO
2026-05-06 13:19:23 - root - INFO - logging_config.py:233 - init_logging - 日志文件: logs/app.log
2026-05-06 13:20:41 - root - INFO - logging_config.py:231 - init_logging - 日志系统初始化完成
2026-05-06 13:20:41 - root - INFO - logging_config.py:232 - init_logging - 日志级别: INFO
2026-05-06 13:20:41 - root - INFO - logging_config.py:233 - init_logging - 日志文件: logs/app.log
2026-05-06 13:22:23 - system - INFO - logging_config.py:221 - log_system_event - 系统事件: 应用关闭
2026-05-06 13:22:23 - root - INFO - main.py:34 - lifespan - 应用关闭完成
2026-05-06 13:22:32 - root - INFO - logging_config.py:231 - init_logging - 日志系统初始化完成
2026-05-06 13:22:32 - root - INFO - logging_config.py:232 - init_logging - 日志级别: INFO
2026-05-06 13:22:32 - root - INFO - logging_config.py:233 - init_logging - 日志文件: logs/app.log
2026-05-06 13:22:32 - system - INFO - logging_config.py:221 - log_system_event - 系统事件: 应用启动 - 详情: {'app_name': '慢性病管理小程序后端API', 'version': '1.0.0', 'debug': False, 'host': '0.0.0.0', 'port': 8000}
2026-05-06 13:22:32 - root - INFO - main.py:28 - lifespan - 应用启动完成 - 慢性病管理小程序后端API v1.0.0
2026-05-06 13:22:51 - api.request - INFO - logging_config.py:133 - log_request - GET /health - 200 - 0.002s
2026-05-06 13:22:51 - api.request - INFO - logging_config.py:133 - log_request - GET /api/patient/measurements - 200 - 0.102s
2026-05-06 13:22:51 - api.request - INFO - logging_config.py:133 - log_request - GET /api/patient/medications - 200 - 0.107s
2026-05-06 13:22:51 - api.request - INFO - logging_config.py:133 - log_request - GET /api/patient/doctors - 200 - 0.116s
2026-05-06 13:22:51 - api.request - INFO - logging_config.py:133 - log_request - GET /api/patient/profile - 200 - 0.115s
2026-05-06 13:22:51 - api.request - INFO - logging_config.py:133 - log_request - GET /api/patient/measurements - 200 - 0.004s
2026-05-06 13:22:51 - api.request - INFO - logging_config.py:133 - log_request - GET /api/patient/medications - 200 - 0.004s
2026-05-06 13:22:51 - api.request - INFO - logging_config.py:133 - log_request - GET /api/patient/doctors - 200 - 0.011s
2026-05-06 13:22:51 - api.request - INFO - logging_config.py:133 - log_request - GET /api/patient/profile - 200 - 0.012s
2026-05-06 13:22:56 - api.request - INFO - logging_config.py:133 - log_request - GET /api/patient/shop/products - 200 - 0.012s
2026-05-06 13:22:56 - api.request - INFO - logging_config.py:133 - log_request - GET /api/patient/shop/cart - 200 - 0.006s
2026-05-06 13:22:58 - api.request - INFO - logging_config.py:133 - log_request - GET /api/patient/shop/orders - 200 - 0.008s
2026-05-06 13:22:58 - api.request - INFO - logging_config.py:133 - log_request - GET /api/patient/shop/orders - 200 - 0.005s
2026-05-06 13:23:00 - api.request - INFO - logging_config.py:133 - log_request - GET /api/patient/prescriptions - 200 - 0.014s
2026-05-06 13:23:03 - api.request - INFO - logging_config.py:133 - log_request - GET /api/patient/profile - 200 - 0.009s
2026-05-06 13:23:03 - api.request - INFO - logging_config.py:133 - log_request - GET /api/patient/shop/orders - 200 - 0.006s
2026-05-06 13:23:03 - api.request - INFO - logging_config.py:133 - log_request - GET /api/patient/profile - 200 - 0.007s
2026-05-06 13:23:03 - api.request - INFO - logging_config.py:133 - log_request - GET /api/patient/shop/orders - 200 - 0.005s
2026-05-06 13:23:38 - api.request - INFO - logging_config.py:133 - log_request - OPTIONS /api/admin/stats - 200 - 0.000s
2026-05-06 13:23:38 - api.request - INFO - logging_config.py:133 - log_request - GET /api/admin/stats - 200 - 0.023s
2026-05-06 13:23:40 - api.request - INFO - logging_config.py:133 - log_request - OPTIONS /api/doctor/stats - 200 - 0.000s
2026-05-06 13:23:41 - api.request - INFO - logging_config.py:133 - log_request - GET /api/doctor/stats - 200 - 0.018s
2026-05-06 13:23:42 - api.request - INFO - logging_config.py:133 - log_request - OPTIONS /api/doctor/patients - 200 - 0.000s
2026-05-06 13:23:42 - api.request - INFO - logging_config.py:133 - log_request - GET /api/doctor/patients - 200 - 0.017s
2026-05-06 13:23:43 - api.request - INFO - logging_config.py:133 - log_request - OPTIONS /api/doctor/consultations - 200 - 0.000s
2026-05-06 13:23:43 - api.request - INFO - logging_config.py:133 - log_request - GET /api/doctor/consultations - 200 - 0.005s
2026-05-06 13:23:44 - api.request - INFO - logging_config.py:133 - log_request - OPTIONS /api/doctor/prescriptions - 200 - 0.000s
2026-05-06 13:23:44 - api.request - INFO - logging_config.py:133 - log_request - GET /api/doctor/prescriptions - 200 - 0.008s
2026-05-06 13:23:45 - api.request - INFO - logging_config.py:133 - log_request - OPTIONS /api/doctor/profile - 200 - 0.000s
2026-05-06 13:23:45 - api.request - INFO - logging_config.py:133 - log_request - GET /api/doctor/profile - 200 - 0.005s
2026-05-06 13:23:46 - api.request - INFO - logging_config.py:133 - log_request - GET /api/doctor/prescriptions - 200 - 0.006s
2026-05-06 13:23:53 - api.request - INFO - logging_config.py:133 - log_request - GET /api/doctor/stats - 200 - 0.008s
2026-05-06 13:23:54 - api.request - INFO - logging_config.py:133 - log_request - GET /api/doctor/prescriptions - 200 - 0.006s
2026-05-06 13:24:01 - api.request - INFO - logging_config.py:133 - log_request - OPTIONS /api/admin/users - 200 - 0.000s
2026-05-06 13:24:02 - api.request - INFO - logging_config.py:133 - log_request - OPTIONS /api/admin/products - 200 - 0.000s
2026-05-06 13:24:02 - api.request - INFO - logging_config.py:133 - log_request - GET /api/admin/users - 200 - 0.005s
2026-05-06 13:24:03 - api.request - INFO - logging_config.py:133 - log_request - GET /api/admin/products - 200 - 0.005s
2026-05-06 13:24:06 - api.request - INFO - logging_config.py:133 - log_request - GET /api/admin/users - 200 - 0.004s
2026-05-06 13:24:07 - api.request - INFO - logging_config.py:133 - log_request - OPTIONS /api/admin/orders - 200 - 0.000s
2026-05-06 13:24:07 - api.request - INFO - logging_config.py:133 - log_request - GET /api/admin/orders - 200 - 0.004s
2026-05-06 13:24:08 - api.request - INFO - logging_config.py:133 - log_request - OPTIONS /api/admin/prescriptions - 200 - 0.000s
2026-05-06 13:24:08 - api.request - INFO - logging_config.py:133 - log_request - GET /api/admin/prescriptions - 200 - 0.011s
2026-05-06 13:24:09 - api.request - INFO - logging_config.py:133 - log_request - OPTIONS /api/admin/doctors - 200 - 0.000s
2026-05-06 13:24:09 - api.request - INFO - logging_config.py:133 - log_request - GET /api/admin/doctors - 200 - 0.011s
2026-05-06 13:24:10 - api.request - INFO - logging_config.py:133 - log_request - OPTIONS /api/admin/patients - 200 - 0.000s
2026-05-06 13:24:10 - api.request - INFO - logging_config.py:133 - log_request - GET /api/admin/patients - 200 - 0.010s
2026-05-06 13:24:21 - api.request - INFO - logging_config.py:133 - log_request - GET /api/patient/profile - 200 - 0.007s
2026-05-06 13:24:21 - api.request - INFO - logging_config.py:133 - log_request - GET /api/patient/medications - 200 - 0.007s
2026-05-06 13:24:21 - api.request - INFO - logging_config.py:133 - log_request - GET /health - 200 - 0.001s
2026-05-06 13:24:21 - api.request - INFO - logging_config.py:133 - log_request - GET /api/patient/medications - 200 - 0.015s
2026-05-06 13:24:21 - api.request - INFO - logging_config.py:133 - log_request - GET /api/patient/measurements - 200 - 0.009s
2026-05-06 13:24:21 - api.request - INFO - logging_config.py:133 - log_request - GET /api/patient/measurements - 200 - 0.010s
2026-05-06 13:24:21 - api.request - INFO - logging_config.py:133 - log_request - GET /api/patient/profile - 200 - 0.010s
2026-05-06 13:24:21 - api.request - INFO - logging_config.py:133 - log_request - GET /api/patient/shop/products - 200 - 0.004s
2026-05-06 13:24:21 - api.request - INFO - logging_config.py:133 - log_request - GET /api/patient/shop/cart - 200 - 0.004s
2026-05-06 13:24:23 - api.request - INFO - logging_config.py:133 - log_request - GET /api/patient/shop/orders - 200 - 0.009s
2026-05-06 13:24:23 - api.request - INFO - logging_config.py:133 - log_request - GET /api/patient/shop/orders - 200 - 0.011s
2026-05-06 13:24:23 - api.request - INFO - logging_config.py:133 - log_request - GET /api/patient/prescriptions - 200 - 0.009s
2026-05-06 13:24:24 - api.request - INFO - logging_config.py:133 - log_request - GET /api/patient/shop/orders - 200 - 0.013s
2026-05-06 13:24:24 - api.request - INFO - logging_config.py:133 - log_request - GET /api/patient/shop/orders - 200 - 0.020s
2026-05-06 13:24:24 - api.request - INFO - logging_config.py:133 - log_request - GET /api/patient/profile - 200 - 0.023s
2026-05-06 13:24:24 - api.request - INFO - logging_config.py:133 - log_request - GET /api/patient/profile - 200 - 0.026s
2026-05-06 13:24:27 - api.request - INFO - logging_config.py:133 - log_request - GET /api/patient/profile - 200 - 0.007s
2026-05-06 13:24:27 - api.request - INFO - logging_config.py:133 - log_request - GET /api/patient/doctor/profile - 200 - 0.081s
2026-05-06 13:24:27 - api.request - INFO - logging_config.py:133 - log_request - GET /api/patient/messages - 200 - 0.083s
2026-05-06 13:24:30 - api.request - INFO - logging_config.py:133 - log_request - GET /api/patient/messages - 200 - 0.006s
2026-05-06 13:24:31 - api.request - INFO - logging_config.py:133 - log_request - POST /api/patient/messages - 200 - 0.014s
2026-05-06 13:24:32 - api.request - INFO - logging_config.py:133 - log_request - GET /api/patient/messages - 200 - 0.006s
2026-05-06 13:24:33 - api.request - INFO - logging_config.py:133 - log_request - GET /api/patient/messages - 200 - 0.006s
2026-05-06 13:24:36 - api.request - INFO - logging_config.py:133 - log_request - GET /api/patient/messages - 200 - 0.006s
2026-05-06 13:24:39 - api.request - INFO - logging_config.py:133 - log_request - GET /api/patient/messages - 200 - 0.006s
2026-05-06 13:24:42 - api.request - INFO - logging_config.py:133 - log_request - GET /api/patient/messages - 200 - 0.005s
2026-05-06 13:24:43 - api.request - INFO - logging_config.py:133 - log_request - GET /api/patient/prescriptions - 200 - 0.007s
2026-05-06 13:24:44 - api.request - INFO - logging_config.py:133 - log_request - GET /api/patient/profile - 200 - 0.006s
2026-05-06 13:24:44 - api.request - INFO - logging_config.py:133 - log_request - GET /api/patient/shop/orders - 200 - 0.005s
2026-05-06 13:24:45 - api.request - INFO - logging_config.py:133 - log_request - GET /api/patient/messages - 200 - 0.005s
2026-05-06 13:24:48 - api.request - INFO - logging_config.py:133 - log_request - GET /api/patient/messages - 200 - 0.005s
2026-05-06 13:24:48 - api.request - INFO - logging_config.py:133 - log_request - GET /api/patient/profile - 200 - 0.007s
2026-05-06 13:24:48 - api.request - INFO - logging_config.py:133 - log_request - GET /api/patient/doctor/profile - 200 - 0.006s
2026-05-06 13:24:48 - api.request - INFO - logging_config.py:133 - log_request - GET /api/patient/messages - 200 - 0.006s
2026-05-06 13:24:51 - api.request - INFO - logging_config.py:133 - log_request - GET /api/patient/messages - 200 - 0.006s
2026-05-06 13:24:51 - api.request - INFO - logging_config.py:133 - log_request - GET /api/patient/messages - 200 - 0.008s
2026-05-06 13:24:54 - api.request - INFO - logging_config.py:133 - log_request - GET /api/patient/messages - 200 - 0.005s
2026-05-06 13:24:54 - api.request - INFO - logging_config.py:133 - log_request - GET /api/patient/messages - 200 - 0.007s
2026-05-06 13:24:57 - api.request - INFO - logging_config.py:133 - log_request - GET /api/patient/messages - 200 - 0.005s
2026-05-06 13:24:57 - api.request - INFO - logging_config.py:133 - log_request - GET /api/patient/messages - 200 - 0.006s
2026-05-06 13:25:00 - api.request - INFO - logging_config.py:133 - log_request - GET /api/patient/messages - 200 - 0.006s
2026-05-06 13:25:00 - api.request - INFO - logging_config.py:133 - log_request - GET /api/patient/messages - 200 - 0.005s
2026-05-06 13:25:03 - api.request - INFO - logging_config.py:133 - log_request - GET /api/patient/messages - 200 - 0.005s
2026-05-06 13:25:06 - api.request - INFO - logging_config.py:133 - log_request - GET /api/patient/messages - 200 - 0.006s
2026-05-06 13:25:09 - api.request - INFO - logging_config.py:133 - log_request - GET /api/patient/messages - 200 - 0.006s
2026-05-06 13:25:12 - api.request - INFO - logging_config.py:133 - log_request - GET /api/patient/messages - 200 - 0.005s
2026-05-06 13:25:13 - api.request - INFO - logging_config.py:133 - log_request - GET /health - 200 - 0.001s
2026-05-06 13:25:14 - api.request - INFO - logging_config.py:133 - log_request - GET /api/patient/profile - 200 - 0.006s
2026-05-06 13:25:14 - api.request - INFO - logging_config.py:133 - log_request - GET /api/patient/measurements - 200 - 0.004s
2026-05-06 13:25:14 - api.request - INFO - logging_config.py:133 - log_request - GET /api/patient/medications - 200 - 0.004s
2026-05-06 13:25:14 - api.request - INFO - logging_config.py:133 - log_request - GET /api/patient/doctors - 200 - 0.007s
2026-05-06 13:25:14 - api.request - INFO - logging_config.py:133 - log_request - GET /api/patient/profile - 200 - 0.006s
2026-05-06 13:25:14 - api.request - INFO - logging_config.py:133 - log_request - GET /api/patient/measurements - 200 - 0.006s
2026-05-06 13:25:14 - api.request - INFO - logging_config.py:133 - log_request - GET /api/patient/medications - 200 - 0.004s
2026-05-06 13:25:14 - api.request - INFO - logging_config.py:133 - log_request - GET /api/patient/doctors - 200 - 0.008s
2026-05-06 13:25:15 - api.request - INFO - logging_config.py:133 - log_request - GET /api/patient/messages - 200 - 0.005s
2026-05-06 13:25:18 - api.request - INFO - logging_config.py:133 - log_request - GET /api/patient/messages - 200 - 0.005s
2026-05-06 13:25:21 - api.request - INFO - logging_config.py:133 - log_request - GET /health - 200 - 0.001s
2026-05-06 13:25:21 - api.request - INFO - logging_config.py:133 - log_request - GET /api/patient/messages - 200 - 0.006s
2026-05-06 13:25:21 - api.request - INFO - logging_config.py:133 - log_request - GET /api/patient/profile - 200 - 0.008s
2026-05-06 13:25:21 - api.request - INFO - logging_config.py:133 - log_request - GET /api/patient/measurements - 200 - 0.004s
2026-05-06 13:25:21 - api.request - INFO - logging_config.py:133 - log_request - GET /api/patient/medications - 200 - 0.003s
2026-05-06 13:25:22 - api.request - INFO - logging_config.py:133 - log_request - GET /api/patient/doctors - 200 - 0.007s
2026-05-06 13:25:22 - api.request - INFO - logging_config.py:133 - log_request - GET /api/patient/profile - 200 - 0.006s
2026-05-06 13:25:22 - api.request - INFO - logging_config.py:133 - log_request - GET /api/patient/measurements - 200 - 0.003s
2026-05-06 13:25:22 - api.request - INFO - logging_config.py:133 - log_request - GET /api/patient/medications - 200 - 0.004s
2026-05-06 13:25:22 - api.request - INFO - logging_config.py:133 - log_request - GET /api/patient/doctors - 200 - 0.007s
2026-05-06 13:25:24 - api.request - INFO - logging_config.py:133 - log_request - GET /api/patient/messages - 200 - 0.005s
2026-05-06 13:25:27 - api.request - INFO - logging_config.py:133 - log_request - GET /api/patient/messages - 200 - 0.005s
2026-05-06 13:25:28 - api.request - INFO - logging_config.py:133 - log_request - GET /api/patient/profile - 200 - 0.007s
2026-05-06 13:25:28 - api.request - INFO - logging_config.py:133 - log_request - GET /api/patient/shop/orders - 200 - 0.005s
2026-05-06 13:25:28 - api.request - INFO - logging_config.py:133 - log_request - GET /api/patient/profile - 200 - 0.006s
2026-05-06 13:25:28 - api.request - INFO - logging_config.py:133 - log_request - GET /api/patient/shop/orders - 200 - 0.004s
2026-05-06 13:25:30 - api.request - INFO - logging_config.py:133 - log_request - GET /api/patient/messages - 200 - 0.005s
2026-05-06 13:25:32 - api.request - INFO - logging_config.py:133 - log_request - GET /api/patient/profile - 200 - 0.006s
2026-05-06 13:25:33 - api.request - INFO - logging_config.py:133 - log_request - GET /api/patient/doctor/profile - 200 - 0.005s
2026-05-06 13:25:33 - api.request - INFO - logging_config.py:133 - log_request - GET /api/patient/messages - 200 - 0.007s
2026-05-06 13:25:33 - api.request - INFO - logging_config.py:133 - log_request - GET /api/patient/messages - 200 - 0.006s
2026-05-06 13:25:36 - api.request - INFO - logging_config.py:133 - log_request - GET /api/patient/messages - 200 - 0.006s
2026-05-06 13:25:36 - api.request - INFO - logging_config.py:133 - log_request - GET /api/patient/messages - 200 - 0.005s
2026-05-06 13:25:39 - api.request - INFO - logging_config.py:133 - log_request - GET /api/patient/messages - 200 - 0.005s
2026-05-06 13:25:42 - api.request - INFO - logging_config.py:133 - log_request - GET /api/patient/messages - 200 - 0.008s
2026-05-06 13:25:45 - api.request - INFO - logging_config.py:133 - log_request - GET /api/patient/messages - 200 - 0.007s
2026-05-06 13:25:48 - api.request - INFO - logging_config.py:133 - log_request - GET /api/patient/messages - 200 - 0.009s
2026-05-06 13:25:51 - api.request - INFO - logging_config.py:133 - log_request - GET /api/patient/messages - 200 - 0.006s
2026-05-06 13:25:54 - api.request - INFO - logging_config.py:133 - log_request - GET /api/patient/messages - 200 - 0.008s
2026-05-06 13:25:57 - api.request - INFO - logging_config.py:133 - log_request - GET /api/patient/messages - 200 - 0.005s
2026-05-06 13:26:00 - api.request - INFO - logging_config.py:133 - log_request - GET /api/patient/messages - 200 - 0.005s
2026-05-06 13:26:01 - api.request - INFO - logging_config.py:133 - log_request - GET /health - 200 - 0.001s
2026-05-06 13:26:02 - api.request - INFO - logging_config.py:133 - log_request - GET /api/patient/profile - 200 - 0.006s
2026-05-06 13:26:02 - api.request - INFO - logging_config.py:133 - log_request - GET /api/patient/measurements - 200 - 0.004s
2026-05-06 13:26:02 - api.request - INFO - logging_config.py:133 - log_request - GET /api/patient/medications - 200 - 0.003s
2026-05-06 13:26:02 - api.request - INFO - logging_config.py:133 - log_request - GET /api/patient/doctors - 200 - 0.007s
2026-05-06 13:26:02 - api.request - INFO - logging_config.py:133 - log_request - GET /api/patient/profile - 200 - 0.006s
2026-05-06 13:26:02 - api.request - INFO - logging_config.py:133 - log_request - GET /api/patient/measurements - 200 - 0.004s
2026-05-06 13:26:02 - api.request - INFO - logging_config.py:133 - log_request - GET /api/patient/medications - 200 - 0.004s
2026-05-06 13:26:02 - api.request - INFO - logging_config.py:133 - log_request - GET /api/patient/doctors - 200 - 0.008s
2026-05-06 13:26:03 - api.request - INFO - logging_config.py:133 - log_request - GET /api/patient/messages - 200 - 0.006s
2026-05-06 13:27:19 - api.request - INFO - logging_config.py:133 - log_request - GET /health - 200 - 0.001s
2026-05-06 13:27:19 - api.request - INFO - logging_config.py:133 - log_request - GET /api/patient/messages - 200 - 0.008s
2026-05-06 13:27:19 - api.request - INFO - logging_config.py:133 - log_request - GET /api/patient/messages - 200 - 0.006s
2026-05-06 13:27:21 - api.request - INFO - logging_config.py:133 - log_request - GET /api/patient/messages - 200 - 0.007s
2026-05-06 13:27:24 - api.request - INFO - logging_config.py:133 - log_request - GET /api/patient/messages - 200 - 0.005s
2026-05-06 13:27:27 - api.request - INFO - logging_config.py:133 - log_request - GET /api/patient/messages - 200 - 0.005s
2026-05-06 13:27:30 - api.request - INFO - logging_config.py:133 - log_request - GET /api/patient/messages - 200 - 0.006s
2026-05-06 13:27:33 - api.request - INFO - logging_config.py:133 - log_request - GET /api/patient/messages - 200 - 0.007s
2026-05-06 13:27:34 - api.request - INFO - logging_config.py:133 - log_request - GET /api/patient/profile - 200 - 0.007s
2026-05-06 13:27:34 - api.request - INFO - logging_config.py:133 - log_request - GET /api/patient/shop/orders - 200 - 0.005s
2026-05-06 13:27:34 - api.request - INFO - logging_config.py:133 - log_request - GET /api/patient/profile - 200 - 0.007s
2026-05-06 13:27:34 - api.request - INFO - logging_config.py:133 - log_request - GET /api/patient/shop/orders - 200 - 0.005s
2026-05-06 13:27:36 - api.request - INFO - logging_config.py:133 - log_request - GET /api/patient/messages - 200 - 0.006s
2026-05-06 13:27:37 - api.request - INFO - logging_config.py:133 - log_request - GET /api/patient/profile - 200 - 0.006s
2026-05-06 13:27:39 - api.request - INFO - logging_config.py:133 - log_request - GET /api/patient/messages - 200 - 0.005s
2026-05-06 13:27:42 - api.request - INFO - logging_config.py:133 - log_request - GET /api/patient/profile - 200 - 0.006s
2026-05-06 13:27:42 - api.request - INFO - logging_config.py:133 - log_request - GET /api/patient/doctor/profile - 200 - 0.006s
2026-05-06 13:27:42 - api.request - INFO - logging_config.py:133 - log_request - GET /api/patient/messages - 200 - 0.006s
2026-05-06 13:27:42 - api.request - INFO - logging_config.py:133 - log_request - GET /api/patient/messages - 200 - 0.005s
2026-05-06 13:27:45 - api.request - INFO - logging_config.py:133 - log_request - GET /api/patient/messages - 200 - 0.005s
2026-05-06 13:27:45 - api.request - INFO - logging_config.py:133 - log_request - GET /api/patient/messages - 200 - 0.006s
2026-05-06 13:27:48 - api.request - INFO - logging_config.py:133 - log_request - GET /api/patient/messages - 200 - 0.006s
2026-05-06 13:27:48 - api.request - INFO - logging_config.py:133 - log_request - GET /api/patient/messages - 200 - 0.005s
2026-05-06 13:27:51 - api.request - INFO - logging_config.py:133 - log_request - GET /api/patient/messages - 200 - 0.005s
2026-05-06 13:27:54 - api.request - INFO - logging_config.py:133 - log_request - GET /api/patient/messages - 200 - 0.005s
2026-05-06 13:27:57 - api.request - INFO - logging_config.py:133 - log_request - GET /api/patient/messages - 200 - 0.006s
2026-05-06 13:28:00 - api.request - INFO - logging_config.py:133 - log_request - GET /api/patient/messages - 200 - 0.006s
2026-05-06 13:28:02 - api.request - INFO - logging_config.py:133 - log_request - GET /api/patient/shop/orders - 200 - 0.009s
2026-05-06 13:28:02 - api.request - INFO - logging_config.py:133 - log_request - GET /api/patient/profile - 200 - 0.011s
2026-05-06 13:28:03 - api.request - INFO - logging_config.py:133 - log_request - GET /api/patient/profile - 200 - 0.014s
2026-05-06 13:28:03 - api.request - INFO - logging_config.py:133 - log_request - GET /api/patient/medications - 200 - 0.011s
2026-05-06 13:28:03 - api.request - INFO - logging_config.py:133 - log_request - GET /api/patient/measurements - 200 - 0.015s
2026-05-06 13:28:27 - api.request - INFO - logging_config.py:133 - log_request - GET /health - 200 - 0.001s
2026-05-06 13:28:28 - api.request - INFO - logging_config.py:133 - log_request - GET /api/patient/profile - 200 - 0.006s
2026-05-06 13:28:28 - api.request - INFO - logging_config.py:133 - log_request - GET /api/patient/measurements - 200 - 0.004s
2026-05-06 13:28:28 - api.request - INFO - logging_config.py:133 - log_request - GET /api/patient/medications - 200 - 0.003s
2026-05-06 13:28:28 - api.request - INFO - logging_config.py:133 - log_request - GET /api/patient/doctors - 200 - 0.007s
2026-05-06 13:28:28 - api.request - INFO - logging_config.py:133 - log_request - GET /api/patient/profile - 200 - 0.006s
2026-05-06 13:28:28 - api.request - INFO - logging_config.py:133 - log_request - GET /api/patient/measurements - 200 - 0.004s
2026-05-06 13:28:29 - api.request - INFO - logging_config.py:133 - log_request - GET /api/patient/medications - 200 - 0.003s
2026-05-06 13:28:29 - api.request - INFO - logging_config.py:133 - log_request - GET /api/patient/doctors - 200 - 0.007s
2026-05-06 13:28:34 - api.request - INFO - logging_config.py:133 - log_request - GET /health - 200 - 0.001s
2026-05-06 13:28:43 - api.request - INFO - logging_config.py:133 - log_request - GET /health - 200 - 0.001s
2026-05-06 13:28:43 - api.request - INFO - logging_config.py:133 - log_request - GET /api/patient/measurements - 200 - 0.007s
2026-05-06 13:28:43 - api.request - INFO - logging_config.py:133 - log_request - GET /api/patient/medications - 200 - 0.006s
2026-05-06 13:28:43 - api.request - INFO - logging_config.py:133 - log_request - GET /api/patient/measurements - 200 - 0.009s
2026-05-06 13:28:43 - api.request - INFO - logging_config.py:133 - log_request - GET /api/patient/profile - 200 - 0.010s
2026-05-06 13:28:43 - api.request - INFO - logging_config.py:133 - log_request - GET /api/patient/profile - 200 - 0.011s
2026-05-06 13:28:43 - api.request - INFO - logging_config.py:133 - log_request - GET /api/patient/medications - 200 - 0.005s
2026-05-06 13:28:52 - api.request - INFO - logging_config.py:133 - log_request - GET /api/patient/doctors - 200 - 0.011s
2026-05-06 13:28:58 - api.request - INFO - logging_config.py:133 - log_request - GET /api/patient/profile - 200 - 0.006s
2026-05-06 13:28:58 - api.request - INFO - logging_config.py:133 - log_request - GET /api/patient/doctor/profile - 200 - 0.007s
2026-05-06 13:28:58 - api.request - INFO - logging_config.py:133 - log_request - GET /api/patient/messages - 200 - 0.005s
2026-05-06 13:29:01 - api.request - INFO - logging_config.py:133 - log_request - GET /api/patient/messages - 200 - 0.005s
2026-05-06 13:29:02 - api.request - INFO - logging_config.py:133 - log_request - GET /api/patient/doctors - 200 - 0.006s
2026-05-06 13:29:03 - api.request - INFO - logging_config.py:133 - log_request - GET /api/patient/profile - 200 - 0.006s
2026-05-06 13:29:03 - api.request - INFO - logging_config.py:133 - log_request - GET /api/patient/measurements - 200 - 0.004s
2026-05-06 13:29:03 - api.request - INFO - logging_config.py:133 - log_request - GET /api/patient/medications - 200 - 0.003s
2026-05-06 13:29:03 - api.request - INFO - logging_config.py:133 - log_request - GET /api/patient/doctors - 200 - 0.008s
2026-05-06 13:29:49 - api.request - INFO - logging_config.py:133 - log_request - GET /api/patient/measurements - 200 - 0.007s
2026-05-06 13:29:49 - api.request - INFO - logging_config.py:133 - log_request - GET /api/patient/profile - 200 - 0.012s
2026-05-06 13:29:49 - api.request - INFO - logging_config.py:133 - log_request - GET /api/patient/medications - 200 - 0.003s
2026-05-06 13:39:44 - api.request - INFO - logging_config.py:133 - log_request - OPTIONS /api/doctor/prescriptions - 200 - 0.000s
2026-05-06 13:39:44 - api.request - INFO - logging_config.py:133 - log_request - GET /api/doctor/prescriptions - 200 - 0.008s
2026-05-06 13:42:42 - api.request - INFO - logging_config.py:133 - log_request - GET /health - 200 - 0.002s
2026-05-06 13:43:13 - api.request - INFO - logging_config.py:133 - log_request - POST /api/patient/login - 200 - 0.022s
2026-05-06 13:43:14 - api.request - INFO - logging_config.py:133 - log_request - POST /api/patient/login - 200 - 0.007s
2026-05-06 13:43:16 - api.request - INFO - logging_config.py:133 - log_request - GET /api/patient/shop/products - 200 - 0.006s
2026-05-06 13:43:16 - api.request - INFO - logging_config.py:133 - log_request - GET /api/patient/shop/cart - 200 - 0.006s
2026-05-06 13:43:25 - api.request - INFO - logging_config.py:133 - log_request - GET /api/patient/medications - 200 - 0.018s
2026-05-06 13:43:25 - api.request - INFO - logging_config.py:133 - log_request - GET /api/patient/measurements - 200 - 0.025s
2026-05-06 13:43:25 - api.request - INFO - logging_config.py:133 - log_request - GET /api/patient/doctors - 200 - 0.033s
2026-05-06 13:43:25 - api.request - INFO - logging_config.py:133 - log_request - GET /api/patient/profile - 200 - 0.038s
2026-05-06 13:43:26 - api.request - INFO - logging_config.py:133 - log_request - GET /api/patient/profile - 200 - 0.007s
2026-05-06 13:43:26 - api.request - INFO - logging_config.py:133 - log_request - GET /api/patient/medications - 200 - 0.012s
2026-05-06 13:43:26 - api.request - INFO - logging_config.py:133 - log_request - GET /api/patient/measurements - 200 - 0.015s
2026-05-06 13:43:26 - api.request - INFO - logging_config.py:133 - log_request - GET /api/patient/doctors - 200 - 0.017s
2026-05-06 13:44:09 - api.request - INFO - logging_config.py:133 - log_request - GET /api/patient/profile - 200 - 0.020s
2026-05-06 13:44:09 - api.request - INFO - logging_config.py:133 - log_request - GET /api/patient/medications - 200 - 0.023s
2026-05-06 13:44:09 - api.request - INFO - logging_config.py:133 - log_request - GET /api/patient/measurements - 200 - 0.023s
2026-05-06 13:44:09 - api.request - INFO - logging_config.py:133 - log_request - GET /api/patient/doctors - 200 - 0.025s
2026-05-06 13:44:09 - api.request - INFO - logging_config.py:133 - log_request - GET /api/patient/medications - 200 - 0.013s
2026-05-06 13:44:09 - api.request - INFO - logging_config.py:133 - log_request - GET /api/patient/measurements - 200 - 0.021s
2026-05-06 13:44:09 - api.request - INFO - logging_config.py:133 - log_request - GET /api/patient/doctors - 200 - 0.025s
2026-05-06 13:44:09 - api.request - INFO - logging_config.py:133 - log_request - GET /api/patient/profile - 200 - 0.025s
2026-05-06 13:44:12 - api.request - INFO - logging_config.py:133 - log_request - GET /api/patient/shop/products - 200 - 0.004s
2026-05-06 13:44:12 - api.request - INFO - logging_config.py:133 - log_request - GET /api/patient/shop/cart - 200 - 0.005s
2026-05-06 13:44:15 - api.request - INFO - logging_config.py:133 - log_request - GET /api/patient/shop/orders - 200 - 0.005s
2026-05-06 13:44:15 - api.request - INFO - logging_config.py:133 - log_request - GET /api/patient/shop/orders - 200 - 0.004s
2026-05-06 13:44:18 - api.request - INFO - logging_config.py:133 - log_request - GET /api/patient/prescriptions - 200 - 0.007s
2026-05-06 13:44:21 - api.request - INFO - logging_config.py:133 - log_request - GET /api/patient/profile - 200 - 0.009s
2026-05-06 13:44:21 - api.request - INFO - logging_config.py:133 - log_request - GET /api/patient/shop/orders - 200 - 0.005s
2026-05-06 13:44:21 - api.request - INFO - logging_config.py:133 - log_request - GET /api/patient/profile - 200 - 0.008s
2026-05-06 13:44:21 - api.request - INFO - logging_config.py:133 - log_request - GET /api/patient/shop/orders - 200 - 0.005s
2026-05-06 13:44:26 - api.request - INFO - logging_config.py:133 - log_request - GET /api/patient/profile - 200 - 0.006s
2026-05-06 13:44:26 - api.request - INFO - logging_config.py:133 - log_request - GET /api/patient/doctor/profile - 200 - 0.005s
2026-05-06 13:44:26 - api.request - INFO - logging_config.py:133 - log_request - GET /api/patient/messages - 200 - 0.009s
2026-05-06 13:44:45 - api.request - INFO - logging_config.py:133 - log_request - GET /api/patient/medications - 200 - 0.004s
2026-05-06 13:44:45 - api.request - INFO - logging_config.py:133 - log_request - GET /api/patient/measurements - 200 - 0.006s
2026-05-06 13:44:45 - api.request - INFO - logging_config.py:133 - log_request - GET /api/patient/profile - 200 - 0.011s
2026-05-06 13:44:46 - api.request - INFO - logging_config.py:133 - log_request - GET /api/patient/profile - 200 - 0.016s
2026-05-06 13:44:46 - api.request - INFO - logging_config.py:133 - log_request - GET /api/patient/shop/orders - 200 - 0.017s
2026-05-06 13:44:46 - api.request - INFO - logging_config.py:133 - log_request - GET /api/patient/shop/orders - 200 - 0.020s
2026-05-06 13:44:46 - api.request - INFO - logging_config.py:133 - log_request - GET /api/patient/profile - 200 - 0.024s
2026-05-06 13:44:47 - api.request - INFO - logging_config.py:133 - log_request - GET /api/patient/messages - 200 - 0.016s
2026-05-06 13:44:47 - api.request - INFO - logging_config.py:133 - log_request - GET /api/patient/profile - 200 - 0.017s
2026-05-06 13:44:47 - api.request - INFO - logging_config.py:133 - log_request - GET /api/patient/doctor/profile - 200 - 0.019s
2026-05-06 13:44:57 - api.request - INFO - logging_config.py:133 - log_request - GET /health - 200 - 0.001s
2026-05-06 13:44:59 - api.request - INFO - logging_config.py:133 - log_request - GET /api/patient/doctor/profile - 200 - 0.011s
2026-05-06 13:44:59 - api.request - INFO - logging_config.py:133 - log_request - GET /api/patient/profile - 200 - 0.011s
2026-05-06 13:44:59 - api.request - INFO - logging_config.py:133 - log_request - GET /api/patient/messages - 200 - 0.005s
2026-05-06 13:45:02 - api.request - INFO - logging_config.py:133 - log_request - GET /api/patient/messages - 200 - 0.005s
2026-05-06 13:45:05 - api.request - INFO - logging_config.py:133 - log_request - GET /api/patient/messages - 200 - 0.005s
2026-05-06 13:45:08 - api.request - INFO - logging_config.py:133 - log_request - GET /api/patient/messages - 200 - 0.007s
2026-05-06 13:45:11 - api.request - INFO - logging_config.py:133 - log_request - GET /api/patient/messages - 200 - 0.006s
2026-05-06 13:45:14 - api.request - INFO - logging_config.py:133 - log_request - GET /api/patient/messages - 200 - 0.006s
2026-05-06 13:45:17 - api.request - INFO - logging_config.py:133 - log_request - GET /api/patient/messages - 200 - 0.005s
2026-05-06 13:45:20 - api.request - INFO - logging_config.py:133 - log_request - GET /api/patient/messages - 200 - 0.005s
2026-05-06 13:48:50 - api.request - INFO - logging_config.py:133 - log_request - GET /api/patient/profile - 200 - 0.007s
2026-05-06 13:48:50 - api.request - INFO - logging_config.py:133 - log_request - GET /api/patient/doctor/profile - 200 - 0.006s
2026-05-06 13:48:50 - api.request - INFO - logging_config.py:133 - log_request - GET /api/patient/messages - 200 - 0.008s
2026-05-06 13:48:52 - api.request - INFO - logging_config.py:133 - log_request - GET /api/patient/profile - 200 - 0.007s
2026-05-06 13:48:52 - api.request - INFO - logging_config.py:133 - log_request - GET /api/patient/shop/orders - 200 - 0.004s
2026-05-06 13:49:09 - api.request - INFO - logging_config.py:133 - log_request - GET /health - 200 - 0.001s
2026-05-06 13:49:45 - api.request - INFO - logging_config.py:133 - log_request - POST /api/patient/login - 200 - 0.007s
2026-05-06 13:49:50 - api.request - INFO - logging_config.py:133 - log_request - GET /api/patient/shop/products - 200 - 0.005s
2026-05-06 13:49:50 - api.request - INFO - logging_config.py:133 - log_request - GET /api/patient/shop/cart - 200 - 0.005s
2026-05-06 13:49:54 - api.request - INFO - logging_config.py:133 - log_request - GET /api/patient/profile - 200 - 0.007s
2026-05-06 13:49:54 - api.request - INFO - logging_config.py:133 - log_request - GET /api/patient/measurements - 200 - 0.004s
2026-05-06 13:49:54 - api.request - INFO - logging_config.py:133 - log_request - GET /api/patient/medications - 200 - 0.004s
2026-05-06 13:49:54 - api.request - INFO - logging_config.py:133 - log_request - GET /api/patient/doctors - 200 - 0.008s
2026-05-06 13:49:54 - api.request - INFO - logging_config.py:133 - log_request - GET /api/patient/profile - 200 - 0.007s
2026-05-06 13:49:54 - api.request - INFO - logging_config.py:133 - log_request - GET /api/patient/measurements - 200 - 0.004s
2026-05-06 13:49:54 - api.request - INFO - logging_config.py:133 - log_request - GET /api/patient/medications - 200 - 0.003s
2026-05-06 13:49:54 - api.request - INFO - logging_config.py:133 - log_request - GET /api/patient/doctors - 200 - 0.007s
2026-05-06 13:49:57 - api.request - INFO - logging_config.py:133 - log_request - GET /api/patient/profile - 200 - 0.007s
2026-05-06 13:49:57 - api.request - INFO - logging_config.py:133 - log_request - GET /api/patient/shop/orders - 200 - 0.004s
2026-05-06 13:49:57 - api.request - INFO - logging_config.py:133 - log_request - GET /api/patient/profile - 200 - 0.007s
2026-05-06 13:49:57 - api.request - INFO - logging_config.py:133 - log_request - GET /api/patient/shop/orders - 200 - 0.005s
2026-05-06 13:50:02 - api.request - INFO - logging_config.py:133 - log_request - GET /api/patient/profile - 200 - 0.007s
2026-05-06 13:50:02 - api.request - INFO - logging_config.py:133 - log_request - GET /api/patient/doctor/profile - 200 - 0.005s
2026-05-06 13:50:02 - api.request - INFO - logging_config.py:133 - log_request - GET /api/patient/messages - 200 - 0.005s
2026-05-06 13:50:57 - api.request - INFO - logging_config.py:133 - log_request - GET /api/patient/measurements - 200 - 0.012s
2026-05-06 13:51:12 - api.request - INFO - logging_config.py:133 - log_request - GET /api/patient/messages - 200 - 0.006s
2026-05-06 13:51:13 - api.request - INFO - logging_config.py:133 - log_request - GET /api/patient/shop/orders - 200 - 0.004s
2026-05-06 13:51:13 - api.request - INFO - logging_config.py:133 - log_request - GET /api/patient/profile - 200 - 0.006s
2026-05-06 13:51:17 - api.request - INFO - logging_config.py:133 - log_request - GET /api/patient/medications - 200 - 0.009s
2026-05-06 13:51:17 - api.request - INFO - logging_config.py:133 - log_request - GET /api/patient/profile - 200 - 0.014s
2026-05-06 13:51:17 - api.request - INFO - logging_config.py:133 - log_request - GET /api/patient/measurements - 200 - 0.012s
2026-05-06 13:51:19 - api.request - INFO - logging_config.py:133 - log_request - GET /api/patient/shop/cart - 200 - 0.008s
2026-05-06 13:51:19 - api.request - INFO - logging_config.py:133 - log_request - GET /api/patient/shop/products - 200 - 0.009s
2026-05-06 13:51:20 - api.request - INFO - logging_config.py:133 - log_request - GET /api/patient/shop/products - 200 - 0.005s
2026-05-06 13:51:21 - api.request - INFO - logging_config.py:133 - log_request - GET /api/patient/shop/orders - 200 - 0.008s
2026-05-06 13:51:21 - api.request - INFO - logging_config.py:133 - log_request - GET /api/patient/shop/orders - 200 - 0.007s
2026-05-06 13:51:21 - api.request - INFO - logging_config.py:133 - log_request - GET /api/patient/shop/cart - 200 - 0.004s
2026-05-06 13:51:22 - api.request - INFO - logging_config.py:133 - log_request - GET /api/patient/shop/orders - 200 - 0.004s
2026-05-06 13:51:23 - api.request - INFO - logging_config.py:133 - log_request - GET /api/patient/shop/orders - 200 - 0.005s
2026-05-06 13:51:23 - api.request - INFO - logging_config.py:133 - log_request - GET /api/patient/shop/orders - 200 - 0.005s
2026-05-06 13:51:24 - api.request - INFO - logging_config.py:133 - log_request - GET /api/patient/shop/orders - 200 - 0.004s
2026-05-06 13:51:24 - api.request - INFO - logging_config.py:133 - log_request - GET /api/patient/prescriptions - 200 - 0.007s
2026-05-06 13:51:25 - api.request - INFO - logging_config.py:133 - log_request - GET /api/patient/prescriptions - 200 - 0.006s
2026-05-06 13:51:34 - api.request - INFO - logging_config.py:133 - log_request - GET /health - 200 - 0.024s
2026-05-06 13:51:34 - api.request - INFO - logging_config.py:133 - log_request - GET /api/patient/profile - 200 - 0.074s
2026-05-06 13:51:34 - api.request - INFO - logging_config.py:133 - log_request - GET /api/patient/measurements - 200 - 0.087s
2026-05-06 13:51:34 - api.request - INFO - logging_config.py:133 - log_request - GET /api/patient/measurements - 200 - 0.080s
2026-05-06 13:51:34 - api.request - INFO - logging_config.py:133 - log_request - GET /api/patient/medications - 200 - 0.093s
2026-05-06 13:51:34 - api.request - INFO - logging_config.py:133 - log_request - GET /api/patient/doctors - 200 - 0.088s
2026-05-06 13:51:34 - api.request - INFO - logging_config.py:133 - log_request - GET /api/patient/profile - 200 - 0.087s
2026-05-06 13:51:34 - api.request - INFO - logging_config.py:133 - log_request - GET /api/patient/medications - 200 - 0.081s
2026-05-06 13:51:34 - api.request - INFO - logging_config.py:133 - log_request - GET /api/patient/doctors - 200 - 0.054s
2026-05-06 13:51:36 - api.request - INFO - logging_config.py:133 - log_request - GET /api/patient/measurements - 200 - 0.005s
2026-05-06 13:52:56 - api.request - INFO - logging_config.py:133 - log_request - GET /api/patient/profile - 200 - 0.008s
2026-05-06 13:52:56 - api.request - INFO - logging_config.py:133 - log_request - GET /api/patient/shop/orders - 200 - 0.005s
2026-05-06 13:53:43 - api.request - INFO - logging_config.py:133 - log_request - GET /api/patient/medications - 200 - 0.012s
2026-05-06 13:53:43 - api.request - INFO - logging_config.py:133 - log_request - GET /api/patient/measurements - 200 - 0.016s
2026-05-06 13:53:43 - api.request - INFO - logging_config.py:133 - log_request - GET /api/patient/doctors - 200 - 0.025s
2026-05-06 13:53:43 - api.request - INFO - logging_config.py:133 - log_request - GET /api/patient/profile - 200 - 0.028s
2026-05-06 13:53:47 - api.request - INFO - logging_config.py:133 - log_request - GET /api/patient/measurements - 200 - 0.005s
2026-05-06 13:53:55 - api.request - INFO - logging_config.py:133 - log_request - GET /api/patient/measurements - 200 - 0.005s
2026-05-06 13:54:07 - api.request - INFO - logging_config.py:133 - log_request - GET /api/patient/measurements - 200 - 0.005s
2026-05-06 13:54:15 - api.request - INFO - logging_config.py:133 - log_request - GET /api/patient/medications - 200 - 0.021s
2026-05-06 13:54:15 - api.request - INFO - logging_config.py:133 - log_request - GET /api/patient/measurements - 200 - 0.022s
2026-05-06 13:54:15 - api.request - INFO - logging_config.py:133 - log_request - GET /api/patient/profile - 200 - 0.028s
2026-05-06 13:54:15 - api.request - INFO - logging_config.py:133 - log_request - GET /api/patient/doctors - 200 - 0.028s
2026-05-06 13:54:22 - api.request - INFO - logging_config.py:133 - log_request - GET /api/patient/doctors - 200 - 0.007s
2026-05-06 13:54:33 - api.request - INFO - logging_config.py:133 - log_request - GET /api/patient/profile - 200 - 0.015s
2026-05-06 13:54:33 - api.request - INFO - logging_config.py:133 - log_request - GET /api/patient/profile - 200 - 0.016s
2026-05-06 13:54:33 - api.request - INFO - logging_config.py:133 - log_request - GET /api/patient/shop/orders - 200 - 0.019s
2026-05-06 13:54:33 - api.request - INFO - logging_config.py:133 - log_request - GET /api/patient/shop/orders - 200 - 0.022s
2026-05-06 13:54:35 - api.request - INFO - logging_config.py:133 - log_request - GET /api/patient/shop/products - 200 - 0.005s
2026-05-06 13:54:35 - api.request - INFO - logging_config.py:133 - log_request - GET /api/patient/shop/cart - 200 - 0.009s
2026-05-06 13:54:35 - api.request - INFO - logging_config.py:133 - log_request - GET /api/patient/shop/orders - 200 - 0.010s
2026-05-06 13:54:35 - api.request - INFO - logging_config.py:133 - log_request - GET /api/patient/shop/orders - 200 - 0.012s
2026-05-06 13:54:37 - api.request - INFO - logging_config.py:133 - log_request - GET /api/patient/prescriptions - 200 - 0.008s
2026-05-06 13:55:11 - api.request - INFO - logging_config.py:133 - log_request - POST /api/patient/measurements - 200 - 0.042s
2026-05-06 13:55:13 - api.request - INFO - logging_config.py:133 - log_request - GET /api/patient/measurements - 200 - 0.006s
2026-05-06 13:55:43 - api.request - INFO - logging_config.py:133 - log_request - GET /api/patient/profile - 200 - 0.012s
2026-05-06 13:55:43 - api.request - INFO - logging_config.py:133 - log_request - GET /api/patient/medications - 200 - 0.011s
2026-05-06 13:55:43 - api.request - INFO - logging_config.py:133 - log_request - GET /api/patient/measurements - 200 - 0.019s
2026-05-06 13:55:43 - api.request - INFO - logging_config.py:133 - log_request - GET /api/patient/doctors - 200 - 0.017s
2026-05-06 13:57:00 - api.request - INFO - logging_config.py:133 - log_request - GET /api/patient/shop/orders - 200 - 0.005s
2026-05-06 13:57:00 - api.request - INFO - logging_config.py:133 - log_request - GET /api/patient/profile - 200 - 0.006s
2026-05-06 13:57:46 - api.request - INFO - logging_config.py:133 - log_request - GET /api/patient/shop/orders - 200 - 0.010s
2026-05-06 13:57:46 - api.request - INFO - logging_config.py:133 - log_request - GET /api/patient/profile - 200 - 0.014s
2026-05-06 14:05:38 - api.request - INFO - logging_config.py:133 - log_request - GET /health - 200 - 0.002s
2026-05-06 14:05:38 - api.request - INFO - logging_config.py:133 - log_request - GET /api/patient/measurements - 200 - 0.027s
2026-05-06 14:05:38 - api.request - INFO - logging_config.py:133 - log_request - GET /api/patient/medications - 200 - 0.024s
2026-05-06 14:05:38 - api.request - INFO - logging_config.py:133 - log_request - GET /api/patient/doctors - 200 - 0.032s
2026-05-06 14:05:38 - api.request - INFO - logging_config.py:133 - log_request - GET /api/patient/profile - 200 - 0.042s
2026-05-06 14:05:38 - api.request - INFO - logging_config.py:133 - log_request - GET /api/patient/medications - 200 - 0.020s
2026-05-06 14:05:38 - api.request - INFO - logging_config.py:133 - log_request - GET /api/patient/measurements - 200 - 0.024s
2026-05-06 14:05:38 - api.request - INFO - logging_config.py:133 - log_request - GET /api/patient/profile - 200 - 0.027s
2026-05-06 14:05:38 - api.request - INFO - logging_config.py:133 - log_request - GET /api/patient/doctors - 200 - 0.026s
2026-05-06 14:05:42 - api.request - INFO - logging_config.py:133 - log_request - GET /api/patient/shop/products - 200 - 0.004s
2026-05-06 14:05:42 - api.request - INFO - logging_config.py:133 - log_request - GET /api/patient/shop/cart - 200 - 0.004s
2026-05-06 14:05:45 - api.request - INFO - logging_config.py:133 - log_request - GET /api/patient/shop/orders - 200 - 0.004s
2026-05-06 14:05:45 - api.request - INFO - logging_config.py:133 - log_request - GET /api/patient/shop/orders - 200 - 0.004s
2026-05-06 14:05:48 - api.request - INFO - logging_config.py:133 - log_request - GET /api/patient/prescriptions - 200 - 0.008s
2026-05-06 14:05:50 - api.request - INFO - logging_config.py:133 - log_request - GET /api/patient/profile - 200 - 0.008s
2026-05-06 14:05:50 - api.request - INFO - logging_config.py:133 - log_request - GET /api/patient/shop/orders - 200 - 0.005s
2026-05-06 14:05:50 - api.request - INFO - logging_config.py:133 - log_request - GET /api/patient/profile - 200 - 0.009s
2026-05-06 14:05:50 - api.request - INFO - logging_config.py:133 - log_request - GET /api/patient/shop/orders - 200 - 0.005s
2026-05-06 14:06:04 - api.request - INFO - logging_config.py:133 - log_request - GET /api/patient/shop/cart - 200 - 0.004s
2026-05-06 14:06:15 - api.request - INFO - logging_config.py:133 - log_request - GET /health - 200 - 0.001s
2026-05-06 14:06:16 - api.request - INFO - logging_config.py:133 - log_request - GET /api/patient/profile - 200 - 0.008s
2026-05-06 14:06:16 - api.request - INFO - logging_config.py:133 - log_request - GET /api/patient/measurements - 200 - 0.004s
2026-05-06 14:06:16 - api.request - INFO - logging_config.py:133 - log_request - GET /api/patient/medications - 200 - 0.003s
2026-05-06 14:06:16 - api.request - INFO - logging_config.py:133 - log_request - GET /api/patient/doctors - 200 - 0.007s
2026-05-06 14:06:17 - api.request - INFO - logging_config.py:133 - log_request - GET /api/patient/profile - 200 - 0.006s
2026-05-06 14:06:17 - api.request - INFO - logging_config.py:133 - log_request - GET /api/patient/measurements - 200 - 0.004s
2026-05-06 14:06:17 - api.request - INFO - logging_config.py:133 - log_request - GET /api/patient/medications - 200 - 0.004s
2026-05-06 14:06:17 - api.request - INFO - logging_config.py:133 - log_request - GET /api/patient/doctors - 200 - 0.007s
2026-05-06 14:06:38 - api.request - INFO - logging_config.py:133 - log_request - GET /api/patient/shop/orders - 200 - 0.004s
2026-05-06 14:06:38 - api.request - INFO - logging_config.py:133 - log_request - GET /api/patient/profile - 200 - 0.006s
2026-05-06 14:06:39 - api.request - INFO - logging_config.py:133 - log_request - GET /api/patient/measurements - 200 - 0.011s
2026-05-06 14:06:39 - api.request - INFO - logging_config.py:133 - log_request - GET /api/patient/medications - 200 - 0.012s
2026-05-06 14:06:39 - api.request - INFO - logging_config.py:133 - log_request - GET /api/patient/profile - 200 - 0.015s
2026-05-06 14:06:40 - api.request - INFO - logging_config.py:133 - log_request - GET /health - 200 - 0.001s
2026-05-06 14:06:44 - api.request - INFO - logging_config.py:133 - log_request - GET /api/patient/profile - 200 - 0.006s
2026-05-06 14:06:47 - api.request - INFO - logging_config.py:133 - log_request - GET /api/patient/profile - 200 - 0.006s
2026-05-06 14:06:50 - api.request - INFO - logging_config.py:133 - log_request - GET /api/patient/profile - 200 - 0.009s
2026-05-06 14:06:50 - api.request - INFO - logging_config.py:133 - log_request - GET /api/patient/messages - 200 - 0.009s
2026-05-06 14:06:50 - api.request - INFO - logging_config.py:133 - log_request - GET /api/patient/doctor/profile - 200 - 0.013s
2026-05-06 14:07:00 - api.request - INFO - logging_config.py:133 - log_request - GET /health - 200 - 0.001s
2026-05-06 14:07:00 - api.request - INFO - logging_config.py:133 - log_request - GET /api/patient/shop/orders - 200 - 0.005s
2026-05-06 14:07:00 - api.request - INFO - logging_config.py:133 - log_request - GET /api/patient/shop/orders - 200 - 0.006s
2026-05-06 14:07:00 - api.request - INFO - logging_config.py:133 - log_request - GET /api/patient/messages - 200 - 0.011s
2026-05-06 14:07:00 - api.request - INFO - logging_config.py:133 - log_request - GET /api/patient/doctor/profile - 200 - 0.018s
2026-05-06 14:07:00 - api.request - INFO - logging_config.py:133 - log_request - GET /api/patient/profile - 200 - 0.022s
2026-05-06 14:07:13 - api.request - INFO - logging_config.py:133 - log_request - GET /api/patient/medications - 200 - 0.005s
2026-05-06 14:07:13 - api.request - INFO - logging_config.py:133 - log_request - GET /api/patient/measurements - 200 - 0.004s
2026-05-06 14:07:13 - api.request - INFO - logging_config.py:133 - log_request - GET /health - 200 - 0.001s
2026-05-06 14:07:13 - api.request - INFO - logging_config.py:133 - log_request - GET /api/patient/measurements - 200 - 0.006s
2026-05-06 14:07:13 - api.request - INFO - logging_config.py:133 - log_request - GET /api/patient/profile - 200 - 0.008s
2026-05-06 14:07:13 - api.request - INFO - logging_config.py:133 - log_request - GET /api/patient/medications - 200 - 0.003s
2026-05-06 14:07:13 - api.request - INFO - logging_config.py:133 - log_request - GET /api/patient/profile - 200 - 0.005s
2026-05-06 14:07:42 - api.request - INFO - logging_config.py:133 - log_request - GET /health - 200 - 0.001s
2026-05-06 14:07:43 - api.request - INFO - logging_config.py:133 - log_request - GET /api/patient/shop/orders - 200 - 0.012s
2026-05-06 14:07:43 - api.request - INFO - logging_config.py:133 - log_request - GET /api/patient/profile - 200 - 0.020s
2026-05-06 14:07:43 - api.request - INFO - logging_config.py:133 - log_request - GET /api/patient/shop/orders - 200 - 0.018s
2026-05-06 14:07:43 - api.request - INFO - logging_config.py:133 - log_request - GET /api/patient/profile - 200 - 0.025s
2026-05-06 14:07:45 - api.request - INFO - logging_config.py:133 - log_request - GET /api/patient/doctor/profile - 200 - 0.012s
2026-05-06 14:07:45 - api.request - INFO - logging_config.py:133 - log_request - GET /api/patient/messages - 200 - 0.018s
2026-05-06 14:07:45 - api.request - INFO - logging_config.py:133 - log_request - GET /api/patient/profile - 200 - 0.019s
2026-05-06 14:07:48 - api.request - INFO - logging_config.py:133 - log_request - GET /api/patient/messages - 200 - 0.006s
2026-05-06 14:07:51 - api.request - INFO - logging_config.py:133 - log_request - GET /api/patient/messages - 200 - 0.006s
2026-05-06 14:07:52 - api.request - INFO - logging_config.py:133 - log_request - GET /api/patient/prescriptions - 200 - 0.007s
2026-05-06 14:09:23 - api.request - INFO - logging_config.py:133 - log_request - GET /health - 200 - 0.001s
2026-05-06 14:09:24 - api.request - INFO - logging_config.py:133 - log_request - POST /api/patient/login - 200 - 0.008s
2026-05-06 14:09:27 - api.request - INFO - logging_config.py:133 - log_request - GET /api/patient/shop/cart - 200 - 0.004s
2026-05-06 14:09:27 - api.request - INFO - logging_config.py:133 - log_request - GET /api/patient/shop/products - 200 - 0.006s
2026-05-06 14:09:29 - api.request - INFO - logging_config.py:133 - log_request - GET /api/patient/profile - 200 - 0.006s
2026-05-06 14:09:29 - api.request - INFO - logging_config.py:133 - log_request - GET /api/patient/measurements - 200 - 0.013s
2026-05-06 14:09:29 - api.request - INFO - logging_config.py:133 - log_request - GET /api/patient/measurements - 200 - 0.013s
2026-05-06 14:09:29 - api.request - INFO - logging_config.py:133 - log_request - GET /api/patient/medications - 200 - 0.021s
2026-05-06 14:09:29 - api.request - INFO - logging_config.py:133 - log_request - GET /api/patient/profile - 200 - 0.024s
2026-05-06 14:09:29 - api.request - INFO - logging_config.py:133 - log_request - GET /api/patient/medications - 200 - 0.023s
2026-05-06 14:09:30 - api.request - INFO - logging_config.py:133 - log_request - GET /api/patient/shop/orders - 200 - 0.013s
2026-05-06 14:09:30 - api.request - INFO - logging_config.py:133 - log_request - GET /api/patient/shop/orders - 200 - 0.024s
2026-05-06 14:09:30 - api.request - INFO - logging_config.py:133 - log_request - GET /api/patient/profile - 200 - 0.025s
2026-05-06 14:09:30 - api.request - INFO - logging_config.py:133 - log_request - GET /api/patient/profile - 200 - 0.025s
2026-05-06 14:09:32 - api.request - INFO - logging_config.py:133 - log_request - GET /api/patient/doctor/profile - 200 - 0.014s
2026-05-06 14:09:32 - api.request - INFO - logging_config.py:133 - log_request - GET /api/patient/messages - 200 - 0.015s
2026-05-06 14:09:32 - api.request - INFO - logging_config.py:133 - log_request - GET /api/patient/profile - 200 - 0.020s
2026-05-06 14:09:37 - api.request - INFO - logging_config.py:133 - log_request - GET /api/patient/profile - 200 - 0.006s
2026-05-06 14:09:37 - api.request - INFO - logging_config.py:133 - log_request - GET /api/patient/measurements - 200 - 0.004s
2026-05-06 14:09:37 - api.request - INFO - logging_config.py:133 - log_request - GET /api/patient/medications - 200 - 0.004s
2026-05-06 14:09:37 - api.request - INFO - logging_config.py:133 - log_request - GET /api/patient/doctors - 200 - 0.008s
2026-05-06 14:09:46 - api.request - INFO - logging_config.py:133 - log_request - GET /health - 200 - 0.001s
2026-05-06 14:10:09 - api.request - INFO - logging_config.py:133 - log_request - GET /health - 200 - 0.001s
2026-05-06 14:10:18 - api.request - INFO - logging_config.py:133 - log_request - POST /api/patient/login - 200 - 0.008s
2026-05-06 14:10:22 - api.request - INFO - logging_config.py:133 - log_request - GET /api/patient/measurements - 200 - 0.025s
2026-05-06 14:10:22 - api.request - INFO - logging_config.py:133 - log_request - GET /api/patient/medications - 200 - 0.026s
2026-05-06 14:10:22 - api.request - INFO - logging_config.py:133 - log_request - GET /api/patient/doctors - 200 - 0.026s
2026-05-06 14:10:22 - api.request - INFO - logging_config.py:133 - log_request - GET /api/patient/profile - 200 - 0.034s
2026-05-06 14:10:22 - api.request - INFO - logging_config.py:133 - log_request - GET /api/patient/measurements - 200 - 0.004s
2026-05-06 14:10:22 - api.request - INFO - logging_config.py:133 - log_request - GET /api/patient/medications - 200 - 0.004s
2026-05-06 14:10:22 - api.request - INFO - logging_config.py:133 - log_request - GET /api/patient/profile - 200 - 0.013s
2026-05-06 14:10:22 - api.request - INFO - logging_config.py:133 - log_request - GET /api/patient/doctors - 200 - 0.015s
2026-05-06 14:10:30 - api.request - INFO - logging_config.py:133 - log_request - GET /api/patient/shop/orders - 200 - 0.007s
2026-05-06 14:10:30 - api.request - INFO - logging_config.py:133 - log_request - GET /api/patient/profile - 200 - 0.011s
2026-05-06 14:10:30 - api.request - INFO - logging_config.py:133 - log_request - GET /api/patient/shop/orders - 200 - 0.008s
2026-05-06 14:10:30 - api.request - INFO - logging_config.py:133 - log_request - GET /api/patient/profile - 200 - 0.010s
2026-05-06 14:10:34 - api.request - INFO - logging_config.py:133 - log_request - GET /api/patient/profile - 200 - 0.011s
2026-05-06 14:10:34 - api.request - INFO - logging_config.py:133 - log_request - GET /api/patient/doctor/profile - 200 - 0.012s
2026-05-06 14:10:34 - api.request - INFO - logging_config.py:133 - log_request - GET /api/patient/messages - 200 - 0.009s
2026-05-06 14:10:37 - api.request - INFO - logging_config.py:133 - log_request - GET /api/patient/messages - 200 - 0.005s
2026-05-06 14:10:40 - api.request - INFO - logging_config.py:133 - log_request - GET /api/patient/shop/orders - 200 - 0.004s
2026-05-06 14:10:40 - api.request - INFO - logging_config.py:133 - log_request - GET /api/patient/profile - 200 - 0.007s
2026-05-06 14:10:41 - api.request - INFO - logging_config.py:133 - log_request - GET /api/patient/medications - 200 - 0.003s
2026-05-06 14:10:42 - api.request - INFO - logging_config.py:133 - log_request - GET /api/patient/measurements - 200 - 0.006s
2026-05-06 14:10:42 - api.request - INFO - logging_config.py:133 - log_request - GET /api/patient/profile - 200 - 0.009s
2026-05-06 14:16:31 - api.request - INFO - logging_config.py:133 - log_request - GET /health - 200 - 0.001s
2026-05-06 14:16:31 - api.request - INFO - logging_config.py:133 - log_request - GET /api/patient/profile - 200 - 0.022s
2026-05-06 14:16:32 - api.request - INFO - logging_config.py:133 - log_request - GET /api/patient/medications - 200 - 0.027s
2026-05-06 14:16:32 - api.request - INFO - logging_config.py:133 - log_request - GET /api/patient/profile - 200 - 0.028s
2026-05-06 14:16:32 - api.request - INFO - logging_config.py:133 - log_request - GET /api/patient/medications - 200 - 0.025s
2026-05-06 14:16:32 - api.request - INFO - logging_config.py:133 - log_request - GET /api/patient/measurements - 200 - 0.024s
2026-05-06 14:16:32 - api.request - INFO - logging_config.py:133 - log_request - GET /api/patient/measurements - 200 - 0.021s
2026-05-06 14:16:33 - api.request - INFO - logging_config.py:133 - log_request - GET /api/patient/shop/products - 200 - 0.007s
2026-05-06 14:16:33 - api.request - INFO - logging_config.py:133 - log_request - GET /api/patient/shop/cart - 200 - 0.008s
2026-05-06 14:16:33 - api.request - INFO - logging_config.py:133 - log_request - GET /api/patient/profile - 200 - 0.006s
2026-05-06 14:16:33 - api.request - INFO - logging_config.py:133 - log_request - GET /api/patient/shop/orders - 200 - 0.009s
2026-05-06 14:16:33 - api.request - INFO - logging_config.py:133 - log_request - GET /api/patient/shop/orders - 200 - 0.013s
2026-05-06 14:16:33 - api.request - INFO - logging_config.py:133 - log_request - GET /api/patient/profile - 200 - 0.016s
2026-05-06 14:16:36 - api.request - INFO - logging_config.py:133 - log_request - GET /api/patient/messages - 200 - 0.008s
2026-05-06 14:16:36 - api.request - INFO - logging_config.py:133 - log_request - GET /api/patient/profile - 200 - 0.013s
2026-05-06 14:16:36 - api.request - INFO - logging_config.py:133 - log_request - GET /api/patient/doctor/profile - 200 - 0.004s
2026-05-06 14:16:38 - api.request - INFO - logging_config.py:133 - log_request - GET /api/patient/messages - 200 - 0.006s
2026-05-06 14:16:41 - api.request - INFO - logging_config.py:133 - log_request - GET /api/patient/messages - 200 - 0.005s
2026-05-06 14:16:44 - api.request - INFO - logging_config.py:133 - log_request - GET /api/patient/messages - 200 - 0.006s
2026-05-06 14:16:56 - api.request - INFO - logging_config.py:133 - log_request - GET /health - 200 - 0.001s
2026-05-06 14:16:56 - api.request - INFO - logging_config.py:133 - log_request - GET /api/patient/shop/orders - 200 - 0.010s
2026-05-06 14:16:56 - api.request - INFO - logging_config.py:133 - log_request - GET /api/patient/shop/orders - 200 - 0.011s
2026-05-06 14:16:56 - api.request - INFO - logging_config.py:133 - log_request - GET /api/patient/messages - 200 - 0.015s
2026-05-06 14:16:56 - api.request - INFO - logging_config.py:133 - log_request - GET /api/patient/doctor/profile - 200 - 0.019s
2026-05-06 14:16:56 - api.request - INFO - logging_config.py:133 - log_request - GET /api/patient/profile - 200 - 0.021s
2026-05-06 14:17:00 - api.request - INFO - logging_config.py:133 - log_request - GET /api/patient/messages - 200 - 0.006s
2026-05-06 14:17:03 - api.request - INFO - logging_config.py:133 - log_request - GET /api/patient/messages - 200 - 0.005s
2026-05-06 14:17:05 - api.request - INFO - logging_config.py:133 - log_request - GET /api/patient/profile - 200 - 0.006s
2026-05-06 14:17:06 - api.request - INFO - logging_config.py:133 - log_request - GET /api/patient/measurements - 200 - 0.015s
2026-05-06 14:17:06 - api.request - INFO - logging_config.py:133 - log_request - GET /api/patient/medications - 200 - 0.016s
2026-05-06 14:17:06 - api.request - INFO - logging_config.py:133 - log_request - GET /api/patient/profile - 200 - 0.025s
2026-05-06 14:17:06 - api.request - INFO - logging_config.py:133 - log_request - GET /api/patient/doctors - 200 - 0.025s
2026-05-06 14:17:09 - api.request - INFO - logging_config.py:133 - log_request - GET /api/patient/measurements - 200 - 0.005s
2026-05-06 14:17:11 - api.request - INFO - logging_config.py:133 - log_request - GET /api/patient/doctors - 200 - 0.011s
2026-05-06 14:17:13 - api.request - INFO - logging_config.py:133 - log_request - GET /api/patient/doctors - 200 - 0.007s
2026-05-06 14:17:15 - api.request - INFO - logging_config.py:133 - log_request - GET /api/patient/profile - 200 - 0.017s
2026-05-06 14:17:15 - api.request - INFO - logging_config.py:133 - log_request - GET /api/patient/doctor/profile - 200 - 0.019s
2026-05-06 14:17:15 - api.request - INFO - logging_config.py:133 - log_request - GET /api/patient/messages - 200 - 0.018s
2026-05-06 14:17:16 - api.request - INFO - logging_config.py:133 - log_request - GET /api/patient/doctors - 200 - 0.008s
2026-05-06 14:17:17 - api.request - INFO - logging_config.py:133 - log_request - POST /api/patient/video-calls - 200 - 0.020s
2026-05-06 14:17:23 - api.request - INFO - logging_config.py:133 - log_request - GET /api/patient/video-calls/1 - 200 - 0.006s
2026-05-06 14:17:25 - api.request - INFO - logging_config.py:133 - log_request - PUT /api/patient/video-calls/1/end - 200 - 0.011s
2026-05-06 14:17:27 - api.request - INFO - logging_config.py:133 - log_request - GET /api/patient/doctors - 200 - 0.007s
2026-05-06 14:17:31 - api.request - INFO - logging_config.py:133 - log_request - GET /api/patient/prescriptions - 200 - 0.010s
2026-05-06 14:17:31 - api.request - INFO - logging_config.py:133 - log_request - GET /api/patient/shop/orders - 200 - 0.009s
2026-05-06 14:17:31 - api.request - INFO - logging_config.py:133 - log_request - GET /api/patient/shop/orders - 200 - 0.012s
2026-05-06 14:17:32 - api.request - INFO - logging_config.py:133 - log_request - GET /api/patient/shop/products - 200 - 0.005s
2026-05-06 14:17:32 - api.request - INFO - logging_config.py:133 - log_request - GET /api/patient/shop/cart - 200 - 0.005s
2026-05-06 14:17:48 - api.request - INFO - logging_config.py:133 - log_request - GET /api/patient/measurements - 200 - 0.018s
2026-05-06 14:17:48 - api.request - INFO - logging_config.py:133 - log_request - GET /api/patient/profile - 200 - 0.020s
2026-05-06 14:17:48 - api.request - INFO - logging_config.py:133 - log_request - GET /api/patient/medications - 200 - 0.023s
2026-05-06 14:17:48 - api.request - INFO - logging_config.py:133 - log_request - GET /api/patient/doctors - 200 - 0.025s
2026-05-06 14:17:55 - api.request - INFO - logging_config.py:133 - log_request - GET /health - 200 - 0.001s
2026-05-06 14:17:57 - api.request - INFO - logging_config.py:133 - log_request - GET /api/patient/profile - 200 - 0.011s
2026-05-06 14:17:57 - api.request - INFO - logging_config.py:133 - log_request - GET /api/patient/shop/orders - 200 - 0.013s
2026-05-06 14:17:57 - api.request - INFO - logging_config.py:133 - log_request - GET /api/patient/shop/orders - 200 - 0.010s
2026-05-06 14:17:57 - api.request - INFO - logging_config.py:133 - log_request - GET /api/patient/profile - 200 - 0.007s
2026-05-06 14:17:58 - api.request - INFO - logging_config.py:133 - log_request - GET /api/patient/messages - 200 - 0.005s
2026-05-06 14:17:58 - api.request - INFO - logging_config.py:133 - log_request - GET /api/patient/doctor/profile - 200 - 0.009s
2026-05-06 14:17:58 - api.request - INFO - logging_config.py:133 - log_request - GET /api/patient/profile - 200 - 0.008s
2026-05-06 14:18:01 - api.request - INFO - logging_config.py:133 - log_request - GET /api/patient/messages - 200 - 0.005s
2026-05-06 14:18:12 - api.request - INFO - logging_config.py:133 - log_request - GET /api/patient/shop/cart - 200 - 0.008s
2026-05-06 14:18:12 - api.request - INFO - logging_config.py:133 - log_request - GET /api/patient/shop/products - 200 - 0.010s
2026-05-06 14:18:12 - api.request - INFO - logging_config.py:133 - log_request - GET /api/patient/shop/orders - 200 - 0.008s
2026-05-06 14:18:12 - api.request - INFO - logging_config.py:133 - log_request - GET /api/patient/shop/orders - 200 - 0.011s
2026-05-06 14:18:13 - api.request - INFO - logging_config.py:133 - log_request - GET /api/patient/prescriptions - 200 - 0.008s
2026-05-06 14:18:15 - api.request - INFO - logging_config.py:133 - log_request - GET /api/patient/shop/orders - 200 - 0.005s
2026-05-06 14:18:19 - api.request - INFO - logging_config.py:133 - log_request - GET /api/patient/doctors - 200 - 0.007s
2026-05-06 14:18:20 - api.request - INFO - logging_config.py:133 - log_request - GET /api/patient/medications - 200 - 0.011s
2026-05-06 14:18:20 - api.request - INFO - logging_config.py:133 - log_request - GET /api/patient/profile - 200 - 0.022s
2026-05-06 14:18:20 - api.request - INFO - logging_config.py:133 - log_request - GET /api/patient/doctors - 200 - 0.025s
2026-05-06 14:18:20 - api.request - INFO - logging_config.py:133 - log_request - GET /api/patient/measurements - 200 - 0.026s
2026-05-06 14:18:21 - api.request - INFO - logging_config.py:133 - log_request - GET /api/patient/doctors - 200 - 0.010s
2026-05-06 14:18:54 - api.request - INFO - logging_config.py:133 - log_request - GET /api/patient/medications - 200 - 0.015s
2026-05-06 14:18:54 - api.request - INFO - logging_config.py:133 - log_request - GET /api/patient/profile - 200 - 0.019s
2026-05-06 14:18:54 - api.request - INFO - logging_config.py:133 - log_request - GET /api/patient/doctors - 200 - 0.020s
2026-05-06 14:18:55 - api.request - INFO - logging_config.py:133 - log_request - GET /api/patient/measurements - 200 - 0.004s
2026-05-06 14:41:25 - api.request - WARNING - logging_config.py:131 - log_request - GET /static/favicon.ico - 404 - 0.002s
2026-05-06 14:52:20 - api.request - INFO - logging_config.py:133 - log_request - GET /health - 200 - 0.001s
2026-05-06 14:52:20 - api.request - INFO - logging_config.py:133 - log_request - GET /api/patient/profile - 200 - 0.008s
2026-05-06 14:52:20 - api.request - INFO - logging_config.py:133 - log_request - GET /api/patient/measurements - 200 - 0.004s
2026-05-06 14:52:20 - api.request - INFO - logging_config.py:133 - log_request - GET /api/patient/medications - 200 - 0.004s
2026-05-06 14:52:20 - api.request - INFO - logging_config.py:133 - log_request - GET /api/patient/doctors - 200 - 0.013s
2026-05-06 14:52:20 - api.request - INFO - logging_config.py:133 - log_request - GET /api/patient/profile - 200 - 0.007s
2026-05-06 14:52:20 - api.request - INFO - logging_config.py:133 - log_request - GET /api/patient/measurements - 200 - 0.004s
2026-05-06 14:52:20 - api.request - INFO - logging_config.py:133 - log_request - GET /api/patient/medications - 200 - 0.004s
2026-05-06 14:52:20 - api.request - INFO - logging_config.py:133 - log_request - GET /api/patient/doctors - 200 - 0.008s
2026-05-06 14:52:37 - api.request - INFO - logging_config.py:133 - log_request - GET /health - 200 - 0.001s
2026-05-06 14:52:48 - api.request - INFO - logging_config.py:133 - log_request - GET /api/patient/shop/products - 200 - 0.004s
2026-05-06 14:52:48 - api.request - INFO - logging_config.py:133 - log_request - GET /api/patient/shop/cart - 200 - 0.004s
2026-05-06 14:52:51 - api.request - INFO - logging_config.py:133 - log_request - GET /api/patient/shop/orders - 200 - 0.005s
2026-05-06 14:52:51 - api.request - INFO - logging_config.py:133 - log_request - GET /api/patient/shop/orders - 200 - 0.004s
2026-05-06 14:52:54 - api.request - INFO - logging_config.py:133 - log_request - GET /api/patient/prescriptions - 200 - 0.008s
2026-05-06 14:52:58 - api.request - INFO - logging_config.py:133 - log_request - GET /api/patient/profile - 200 - 0.006s
2026-05-06 14:52:58 - api.request - INFO - logging_config.py:133 - log_request - GET /api/patient/shop/orders - 200 - 0.004s
2026-05-06 14:52:58 - api.request - INFO - logging_config.py:133 - log_request - GET /api/patient/profile - 200 - 0.019s
2026-05-06 14:52:58 - api.request - INFO - logging_config.py:133 - log_request - GET /api/patient/shop/orders - 200 - 0.009s
2026-05-06 14:53:13 - api.request - INFO - logging_config.py:133 - log_request - GET /health - 200 - 0.001s
2026-05-06 14:53:15 - api.request - INFO - logging_config.py:133 - log_request - POST /api/patient/login - 200 - 0.007s
2026-05-06 14:53:18 - api.request - INFO - logging_config.py:133 - log_request - GET /api/patient/measurements - 200 - 0.024s
2026-05-06 14:53:18 - api.request - INFO - logging_config.py:133 - log_request - GET /api/patient/measurements - 200 - 0.023s
2026-05-06 14:53:18 - api.request - INFO - logging_config.py:133 - log_request - GET /api/patient/doctors - 200 - 0.035s
2026-05-06 14:53:18 - api.request - INFO - logging_config.py:133 - log_request - GET /api/patient/profile - 200 - 0.040s
2026-05-06 14:53:18 - api.request - INFO - logging_config.py:133 - log_request - GET /api/patient/medications - 200 - 0.035s
2026-05-06 14:53:18 - api.request - INFO - logging_config.py:133 - log_request - GET /api/patient/medications - 200 - 0.029s
2026-05-06 14:53:18 - api.request - INFO - logging_config.py:133 - log_request - GET /api/patient/profile - 200 - 0.045s
2026-05-06 14:53:18 - api.request - INFO - logging_config.py:133 - log_request - GET /api/patient/doctors - 200 - 0.017s
2026-05-06 14:53:25 - api.request - INFO - logging_config.py:133 - log_request - GET /api/patient/shop/products - 200 - 0.005s
2026-05-06 14:53:25 - api.request - INFO - logging_config.py:133 - log_request - GET /api/patient/shop/cart - 200 - 0.004s
2026-05-06 14:53:26 - api.request - INFO - logging_config.py:133 - log_request - GET /api/patient/shop/orders - 200 - 0.007s
2026-05-06 14:53:26 - api.request - INFO - logging_config.py:133 - log_request - GET /api/patient/shop/orders - 200 - 0.011s
2026-05-06 14:53:27 - api.request - INFO - logging_config.py:133 - log_request - GET /api/patient/prescriptions - 200 - 0.007s
2026-05-06 14:53:28 - api.request - INFO - logging_config.py:133 - log_request - GET /api/patient/shop/orders - 200 - 0.018s
2026-05-06 14:53:28 - api.request - INFO - logging_config.py:133 - log_request - GET /api/patient/shop/orders - 200 - 0.025s
2026-05-06 14:53:28 - api.request - INFO - logging_config.py:133 - log_request - GET /api/patient/profile - 200 - 0.025s
2026-05-06 14:53:28 - api.request - INFO - logging_config.py:133 - log_request - GET /api/patient/profile - 200 - 0.029s
2026-05-06 14:53:29 - api.request - INFO - logging_config.py:133 - log_request - GET /api/patient/profile - 200 - 0.006s
2026-05-06 14:53:34 - api.request - INFO - logging_config.py:133 - log_request - GET /api/patient/profile - 200 - 0.017s
2026-05-06 14:53:34 - api.request - INFO - logging_config.py:133 - log_request - GET /api/patient/doctor/profile - 200 - 0.015s
2026-05-06 14:53:34 - api.request - INFO - logging_config.py:133 - log_request - GET /api/patient/messages - 200 - 0.018s
2026-05-06 14:53:44 - api.request - INFO - logging_config.py:133 - log_request - GET /api/patient/measurements - 200 - 0.008s
2026-05-06 14:53:50 - api.request - INFO - logging_config.py:133 - log_request - GET /api/patient/medications - 200 - 0.013s
2026-05-06 14:53:50 - api.request - INFO - logging_config.py:133 - log_request - GET /api/patient/measurements - 200 - 0.018s
2026-05-06 14:53:50 - api.request - INFO - logging_config.py:133 - log_request - GET /api/patient/profile - 200 - 0.022s
2026-05-06 14:53:50 - api.request - INFO - logging_config.py:133 - log_request - GET /api/patient/doctors - 200 - 0.025s
2026-05-06 14:53:53 - api.request - INFO - logging_config.py:133 - log_request - GET /api/patient/messages - 200 - 0.014s
2026-05-06 14:53:53 - api.request - INFO - logging_config.py:133 - log_request - GET /api/patient/profile - 200 - 0.017s
2026-05-06 14:53:53 - api.request - INFO - logging_config.py:133 - log_request - GET /api/patient/doctor/profile - 200 - 0.017s
2026-05-06 14:53:56 - api.request - INFO - logging_config.py:133 - log_request - GET /api/patient/messages - 200 - 0.005s
2026-05-06 14:53:56 - api.request - INFO - logging_config.py:133 - log_request - POST /api/patient/messages - 200 - 0.008s
2026-05-06 14:54:04 - api.request - INFO - logging_config.py:133 - log_request - OPTIONS /api/doctor/consultations - 200 - 0.000s
2026-05-06 14:54:04 - api.request - INFO - logging_config.py:133 - log_request - GET /api/doctor/consultations - 200 - 0.005s
2026-05-06 14:54:14 - api.request - INFO - logging_config.py:133 - log_request - POST /api/patient/video-calls - 200 - 0.017s
2026-05-06 14:54:19 - api.request - INFO - logging_config.py:133 - log_request - OPTIONS /api/doctor/patients - 200 - 0.000s
2026-05-06 14:54:19 - api.request - INFO - logging_config.py:133 - log_request - GET /api/doctor/patients - 200 - 0.009s
2026-05-06 14:54:19 - api.request - INFO - logging_config.py:133 - log_request - GET /api/doctor/consultations - 200 - 0.005s
2026-05-06 14:54:19 - api.request - INFO - logging_config.py:133 - log_request - GET /api/patient/video-calls/2 - 200 - 0.006s
2026-05-06 14:54:21 - api.request - INFO - logging_config.py:133 - log_request - OPTIONS /api/doctor/video-calls/2/join - 200 - 0.000s
2026-05-06 14:54:21 - api.request - INFO - logging_config.py:133 - log_request - POST /api/doctor/video-calls/2/join - 200 - 0.015s
2026-05-06 14:54:22 - api.request - INFO - logging_config.py:133 - log_request - GET /api/doctor/consultations - 200 - 0.005s
2026-05-06 14:54:24 - api.request - INFO - logging_config.py:133 - log_request - GET /api/patient/video-calls/2 - 200 - 0.006s
2026-05-06 14:54:27 - api.request - INFO - logging_config.py:133 - log_request - POST /api/doctor/video-calls/2/join - 200 - 0.010s
2026-05-06 14:54:27 - api.request - INFO - logging_config.py:133 - log_request - GET /api/doctor/consultations - 200 - 0.005s
2026-05-06 14:54:30 - api.request - INFO - logging_config.py:133 - log_request - GET /api/patient/video-calls/2 - 200 - 0.005s
2026-05-06 14:54:34 - api.request - INFO - logging_config.py:133 - log_request - GET /api/patient/video-calls/2 - 200 - 0.008s
2026-05-06 14:54:38 - api.request - INFO - logging_config.py:133 - log_request - POST /api/doctor/video-calls/2/join - 200 - 0.009s
2026-05-06 14:54:38 - api.request - INFO - logging_config.py:133 - log_request - GET /api/doctor/consultations - 200 - 0.005s
2026-05-06 14:54:40 - api.request - INFO - logging_config.py:133 - log_request - GET /api/patient/video-calls/2 - 200 - 0.006s
2026-05-06 14:54:44 - api.request - INFO - logging_config.py:133 - log_request - GET /api/patient/video-calls/2 - 200 - 0.006s
2026-05-06 14:54:50 - api.request - INFO - logging_config.py:133 - log_request - GET /api/patient/video-calls/2 - 200 - 0.005s
2026-05-06 14:54:54 - api.request - INFO - logging_config.py:133 - log_request - GET /api/patient/video-calls/2 - 200 - 0.005s
2026-05-06 16:29:08 - system - INFO - logging_config.py:221 - log_system_event - 系统事件: 应用关闭
2026-05-06 16:29:08 - root - INFO - main.py:34 - lifespan - 应用关闭完成
2026-05-06 16:29:35 - root - INFO - logging_config.py:231 - init_logging - 日志系统初始化完成
2026-05-06 16:29:35 - root - INFO - logging_config.py:232 - init_logging - 日志级别: INFO
2026-05-06 16:29:35 - root - INFO - logging_config.py:233 - init_logging - 日志文件: logs/app.log
2026-05-06 16:29:35 - system - INFO - logging_config.py:221 - log_system_event - 系统事件: 应用启动 - 详情: {'app_name': '慢性病管理小程序后端API', 'version': '1.0.0', 'debug': False, 'host': '0.0.0.0', 'port': 8000}
2026-05-06 16:29:35 - root - INFO - main.py:28 - lifespan - 应用启动完成 - 慢性病管理小程序后端API v1.0.0
2026-05-06 16:29:51 - api.request - INFO - logging_config.py:133 - log_request - GET /health - 200 - 0.001s
2026-05-07 02:08:37 - root - INFO - logging_config.py:231 - init_logging - 日志系统初始化完成
2026-05-07 02:08:37 - root - INFO - logging_config.py:232 - init_logging - 日志级别: INFO
2026-05-07 02:08:37 - root - INFO - logging_config.py:233 - init_logging - 日志文件: logs/app.log
2026-05-07 02:08:37 - system - INFO - logging_config.py:221 - log_system_event - 系统事件: 应用启动 - 详情: {'app_name': '慢性病管理小程序后端API', 'version': '1.0.0', 'debug': False, 'host': '0.0.0.0', 'port': 8000}
2026-05-07 02:08:37 - root - INFO - main.py:28 - lifespan - 应用启动完成 - 慢性病管理小程序后端API v1.0.0
2026-05-07 02:08:49 - api.request - INFO - logging_config.py:133 - log_request - GET /health - 200 - 0.001s
2026-05-07 02:09:23 - root - INFO - logging_config.py:231 - init_logging - 日志系统初始化完成
2026-05-07 02:09:23 - root - INFO - logging_config.py:232 - init_logging - 日志级别: INFO
2026-05-07 02:09:23 - root - INFO - logging_config.py:233 - init_logging - 日志文件: logs/app.log
2026-05-07 02:09:50 - root - INFO - logging_config.py:231 - init_logging - 日志系统初始化完成
2026-05-07 02:09:50 - root - INFO - logging_config.py:232 - init_logging - 日志级别: INFO
2026-05-07 02:09:50 - root - INFO - logging_config.py:233 - init_logging - 日志文件: logs/app.log
2026-05-07 02:10:04 - api.request - INFO - logging_config.py:133 - log_request - OPTIONS /api/admin/patients - 200 - 0.000s
2026-05-07 02:10:04 - api.request - INFO - logging_config.py:133 - log_request - GET /api/admin/patients - 200 - 0.127s
2026-05-07 02:10:16 - api.request - INFO - logging_config.py:133 - log_request - OPTIONS /api/doctor/consultations - 200 - 0.000s
2026-05-07 02:10:16 - api.request - INFO - logging_config.py:133 - log_request - GET /api/doctor/consultations - 200 - 0.012s
2026-05-07 02:10:58 - api.request - INFO - logging_config.py:133 - log_request - OPTIONS /api/doctor/video-calls/2/join - 200 - 0.000s
2026-05-07 02:10:58 - api.request - INFO - logging_config.py:133 - log_request - POST /api/doctor/video-calls/2/join - 200 - 0.018s
2026-05-07 02:10:59 - api.request - INFO - logging_config.py:133 - log_request - GET /api/doctor/consultations - 200 - 0.004s
2026-05-07 02:11:08 - api.request - INFO - logging_config.py:133 - log_request - OPTIONS /api/doctor/video-calls/2/end - 200 - 0.000s
2026-05-07 02:11:08 - api.request - INFO - logging_config.py:133 - log_request - PUT /api/doctor/video-calls/2/end - 200 - 0.012s
2026-05-07 02:11:10 - api.request - INFO - logging_config.py:133 - log_request - GET /api/doctor/consultations - 200 - 0.005s
2026-05-07 02:14:30 - api.request - INFO - logging_config.py:133 - log_request - GET /health - 200 - 0.001s
2026-05-07 02:14:31 - api.request - INFO - logging_config.py:133 - log_request - POST /api/patient/login - 200 - 0.014s
2026-05-07 02:14:33 - api.request - INFO - logging_config.py:133 - log_request - GET /api/patient/measurements - 200 - 0.058s
2026-05-07 02:14:33 - api.request - INFO - logging_config.py:133 - log_request - GET /api/patient/medications - 200 - 0.058s
2026-05-07 02:14:33 - api.request - INFO - logging_config.py:133 - log_request - GET /api/patient/doctors - 200 - 0.068s
2026-05-07 02:14:33 - api.request - INFO - logging_config.py:133 - log_request - GET /api/patient/measurements - 200 - 0.071s
2026-05-07 02:14:33 - api.request - INFO - logging_config.py:133 - log_request - GET /api/patient/medications - 200 - 0.069s
2026-05-07 02:14:33 - api.request - INFO - logging_config.py:133 - log_request - GET /api/patient/profile - 200 - 0.070s
2026-05-07 02:14:33 - api.request - INFO - logging_config.py:133 - log_request - GET /api/patient/doctors - 200 - 0.069s
2026-05-07 02:14:33 - api.request - INFO - logging_config.py:133 - log_request - GET /api/patient/profile - 200 - 0.073s
2026-05-07 02:14:34 - api.request - INFO - logging_config.py:133 - log_request - GET /api/patient/shop/orders - 200 - 0.015s
2026-05-07 02:14:34 - api.request - INFO - logging_config.py:133 - log_request - GET /api/patient/shop/orders - 200 - 0.020s
2026-05-07 02:14:34 - api.request - INFO - logging_config.py:133 - log_request - GET /api/patient/profile - 200 - 0.025s
2026-05-07 02:14:34 - api.request - INFO - logging_config.py:133 - log_request - GET /api/patient/profile - 200 - 0.029s
2026-05-07 02:14:36 - api.request - INFO - logging_config.py:133 - log_request - GET /api/patient/doctor/profile - 200 - 0.010s
2026-05-07 02:14:36 - api.request - INFO - logging_config.py:133 - log_request - GET /api/patient/profile - 200 - 0.012s
2026-05-07 02:14:36 - api.request - INFO - logging_config.py:133 - log_request - GET /api/patient/messages - 200 - 0.010s
2026-05-07 02:14:37 - api.request - INFO - logging_config.py:133 - log_request - GET /api/admin/patients - 200 - 0.008s
2026-05-07 02:14:39 - api.request - INFO - logging_config.py:133 - log_request - GET /api/patient/messages - 200 - 0.005s
2026-05-07 02:14:42 - api.request - INFO - logging_config.py:133 - log_request - GET /api/patient/messages - 200 - 0.005s
2026-05-07 02:14:47 - api.request - INFO - logging_config.py:133 - log_request - POST /api/patient/video-calls - 200 - 0.019s
2026-05-07 02:14:53 - api.request - INFO - logging_config.py:133 - log_request - GET /api/patient/video-calls/3 - 200 - 0.006s
2026-05-07 02:14:58 - api.request - INFO - logging_config.py:133 - log_request - GET /api/patient/video-calls/3 - 200 - 0.006s
2026-05-07 02:15:03 - api.request - INFO - logging_config.py:133 - log_request - GET /api/patient/video-calls/3 - 200 - 0.006s
2026-05-07 02:15:08 - api.request - INFO - logging_config.py:133 - log_request - GET /api/patient/video-calls/3 - 200 - 0.006s
2026-05-07 02:15:10 - api.request - INFO - logging_config.py:133 - log_request - GET /api/doctor/consultations - 200 - 0.005s
2026-05-07 02:15:13 - api.request - INFO - logging_config.py:133 - log_request - GET /api/patient/video-calls/3 - 200 - 0.005s
2026-05-07 02:15:14 - api.request - INFO - logging_config.py:133 - log_request - OPTIONS /api/doctor/video-calls/3/join - 200 - 0.000s
2026-05-07 02:15:14 - api.request - INFO - logging_config.py:133 - log_request - POST /api/doctor/video-calls/3/join - 200 - 0.014s
2026-05-07 02:15:15 - api.request - INFO - logging_config.py:133 - log_request - GET /api/doctor/consultations - 200 - 0.005s
2026-05-07 02:15:18 - api.request - INFO - logging_config.py:133 - log_request - GET /api/patient/video-calls/3 - 200 - 0.007s
2026-05-07 02:15:23 - api.request - INFO - logging_config.py:133 - log_request - GET /api/patient/video-calls/3 - 200 - 0.005s
2026-05-07 02:15:28 - api.request - INFO - logging_config.py:133 - log_request - GET /api/patient/video-calls/3 - 200 - 0.006s
2026-05-07 02:15:33 - api.request - INFO - logging_config.py:133 - log_request - GET /api/patient/video-calls/3 - 200 - 0.006s
2026-05-07 02:15:38 - api.request - INFO - logging_config.py:133 - log_request - GET /api/patient/video-calls/3 - 200 - 0.006s
2026-05-07 02:15:43 - api.request - INFO - logging_config.py:133 - log_request - GET /api/patient/video-calls/3 - 200 - 0.005s
2026-05-07 02:15:48 - api.request - INFO - logging_config.py:133 - log_request - GET /api/patient/video-calls/3 - 200 - 0.005s
2026-05-07 02:15:53 - api.request - INFO - logging_config.py:133 - log_request - GET /api/patient/video-calls/3 - 200 - 0.006s
2026-05-07 02:15:58 - api.request - INFO - logging_config.py:133 - log_request - GET /api/patient/video-calls/3 - 200 - 0.006s
2026-05-07 02:16:03 - api.request - INFO - logging_config.py:133 - log_request - GET /api/patient/video-calls/3 - 200 - 0.005s
2026-05-07 02:16:08 - api.request - INFO - logging_config.py:133 - log_request - GET /api/patient/video-calls/3 - 200 - 0.006s
2026-05-07 02:17:03 - api.request - INFO - logging_config.py:133 - log_request - GET /api/patient/video-calls/3 - 200 - 0.006s
2026-05-07 02:17:17 - api.request - INFO - logging_config.py:133 - log_request - GET /api/patient/video-calls/3 - 200 - 0.006s
2026-05-07 02:17:21 - api.request - INFO - logging_config.py:133 - log_request - GET /api/patient/video-calls/3 - 200 - 0.006s
2026-05-07 02:17:26 - api.request - INFO - logging_config.py:133 - log_request - GET /api/patient/video-calls/3 - 200 - 0.007s
2026-05-07 02:17:31 - api.request - INFO - logging_config.py:133 - log_request - GET /api/patient/video-calls/3 - 200 - 0.005s
2026-05-07 02:17:36 - api.request - INFO - logging_config.py:133 - log_request - GET /api/patient/video-calls/3 - 200 - 0.006s
2026-05-07 02:17:41 - api.request - INFO - logging_config.py:133 - log_request - GET /api/patient/video-calls/3 - 200 - 0.006s
2026-05-07 02:17:46 - api.request - INFO - logging_config.py:133 - log_request - GET /api/patient/video-calls/3 - 200 - 0.008s
2026-05-07 02:17:51 - api.request - INFO - logging_config.py:133 - log_request - GET /api/patient/video-calls/3 - 200 - 0.005s
2026-05-07 02:17:56 - api.request - INFO - logging_config.py:133 - log_request - GET /api/patient/video-calls/3 - 200 - 0.006s
2026-05-07 02:18:01 - api.request - INFO - logging_config.py:133 - log_request - GET /api/patient/video-calls/3 - 200 - 0.006s
2026-05-07 02:18:06 - api.request - INFO - logging_config.py:133 - log_request - GET /api/patient/video-calls/3 - 200 - 0.005s
2026-05-07 02:18:57 - api.request - INFO - logging_config.py:133 - log_request - OPTIONS /api/doctor/video-calls/3/end - 200 - 0.000s
2026-05-07 02:18:57 - api.request - INFO - logging_config.py:133 - log_request - PUT /api/doctor/video-calls/3/end - 200 - 0.012s
2026-05-07 02:18:59 - api.request - INFO - logging_config.py:133 - log_request - GET /api/patient/video-calls/3 - 200 - 0.006s
2026-05-07 02:19:00 - api.request - INFO - logging_config.py:133 - log_request - PUT /api/patient/video-calls/3/end - 200 - 0.012s
2026-05-07 02:19:02 - api.request - INFO - logging_config.py:133 - log_request - GET /api/patient/measurements - 200 - 0.013s
2026-05-07 02:19:02 - api.request - INFO - logging_config.py:133 - log_request - GET /api/patient/medications - 200 - 0.018s
2026-05-07 02:19:02 - api.request - INFO - logging_config.py:133 - log_request - GET /api/patient/profile - 200 - 0.024s
2026-05-07 02:19:02 - api.request - INFO - logging_config.py:133 - log_request - GET /api/patient/doctors - 200 - 0.021s
2026-05-07 02:19:20 - api.request - INFO - logging_config.py:133 - log_request - GET /api/doctor/consultations - 200 - 0.007s
2026-05-07 02:19:38 - api.request - INFO - logging_config.py:133 - log_request - GET /api/patient/measurements - 200 - 0.011s
2026-05-07 02:19:38 - api.request - INFO - logging_config.py:133 - log_request - GET /api/patient/doctors - 200 - 0.022s
2026-05-07 02:19:38 - api.request - INFO - logging_config.py:133 - log_request - GET /api/patient/profile - 200 - 0.021s
2026-05-07 02:19:38 - api.request - INFO - logging_config.py:133 - log_request - GET /api/patient/medications - 200 - 0.003s
2026-05-07 02:19:39 - api.request - INFO - logging_config.py:133 - log_request - GET /api/patient/shop/products - 200 - 0.017s
2026-05-07 02:19:39 - api.request - INFO - logging_config.py:133 - log_request - GET /api/patient/shop/cart - 200 - 0.010s
2026-05-07 02:19:39 - api.request - INFO - logging_config.py:133 - log_request - GET /api/admin/patients - 200 - 0.009s
2026-05-07 02:19:40 - api.request - INFO - logging_config.py:133 - log_request - GET /api/patient/shop/orders - 200 - 0.008s
2026-05-07 02:19:40 - api.request - INFO - logging_config.py:133 - log_request - GET /api/patient/shop/orders - 200 - 0.011s
2026-05-07 02:19:40 - api.request - INFO - logging_config.py:133 - log_request - GET /api/patient/prescriptions - 200 - 0.014s
2026-05-07 02:19:43 - api.request - INFO - logging_config.py:133 - log_request - GET /api/patient/profile - 200 - 0.081s
2026-05-07 02:19:43 - api.request - INFO - logging_config.py:133 - log_request - GET /api/patient/shop/orders - 200 - 0.082s
2026-05-07 02:26:50 - api.request - INFO - logging_config.py:133 - log_request - GET /api/patient/medications - 200 - 0.011s
2026-05-07 02:26:50 - api.request - INFO - logging_config.py:133 - log_request - GET /api/patient/measurements - 200 - 0.011s
2026-05-07 02:26:50 - api.request - INFO - logging_config.py:133 - log_request - GET /api/patient/doctors - 200 - 0.020s
2026-05-07 02:26:50 - api.request - INFO - logging_config.py:133 - log_request - GET /api/patient/profile - 200 - 0.024s
2026-05-07 02:27:39 - system - INFO - logging_config.py:221 - log_system_event - 系统事件: 应用关闭
2026-05-07 02:27:39 - root - INFO - main.py:34 - lifespan - 应用关闭完成
2026-05-07 02:27:41 - root - INFO - logging_config.py:231 - init_logging - 日志系统初始化完成
2026-05-07 02:27:41 - root - INFO - logging_config.py:232 - init_logging - 日志级别: INFO
2026-05-07 02:27:41 - root - INFO - logging_config.py:233 - init_logging - 日志文件: logs/app.log
2026-05-07 02:28:06 - root - INFO - logging_config.py:231 - init_logging - 日志系统初始化完成
2026-05-07 02:28:06 - root - INFO - logging_config.py:232 - init_logging - 日志级别: INFO
2026-05-07 02:28:06 - root - INFO - logging_config.py:233 - init_logging - 日志文件: logs/app.log
2026-05-07 02:28:06 - system - INFO - logging_config.py:221 - log_system_event - 系统事件: 应用启动 - 详情: {'app_name': '慢性病管理小程序后端API', 'version': '1.0.0', 'debug': False, 'host': '0.0.0.0', 'port': 8000}
2026-05-07 02:28:06 - root - INFO - main.py:28 - lifespan - 应用启动完成 - 慢性病管理小程序后端API v1.0.0
2026-05-07 02:28:24 - api.request - INFO - logging_config.py:133 - log_request - GET /health - 200 - 0.001s
2026-05-07 02:28:43 - api.request - INFO - logging_config.py:133 - log_request - OPTIONS /api/doctor/consultations - 200 - 0.000s
2026-05-07 02:28:44 - api.request - INFO - logging_config.py:133 - log_request - GET /api/doctor/consultations - 200 - 0.089s
2026-05-07 02:35:22 - api.request - INFO - logging_config.py:133 - log_request - GET /health - 200 - 0.003s
2026-05-07 02:35:22 - api.request - INFO - logging_config.py:133 - log_request - GET /api/patient/profile - 200 - 0.047s
2026-05-07 02:35:22 - api.request - INFO - logging_config.py:133 - log_request - GET /api/patient/doctors - 200 - 0.054s
2026-05-07 02:35:22 - api.request - INFO - logging_config.py:133 - log_request - GET /api/patient/medications - 200 - 0.053s
2026-05-07 02:35:22 - api.request - INFO - logging_config.py:133 - log_request - GET /api/patient/measurements - 200 - 0.053s
2026-05-07 02:35:23 - api.request - INFO - logging_config.py:133 - log_request - GET /api/patient/shop/cart - 200 - 0.008s
2026-05-07 02:35:23 - api.request - INFO - logging_config.py:133 - log_request - GET /api/patient/shop/orders - 200 - 0.008s
2026-05-07 02:35:24 - api.request - INFO - logging_config.py:133 - log_request - GET /api/patient/prescriptions - 200 - 0.015s
2026-05-07 02:35:24 - api.request - INFO - logging_config.py:133 - log_request - GET /api/patient/shop/orders - 200 - 0.010s
2026-05-07 02:35:24 - api.request - INFO - logging_config.py:133 - log_request - GET /api/patient/profile - 200 - 0.014s
2026-05-07 02:35:26 - api.request - INFO - logging_config.py:133 - log_request - GET /api/patient/profile - 200 - 0.007s
2026-05-07 02:35:27 - api.request - INFO - logging_config.py:133 - log_request - GET /api/patient/doctor/profile - 200 - 0.013s
2026-05-07 02:35:27 - api.request - INFO - logging_config.py:133 - log_request - GET /api/patient/messages - 200 - 0.015s
2026-05-07 02:35:29 - api.request - INFO - logging_config.py:133 - log_request - GET /api/patient/messages - 200 - 0.006s
2026-05-07 02:35:31 - api.request - INFO - logging_config.py:133 - log_request - GET /api/patient/doctors - 200 - 0.007s
2026-05-07 02:35:33 - api.request - INFO - logging_config.py:133 - log_request - POST /api/patient/video-calls - 200 - 0.023s
2026-05-07 02:35:40 - api.request - INFO - logging_config.py:133 - log_request - GET /api/patient/video-calls/4 - 200 - 0.017s
2026-05-07 02:35:42 - api.request - INFO - logging_config.py:133 - log_request - GET /api/doctor/consultations - 200 - 0.005s
2026-05-07 02:35:43 - api.request - INFO - logging_config.py:133 - log_request - OPTIONS /api/doctor/video-calls/4/join - 200 - 0.001s
2026-05-07 02:35:43 - api.request - INFO - logging_config.py:133 - log_request - POST /api/doctor/video-calls/4/join - 200 - 0.012s
2026-05-07 02:35:44 - api.request - INFO - logging_config.py:133 - log_request - GET /api/doctor/consultations - 200 - 0.005s
2026-05-07 02:35:45 - api.request - INFO - logging_config.py:133 - log_request - GET /api/patient/video-calls/4 - 200 - 0.006s
2026-05-07 02:35:50 - api.request - INFO - logging_config.py:133 - log_request - GET /api/patient/video-calls/4 - 200 - 0.006s
2026-05-07 02:35:55 - api.request - INFO - logging_config.py:133 - log_request - GET /api/patient/video-calls/4 - 200 - 0.006s
2026-05-07 02:36:00 - api.request - INFO - logging_config.py:133 - log_request - GET /api/patient/video-calls/4 - 200 - 0.005s
2026-05-07 02:36:05 - api.request - INFO - logging_config.py:133 - log_request - GET /api/patient/video-calls/4 - 200 - 0.005s
2026-05-07 02:36:10 - api.request - INFO - logging_config.py:133 - log_request - GET /api/patient/video-calls/4 - 200 - 0.006s
2026-05-07 02:36:15 - api.request - INFO - logging_config.py:133 - log_request - GET /api/patient/video-calls/4 - 200 - 0.007s
2026-05-07 02:36:20 - api.request - INFO - logging_config.py:133 - log_request - GET /api/patient/video-calls/4 - 200 - 0.007s
2026-05-07 02:36:25 - api.request - INFO - logging_config.py:133 - log_request - GET /api/patient/video-calls/4 - 200 - 0.005s
2026-05-07 02:36:30 - api.request - INFO - logging_config.py:133 - log_request - GET /api/patient/video-calls/4 - 200 - 0.005s
2026-05-07 02:36:35 - api.request - INFO - logging_config.py:133 - log_request - GET /api/patient/video-calls/4 - 200 - 0.006s
2026-05-07 02:36:40 - api.request - INFO - logging_config.py:133 - log_request - GET /api/patient/video-calls/4 - 200 - 0.006s
2026-05-07 02:36:45 - api.request - INFO - logging_config.py:133 - log_request - GET /api/patient/video-calls/4 - 200 - 0.005s
2026-05-07 02:36:50 - api.request - INFO - logging_config.py:133 - log_request - GET /api/patient/video-calls/4 - 200 - 0.007s
2026-05-07 02:36:55 - api.request - INFO - logging_config.py:133 - log_request - GET /api/patient/video-calls/4 - 200 - 0.005s
2026-05-07 02:37:00 - api.request - INFO - logging_config.py:133 - log_request - GET /api/patient/video-calls/4 - 200 - 0.005s
2026-05-07 02:37:07 - api.request - INFO - logging_config.py:133 - log_request - GET /api/patient/video-calls/4 - 200 - 0.005s
2026-05-07 02:37:18 - api.request - INFO - logging_config.py:133 - log_request - GET /api/patient/video-calls/4 - 200 - 0.007s
2026-05-07 02:38:18 - api.request - INFO - logging_config.py:133 - log_request - GET /api/patient/video-calls/4 - 200 - 0.006s
2026-05-07 02:38:23 - api.request - INFO - logging_config.py:133 - log_request - GET /api/patient/video-calls/4 - 200 - 0.005s
2026-05-07 02:38:28 - api.request - INFO - logging_config.py:133 - log_request - GET /api/patient/video-calls/4 - 200 - 0.006s
2026-05-07 02:38:33 - api.request - INFO - logging_config.py:133 - log_request - GET /api/patient/video-calls/4 - 200 - 0.005s
2026-05-07 02:38:38 - api.request - INFO - logging_config.py:133 - log_request - GET /api/patient/video-calls/4 - 200 - 0.005s
2026-05-07 02:38:43 - api.request - INFO - logging_config.py:133 - log_request - GET /api/patient/video-calls/4 - 200 - 0.006s
2026-05-07 02:38:48 - api.request - INFO - logging_config.py:133 - log_request - GET /api/patient/video-calls/4 - 200 - 0.006s
2026-05-07 02:38:53 - api.request - INFO - logging_config.py:133 - log_request - GET /api/patient/video-calls/4 - 200 - 0.005s
2026-05-07 02:38:58 - api.request - INFO - logging_config.py:133 - log_request - GET /api/patient/video-calls/4 - 200 - 0.005s
2026-05-07 02:39:03 - api.request - INFO - logging_config.py:133 - log_request - GET /api/patient/video-calls/4 - 200 - 0.005s
2026-05-07 02:39:08 - api.request - INFO - logging_config.py:133 - log_request - GET /api/patient/video-calls/4 - 200 - 0.005s
2026-05-07 02:39:13 - api.request - INFO - logging_config.py:133 - log_request - GET /api/patient/video-calls/4 - 200 - 0.006s
2026-05-07 02:39:18 - api.request - INFO - logging_config.py:133 - log_request - GET /api/patient/video-calls/4 - 200 - 0.006s
2026-05-07 02:39:22 - api.request - INFO - logging_config.py:133 - log_request - GET /api/patient/video-calls/4 - 200 - 0.007s
2026-05-07 02:39:28 - api.request - INFO - logging_config.py:133 - log_request - GET /api/patient/video-calls/4 - 200 - 0.005s
2026-05-07 02:39:32 - api.request - INFO - logging_config.py:133 - log_request - GET /api/patient/video-calls/4 - 200 - 0.005s
2026-05-07 02:39:38 - api.request - INFO - logging_config.py:133 - log_request - GET /api/patient/video-calls/4 - 200 - 0.005s
2026-05-07 02:39:43 - api.request - INFO - logging_config.py:133 - log_request - GET /api/patient/video-calls/4 - 200 - 0.005s
2026-05-07 02:39:48 - api.request - INFO - logging_config.py:133 - log_request - GET /api/patient/video-calls/4 - 200 - 0.008s
2026-05-07 02:39:53 - api.request - INFO - logging_config.py:133 - log_request - GET /api/patient/video-calls/4 - 200 - 0.005s
2026-05-07 02:39:58 - api.request - INFO - logging_config.py:133 - log_request - GET /api/patient/video-calls/4 - 200 - 0.006s
2026-05-07 02:40:03 - api.request - INFO - logging_config.py:133 - log_request - GET /api/patient/video-calls/4 - 200 - 0.005s
2026-05-07 02:40:08 - api.request - INFO - logging_config.py:133 - log_request - GET /api/patient/video-calls/4 - 200 - 0.007s
2026-05-07 02:40:13 - api.request - INFO - logging_config.py:133 - log_request - GET /api/patient/video-calls/4 - 200 - 0.010s
2026-05-07 02:40:18 - api.request - INFO - logging_config.py:133 - log_request - GET /api/patient/video-calls/4 - 200 - 0.005s
2026-05-07 02:40:23 - api.request - INFO - logging_config.py:133 - log_request - GET /api/patient/video-calls/4 - 200 - 0.005s
2026-05-07 02:40:28 - api.request - INFO - logging_config.py:133 - log_request - GET /api/patient/video-calls/4 - 200 - 0.006s
2026-05-07 02:40:33 - api.request - INFO - logging_config.py:133 - log_request - GET /api/patient/video-calls/4 - 200 - 0.006s
2026-05-07 02:41:40 - api.request - INFO - logging_config.py:133 - log_request - GET /health - 200 - 0.001s
2026-05-07 02:41:44 - api.request - INFO - logging_config.py:133 - log_request - GET /api/patient/profile - 200 - 0.008s
2026-05-07 02:41:44 - api.request - INFO - logging_config.py:133 - log_request - GET /api/patient/measurements - 200 - 0.005s
2026-05-07 02:41:44 - api.request - INFO - logging_config.py:133 - log_request - GET /api/patient/medications - 200 - 0.004s
2026-05-07 02:41:44 - api.request - INFO - logging_config.py:133 - log_request - GET /api/patient/doctors - 200 - 0.008s
2026-05-07 02:41:44 - api.request - INFO - logging_config.py:133 - log_request - GET /api/patient/profile - 200 - 0.006s
2026-05-07 02:41:44 - api.request - INFO - logging_config.py:133 - log_request - GET /api/patient/measurements - 200 - 0.005s
2026-05-07 02:41:44 - api.request - INFO - logging_config.py:133 - log_request - GET /api/patient/medications - 200 - 0.003s
2026-05-07 02:41:44 - api.request - INFO - logging_config.py:133 - log_request - GET /api/patient/doctors - 200 - 0.008s
2026-05-07 02:41:52 - api.request - INFO - logging_config.py:133 - log_request - GET /health - 200 - 0.003s
2026-05-07 02:41:52 - api.request - INFO - logging_config.py:133 - log_request - GET /api/patient/profile - 200 - 0.019s
2026-05-07 02:41:52 - api.request - INFO - logging_config.py:133 - log_request - GET /api/patient/profile - 200 - 0.035s
2026-05-07 02:41:52 - api.request - INFO - logging_config.py:133 - log_request - GET /api/patient/measurements - 200 - 0.033s
2026-05-07 02:41:52 - api.request - INFO - logging_config.py:133 - log_request - GET /api/patient/doctors - 200 - 0.041s
2026-05-07 02:41:52 - api.request - INFO - logging_config.py:133 - log_request - GET /api/patient/measurements - 200 - 0.035s
2026-05-07 02:41:52 - api.request - INFO - logging_config.py:133 - log_request - GET /api/patient/medications - 200 - 0.036s
2026-05-07 02:41:52 - api.request - INFO - logging_config.py:133 - log_request - GET /api/patient/doctors - 200 - 0.027s
2026-05-07 02:41:53 - api.request - INFO - logging_config.py:133 - log_request - GET /api/patient/medications - 200 - 0.004s
2026-05-07 02:41:59 - api.request - INFO - logging_config.py:133 - log_request - POST /api/patient/video-calls - 200 - 0.012s
2026-05-07 02:42:04 - api.request - INFO - logging_config.py:133 - log_request - GET /api/patient/video-calls/5 - 200 - 0.006s
2026-05-07 02:42:05 - api.request - INFO - logging_config.py:133 - log_request - OPTIONS /api/doctor/consultations - 200 - 0.000s
2026-05-07 02:42:05 - api.request - INFO - logging_config.py:133 - log_request - GET /api/doctor/consultations - 200 - 0.005s
2026-05-07 02:42:08 - api.request - INFO - logging_config.py:133 - log_request - GET /api/doctor/consultations - 200 - 0.005s
2026-05-07 02:42:09 - api.request - INFO - logging_config.py:133 - log_request - GET /api/patient/video-calls/5 - 200 - 0.006s
2026-05-07 02:42:10 - api.request - INFO - logging_config.py:133 - log_request - OPTIONS /api/doctor/consultations/4/end - 200 - 0.001s
2026-05-07 02:42:10 - api.request - INFO - logging_config.py:133 - log_request - PUT /api/doctor/consultations/4/end - 200 - 0.020s
2026-05-07 02:42:12 - api.request - INFO - logging_config.py:133 - log_request - GET /api/doctor/consultations - 200 - 0.004s
2026-05-07 02:42:14 - api.request - INFO - logging_config.py:133 - log_request - OPTIONS /api/doctor/video-calls/5/end - 200 - 0.000s
2026-05-07 02:42:14 - api.request - INFO - logging_config.py:133 - log_request - GET /api/patient/video-calls/5 - 200 - 0.005s
2026-05-07 02:42:14 - api.request - INFO - logging_config.py:133 - log_request - PUT /api/doctor/video-calls/5/end - 200 - 0.011s
2026-05-07 02:42:15 - api.request - INFO - logging_config.py:133 - log_request - GET /api/doctor/consultations - 200 - 0.006s
2026-05-07 02:42:18 - api.request - INFO - logging_config.py:133 - log_request - PUT /api/patient/video-calls/5/end - 200 - 0.012s
2026-05-07 02:42:21 - api.request - INFO - logging_config.py:133 - log_request - GET /api/doctor/consultations - 200 - 0.005s
2026-05-07 02:42:24 - api.request - INFO - logging_config.py:133 - log_request - POST /api/patient/video-calls - 200 - 0.011s
2026-05-07 02:42:28 - api.request - INFO - logging_config.py:133 - log_request - GET /api/doctor/consultations - 200 - 0.005s
2026-05-07 02:42:29 - api.request - INFO - logging_config.py:133 - log_request - OPTIONS /api/doctor/video-calls/6/join - 200 - 0.000s
2026-05-07 02:42:29 - api.request - INFO - logging_config.py:133 - log_request - POST /api/doctor/video-calls/6/join - 200 - 0.013s
2026-05-07 02:42:30 - api.request - INFO - logging_config.py:133 - log_request - GET /api/doctor/consultations - 200 - 0.005s
2026-05-07 02:42:30 - api.request - INFO - logging_config.py:133 - log_request - GET /api/patient/video-calls/6 - 200 - 0.005s
2026-05-07 02:42:34 - system - INFO - logging_config.py:221 - log_system_event - 系统事件: 应用关闭
2026-05-07 02:42:34 - root - INFO - main.py:34 - lifespan - 应用关闭完成
2026-05-07 02:42:36 - root - INFO - logging_config.py:231 - init_logging - 日志系统初始化完成
2026-05-07 02:42:36 - root - INFO - logging_config.py:232 - init_logging - 日志级别: INFO
2026-05-07 02:42:36 - root - INFO - logging_config.py:233 - init_logging - 日志文件: logs/app.log
2026-05-07 02:42:58 - root - INFO - logging_config.py:231 - init_logging - 日志系统初始化完成
2026-05-07 02:42:58 - root - INFO - logging_config.py:232 - init_logging - 日志级别: INFO
2026-05-07 02:42:58 - root - INFO - logging_config.py:233 - init_logging - 日志文件: logs/app.log
2026-05-07 02:43:38 - root - INFO - logging_config.py:231 - init_logging - 日志系统初始化完成
2026-05-07 02:43:38 - root - INFO - logging_config.py:232 - init_logging - 日志级别: INFO
2026-05-07 02:43:38 - root - INFO - logging_config.py:233 - init_logging - 日志文件: logs/app.log
2026-05-07 02:43:39 - system - INFO - logging_config.py:221 - log_system_event - 系统事件: 应用启动 - 详情: {'app_name': '慢性病管理小程序后端API', 'version': '1.0.0', 'debug': False, 'host': '0.0.0.0', 'port': 8000}
2026-05-07 02:43:39 - root - INFO - main.py:28 - lifespan - 应用启动完成 - 慢性病管理小程序后端API v1.0.0
2026-05-07 02:43:52 - api.request - INFO - logging_config.py:133 - log_request - GET /health - 200 - 0.001s
2026-05-07 02:45:20 - api.request - INFO - logging_config.py:133 - log_request - GET /api/doctor/consultations - 200 - 0.071s
2026-05-07 02:45:28 - api.request - INFO - logging_config.py:133 - log_request - OPTIONS /api/doctor/consultations/6/end - 200 - 0.000s
2026-05-07 02:45:29 - api.request - INFO - logging_config.py:133 - log_request - PUT /api/doctor/consultations/6/end - 200 - 0.019s
2026-05-07 02:45:30 - api.request - INFO - logging_config.py:133 - log_request - GET /api/doctor/consultations - 200 - 0.006s
2026-05-07 02:46:11 - root - INFO - logging_config.py:231 - init_logging - 日志系统初始化完成
2026-05-07 02:46:11 - root - INFO - logging_config.py:232 - init_logging - 日志级别: INFO
2026-05-07 02:46:11 - root - INFO - logging_config.py:233 - init_logging - 日志文件: logs/app.log
2026-05-07 02:46:32 - api.request - INFO - logging_config.py:133 - log_request - GET /health - 200 - 0.001s
2026-05-07 02:46:33 - api.request - INFO - logging_config.py:133 - log_request - POST /api/patient/login - 200 - 0.012s
2026-05-07 02:46:36 - api.request - INFO - logging_config.py:133 - log_request - GET /api/patient/medications - 200 - 0.021s
2026-05-07 02:46:36 - api.request - INFO - logging_config.py:133 - log_request - GET /api/patient/measurements - 200 - 0.044s
2026-05-07 02:46:36 - api.request - INFO - logging_config.py:133 - log_request - GET /api/patient/medications - 200 - 0.046s
2026-05-07 02:46:36 - api.request - INFO - logging_config.py:133 - log_request - GET /api/patient/doctors - 200 - 0.060s
2026-05-07 02:46:36 - api.request - INFO - logging_config.py:133 - log_request - GET /api/patient/measurements - 200 - 0.033s
2026-05-07 02:46:36 - api.request - INFO - logging_config.py:133 - log_request - GET /api/patient/profile - 200 - 0.065s
2026-05-07 02:46:36 - api.request - INFO - logging_config.py:133 - log_request - GET /api/patient/profile - 200 - 0.058s
2026-05-07 02:46:36 - api.request - INFO - logging_config.py:133 - log_request - GET /api/patient/doctors - 200 - 0.067s
2026-05-07 02:46:38 - api.request - INFO - logging_config.py:133 - log_request - POST /api/patient/video-calls - 200 - 0.019s
2026-05-07 02:46:43 - api.request - INFO - logging_config.py:133 - log_request - GET /api/patient/video-calls/7 - 200 - 0.007s
2026-05-07 02:46:45 - api.request - INFO - logging_config.py:133 - log_request - GET /api/doctor/consultations - 200 - 0.005s
2026-05-07 02:46:47 - api.request - INFO - logging_config.py:133 - log_request - OPTIONS /api/doctor/video-calls/7/join - 200 - 0.000s
2026-05-07 02:46:48 - api.request - INFO - logging_config.py:133 - log_request - POST /api/doctor/video-calls/7/join - 200 - 0.016s
2026-05-07 02:46:48 - api.request - INFO - logging_config.py:133 - log_request - GET /api/doctor/consultations - 200 - 0.006s
2026-05-07 02:46:48 - api.request - INFO - logging_config.py:133 - log_request - GET /api/patient/video-calls/7 - 200 - 0.007s
2026-05-07 02:46:53 - api.request - INFO - logging_config.py:133 - log_request - GET /api/patient/video-calls/7 - 200 - 0.007s
2026-05-07 02:46:58 - api.request - INFO - logging_config.py:133 - log_request - GET /api/patient/video-calls/7 - 200 - 0.006s
2026-05-07 02:47:03 - api.request - INFO - logging_config.py:133 - log_request - GET /api/patient/video-calls/7 - 200 - 0.006s
2026-05-07 02:47:08 - api.request - INFO - logging_config.py:133 - log_request - GET /api/patient/video-calls/7 - 200 - 0.006s
2026-05-07 02:47:13 - api.request - INFO - logging_config.py:133 - log_request - GET /api/patient/video-calls/7 - 200 - 0.006s
2026-05-07 02:47:16 - api.request - INFO - logging_config.py:133 - log_request - PUT /api/patient/video-calls/7/end - 200 - 0.011s
2026-05-07 02:47:18 - api.request - INFO - logging_config.py:133 - log_request - GET /api/patient/measurements - 200 - 0.013s
2026-05-07 02:47:18 - api.request - INFO - logging_config.py:133 - log_request - GET /api/patient/medications - 200 - 0.019s
2026-05-07 02:47:18 - api.request - INFO - logging_config.py:133 - log_request - GET /api/patient/profile - 200 - 0.025s
2026-05-07 02:47:18 - api.request - INFO - logging_config.py:133 - log_request - GET /api/patient/doctors - 200 - 0.025s
2026-05-07 02:48:49 - api.request - INFO - logging_config.py:133 - log_request - GET /api/doctor/consultations - 200 - 0.010s
2026-05-07 02:52:16 - system - INFO - logging_config.py:221 - log_system_event - 系统事件: 应用关闭
2026-05-07 02:52:16 - root - INFO - main.py:34 - lifespan - 应用关闭完成
2026-05-07 02:52:26 - root - INFO - logging_config.py:231 - init_logging - 日志系统初始化完成
2026-05-07 02:52:26 - root - INFO - logging_config.py:232 - init_logging - 日志级别: INFO
2026-05-07 02:52:26 - root - INFO - logging_config.py:233 - init_logging - 日志文件: logs/app.log
2026-05-07 02:52:26 - system - INFO - logging_config.py:221 - log_system_event - 系统事件: 应用启动 - 详情: {'app_name': '慢性病管理小程序后端API', 'version': '1.0.0', 'debug': False, 'host': '0.0.0.0', 'port': 8000}
2026-05-07 02:52:26 - root - INFO - main.py:28 - lifespan - 应用启动完成 - 慢性病管理小程序后端API v1.0.0
2026-05-07 02:52:40 - api.request - INFO - logging_config.py:133 - log_request - GET /health - 200 - 0.001s
2026-05-07 02:55:27 - api.request - INFO - logging_config.py:133 - log_request - GET /health - 200 - 0.002s
2026-05-07 02:55:27 - api.request - INFO - logging_config.py:133 - log_request - GET /api/patient/medications - 200 - 0.099s
2026-05-07 02:55:27 - api.request - INFO - logging_config.py:133 - log_request - GET /api/patient/measurements - 200 - 0.104s
2026-05-07 02:55:27 - api.request - INFO - logging_config.py:133 - log_request - GET /api/patient/profile - 200 - 0.111s
2026-05-07 02:55:27 - api.request - INFO - logging_config.py:133 - log_request - GET /api/patient/doctors - 200 - 0.110s
2026-05-07 02:55:27 - api.request - INFO - logging_config.py:133 - log_request - GET /api/patient/medications - 200 - 0.004s
2026-05-07 02:55:27 - api.request - INFO - logging_config.py:133 - log_request - GET /api/patient/measurements - 200 - 0.005s
2026-05-07 02:55:27 - api.request - INFO - logging_config.py:133 - log_request - GET /api/patient/doctors - 200 - 0.012s
2026-05-07 02:55:27 - api.request - INFO - logging_config.py:133 - log_request - GET /api/patient/profile - 200 - 0.014s
2026-05-07 02:55:57 - api.request - INFO - logging_config.py:133 - log_request - GET /health - 200 - 0.001s
2026-05-07 02:55:58 - api.request - INFO - logging_config.py:133 - log_request - POST /api/patient/login - 200 - 0.012s
2026-05-07 02:56:01 - api.request - INFO - logging_config.py:133 - log_request - GET /api/patient/measurements - 200 - 0.030s
2026-05-07 02:56:01 - api.request - INFO - logging_config.py:133 - log_request - GET /api/patient/doctors - 200 - 0.048s
2026-05-07 02:56:01 - api.request - INFO - logging_config.py:133 - log_request - GET /api/patient/measurements - 200 - 0.033s
2026-05-07 02:56:01 - api.request - INFO - logging_config.py:133 - log_request - GET /api/patient/medications - 200 - 0.042s
2026-05-07 02:56:01 - api.request - INFO - logging_config.py:133 - log_request - GET /api/patient/profile - 200 - 0.051s
2026-05-07 02:56:01 - api.request - INFO - logging_config.py:133 - log_request - GET /api/patient/medications - 200 - 0.049s
2026-05-07 02:56:01 - api.request - INFO - logging_config.py:133 - log_request - GET /api/patient/doctors - 200 - 0.052s
2026-05-07 02:56:01 - api.request - INFO - logging_config.py:133 - log_request - GET /api/patient/profile - 200 - 0.059s
2026-05-07 02:56:01 - api.request - INFO - logging_config.py:133 - log_request - GET /api/patient/shop/orders - 200 - 0.007s
2026-05-07 02:56:01 - api.request - INFO - logging_config.py:133 - log_request - GET /api/patient/shop/orders - 200 - 0.004s
2026-05-07 02:56:02 - api.request - INFO - logging_config.py:133 - log_request - GET /api/patient/prescriptions - 200 - 0.014s
2026-05-07 02:56:03 - api.request - INFO - logging_config.py:133 - log_request - GET /api/patient/shop/products - 200 - 0.016s
2026-05-07 02:56:03 - api.request - INFO - logging_config.py:133 - log_request - GET /api/patient/shop/cart - 200 - 0.015s
2026-05-07 02:56:13 - api.request - INFO - logging_config.py:133 - log_request - POST /api/patient/video-calls - 200 - 0.021s
2026-05-07 02:56:18 - api.request - INFO - logging_config.py:133 - log_request - GET /api/patient/video-calls/8 - 200 - 0.009s
2026-05-07 02:56:23 - api.request - INFO - logging_config.py:133 - log_request - GET /api/patient/video-calls/8 - 200 - 0.006s
2026-05-07 02:56:26 - api.request - INFO - logging_config.py:133 - log_request - OPTIONS /api/doctor/consultations - 200 - 0.000s
2026-05-07 02:56:26 - api.request - INFO - logging_config.py:133 - log_request - GET /api/doctor/consultations - 200 - 0.008s
2026-05-07 02:56:28 - api.request - INFO - logging_config.py:133 - log_request - OPTIONS /api/doctor/video-calls/8/join - 200 - 0.000s
2026-05-07 02:56:28 - api.request - INFO - logging_config.py:133 - log_request - POST /api/doctor/video-calls/8/join - 200 - 0.013s
2026-05-07 02:56:28 - api.request - INFO - logging_config.py:133 - log_request - GET /api/doctor/consultations - 200 - 0.005s
2026-05-07 02:56:28 - api.request - INFO - logging_config.py:133 - log_request - GET /api/patient/video-calls/8 - 200 - 0.006s
2026-05-07 02:56:33 - api.request - INFO - logging_config.py:133 - log_request - GET /api/patient/video-calls/8 - 200 - 0.006s
2026-05-07 02:56:38 - api.request - INFO - logging_config.py:133 - log_request - GET /api/patient/video-calls/8 - 200 - 0.008s
2026-05-07 02:56:43 - api.request - INFO - logging_config.py:133 - log_request - GET /api/patient/video-calls/8 - 200 - 0.008s
2026-05-07 02:56:48 - api.request - INFO - logging_config.py:133 - log_request - GET /api/patient/video-calls/8 - 200 - 0.006s
2026-05-07 02:56:53 - api.request - INFO - logging_config.py:133 - log_request - GET /api/patient/video-calls/8 - 200 - 0.006s
2026-05-07 02:56:58 - api.request - INFO - logging_config.py:133 - log_request - GET /api/patient/video-calls/8 - 200 - 0.005s
2026-05-07 02:57:03 - api.request - INFO - logging_config.py:133 - log_request - GET /api/patient/video-calls/8 - 200 - 0.005s
2026-05-07 02:57:08 - api.request - INFO - logging_config.py:133 - log_request - GET /api/patient/video-calls/8 - 200 - 0.007s
2026-05-07 02:57:13 - api.request - INFO - logging_config.py:133 - log_request - GET /api/patient/video-calls/8 - 200 - 0.006s
2026-05-07 02:57:18 - api.request - INFO - logging_config.py:133 - log_request - GET /api/patient/video-calls/8 - 200 - 0.006s
2026-05-07 02:57:23 - api.request - INFO - logging_config.py:133 - log_request - GET /api/patient/video-calls/8 - 200 - 0.005s
2026-05-07 02:57:28 - api.request - INFO - logging_config.py:133 - log_request - GET /api/patient/video-calls/8 - 200 - 0.007s
2026-05-07 02:57:33 - api.request - INFO - logging_config.py:133 - log_request - GET /api/patient/video-calls/8 - 200 - 0.005s
2026-05-07 02:57:38 - api.request - INFO - logging_config.py:133 - log_request - GET /api/patient/video-calls/8 - 200 - 0.005s
2026-05-07 02:57:43 - api.request - INFO - logging_config.py:133 - log_request - GET /api/patient/video-calls/8 - 200 - 0.006s
2026-05-07 02:57:48 - api.request - INFO - logging_config.py:133 - log_request - GET /api/patient/video-calls/8 - 200 - 0.005s
2026-05-07 02:57:53 - api.request - INFO - logging_config.py:133 - log_request - OPTIONS /api/doctor/rtc/publish - 200 - 0.000s
2026-05-07 02:57:54 - api.request - INFO - logging_config.py:133 - log_request - POST /api/doctor/rtc/publish - 200 - 0.078s
2026-05-07 02:57:54 - api.request - INFO - logging_config.py:133 - log_request - OPTIONS /api/doctor/rtc/play - 200 - 0.000s
2026-05-07 02:57:54 - api.request - INFO - logging_config.py:133 - log_request - POST /api/doctor/rtc/play - 200 - 0.008s
2026-05-07 02:57:55 - api.request - INFO - logging_config.py:133 - log_request - GET /api/patient/video-calls/8 - 200 - 0.006s
2026-05-07 02:58:01 - api.request - INFO - logging_config.py:133 - log_request - GET /api/patient/video-calls/8 - 200 - 0.007s
2026-05-07 02:58:06 - api.request - INFO - logging_config.py:133 - log_request - GET /api/patient/video-calls/8 - 200 - 0.007s
2026-05-07 02:58:08 - api.request - INFO - logging_config.py:133 - log_request - POST /api/doctor/rtc/play - 200 - 0.007s
2026-05-07 02:58:10 - api.request - INFO - logging_config.py:133 - log_request - GET /api/patient/video-calls/8 - 200 - 0.006s
2026-05-07 02:58:15 - api.request - INFO - logging_config.py:133 - log_request - GET /api/patient/video-calls/8 - 200 - 0.006s
2026-05-07 02:58:20 - api.request - INFO - logging_config.py:133 - log_request - GET /api/patient/video-calls/8 - 200 - 0.005s
2026-05-07 02:58:25 - api.request - INFO - logging_config.py:133 - log_request - GET /api/patient/video-calls/8 - 200 - 0.005s
2026-05-07 02:58:30 - api.request - INFO - logging_config.py:133 - log_request - GET /api/patient/video-calls/8 - 200 - 0.006s
2026-05-07 02:58:35 - api.request - INFO - logging_config.py:133 - log_request - GET /api/patient/video-calls/8 - 200 - 0.006s
2026-05-07 02:58:40 - api.request - INFO - logging_config.py:133 - log_request - GET /api/patient/video-calls/8 - 200 - 0.005s
2026-05-07 02:58:45 - api.request - INFO - logging_config.py:133 - log_request - GET /api/patient/video-calls/8 - 200 - 0.008s
2026-05-07 02:58:50 - api.request - INFO - logging_config.py:133 - log_request - GET /api/patient/video-calls/8 - 200 - 0.006s
2026-05-07 02:58:52 - api.request - INFO - logging_config.py:133 - log_request - POST /api/doctor/rtc/publish - 200 - 0.010s
2026-05-07 02:58:52 - api.request - INFO - logging_config.py:133 - log_request - POST /api/doctor/rtc/play - 200 - 0.008s
2026-05-07 02:58:55 - api.request - INFO - logging_config.py:133 - log_request - GET /api/patient/video-calls/8 - 200 - 0.006s
2026-05-07 02:58:57 - api.request - INFO - logging_config.py:133 - log_request - PUT /api/patient/video-calls/8/end - 200 - 0.013s
2026-05-07 02:58:58 - api.request - INFO - logging_config.py:133 - log_request - GET /api/patient/measurements - 200 - 0.014s
2026-05-07 02:58:58 - api.request - INFO - logging_config.py:133 - log_request - GET /api/patient/medications - 200 - 0.021s
2026-05-07 02:58:58 - api.request - INFO - logging_config.py:133 - log_request - GET /api/patient/profile - 200 - 0.021s
2026-05-07 02:58:58 - api.request - INFO - logging_config.py:133 - log_request - GET /api/patient/doctors - 200 - 0.026s
2026-05-07 03:00:20 - api.request - INFO - logging_config.py:133 - log_request - GET /api/patient/medications - 200 - 0.012s
2026-05-07 03:00:20 - api.request - INFO - logging_config.py:133 - log_request - GET /api/patient/doctors - 200 - 0.019s
2026-05-07 03:00:20 - api.request - INFO - logging_config.py:133 - log_request - GET /api/patient/profile - 200 - 0.015s
2026-05-07 03:00:20 - api.request - INFO - logging_config.py:133 - log_request - GET /api/patient/measurements - 200 - 0.003s
2026-05-07 03:09:08 - api.request - INFO - logging_config.py:133 - log_request - GET /health - 200 - 0.002s
2026-05-07 03:09:10 - api.request - INFO - logging_config.py:133 - log_request - GET /api/patient/profile - 200 - 0.008s
2026-05-07 03:09:10 - api.request - INFO - logging_config.py:133 - log_request - GET /api/patient/measurements - 200 - 0.004s
2026-05-07 03:09:10 - api.request - INFO - logging_config.py:133 - log_request - GET /api/patient/medications - 200 - 0.004s
2026-05-07 03:09:10 - api.request - INFO - logging_config.py:133 - log_request - GET /api/patient/doctors - 200 - 0.007s
2026-05-07 03:09:10 - api.request - INFO - logging_config.py:133 - log_request - GET /api/patient/profile - 200 - 0.006s
2026-05-07 03:09:10 - api.request - INFO - logging_config.py:133 - log_request - GET /api/patient/measurements - 200 - 0.004s
2026-05-07 03:09:10 - api.request - INFO - logging_config.py:133 - log_request - GET /api/patient/medications - 200 - 0.003s
2026-05-07 03:09:10 - api.request - INFO - logging_config.py:133 - log_request - GET /api/patient/doctors - 200 - 0.007s
2026-05-07 03:09:50 - api.request - INFO - logging_config.py:133 - log_request - GET /api/patient/measurements - 200 - 0.006s
2026-05-07 03:09:50 - api.request - INFO - logging_config.py:133 - log_request - GET /api/patient/doctors - 200 - 0.026s
2026-05-07 03:09:50 - api.request - INFO - logging_config.py:133 - log_request - GET /api/patient/doctors - 200 - 0.029s
2026-05-07 03:09:50 - api.request - INFO - logging_config.py:133 - log_request - GET /api/patient/profile - 200 - 0.030s
2026-05-07 03:09:50 - api.request - INFO - logging_config.py:133 - log_request - GET /api/patient/profile - 200 - 0.035s
2026-05-07 03:09:50 - api.request - INFO - logging_config.py:133 - log_request - GET /api/patient/medications - 200 - 0.012s
2026-05-07 03:09:50 - api.request - INFO - logging_config.py:133 - log_request - GET /api/patient/measurements - 200 - 0.004s
2026-05-07 03:09:50 - api.request - INFO - logging_config.py:133 - log_request - GET /api/patient/medications - 200 - 0.004s
2026-05-07 03:09:50 - api.request - INFO - logging_config.py:133 - log_request - GET /api/patient/shop/orders - 200 - 0.094s
2026-05-07 03:09:50 - api.request - INFO - logging_config.py:133 - log_request - GET /api/patient/profile - 200 - 0.098s
2026-05-07 03:09:50 - api.request - INFO - logging_config.py:133 - log_request - GET /api/patient/shop/orders - 200 - 0.008s
2026-05-07 03:09:50 - api.request - INFO - logging_config.py:133 - log_request - GET /api/patient/profile - 200 - 0.015s
2026-05-07 03:10:05 - api.request - INFO - logging_config.py:133 - log_request - OPTIONS /api/doctor/consultations - 200 - 0.000s
2026-05-07 03:10:05 - api.request - INFO - logging_config.py:133 - log_request - GET /api/doctor/consultations - 200 - 0.005s
2026-05-07 03:10:06 - api.request - INFO - logging_config.py:133 - log_request - POST /api/patient/video-calls - 200 - 0.013s
2026-05-07 03:10:10 - api.request - INFO - logging_config.py:133 - log_request - GET /api/doctor/consultations - 200 - 0.005s
2026-05-07 03:10:11 - api.request - INFO - logging_config.py:133 - log_request - GET /api/patient/video-calls/9 - 200 - 0.005s
2026-05-07 03:10:13 - api.request - INFO - logging_config.py:133 - log_request - OPTIONS /api/doctor/video-calls/9/join - 200 - 0.000s
2026-05-07 03:10:13 - api.request - INFO - logging_config.py:133 - log_request - POST /api/doctor/video-calls/9/join - 200 - 0.010s
2026-05-07 03:10:14 - api.request - INFO - logging_config.py:133 - log_request - GET /api/doctor/consultations - 200 - 0.005s
2026-05-07 03:10:16 - api.request - INFO - logging_config.py:133 - log_request - GET /api/patient/video-calls/9 - 200 - 0.008s
2026-05-07 03:10:18 - api.request - INFO - logging_config.py:133 - log_request - OPTIONS /api/doctor/rtc/publish - 200 - 0.000s
2026-05-07 03:10:18 - api.request - INFO - logging_config.py:133 - log_request - POST /api/doctor/rtc/publish - 200 - 0.009s
2026-05-07 03:10:18 - api.request - INFO - logging_config.py:133 - log_request - OPTIONS /api/doctor/rtc/play - 200 - 0.002s
2026-05-07 03:10:18 - api.request - INFO - logging_config.py:133 - log_request - POST /api/doctor/rtc/play - 200 - 0.008s
2026-05-07 03:10:21 - api.request - INFO - logging_config.py:133 - log_request - POST /api/doctor/rtc/publish - 200 - 0.008s
2026-05-07 03:10:21 - api.request - INFO - logging_config.py:133 - log_request - GET /api/patient/video-calls/9 - 200 - 0.006s
2026-05-07 03:10:22 - api.request - INFO - logging_config.py:133 - log_request - POST /api/doctor/rtc/play - 200 - 0.007s
2026-05-07 03:10:26 - api.request - INFO - logging_config.py:133 - log_request - GET /api/patient/video-calls/9 - 200 - 0.006s
2026-05-07 03:10:32 - api.request - INFO - logging_config.py:133 - log_request - GET /api/patient/video-calls/9 - 200 - 0.005s
2026-05-07 03:10:36 - api.request - INFO - logging_config.py:133 - log_request - GET /api/patient/video-calls/9 - 200 - 0.005s
2026-05-07 03:10:41 - api.request - INFO - logging_config.py:133 - log_request - GET /api/patient/video-calls/9 - 200 - 0.005s
2026-05-07 03:10:46 - api.request - INFO - logging_config.py:133 - log_request - GET /api/patient/video-calls/9 - 200 - 0.005s
2026-05-07 03:10:51 - api.request - INFO - logging_config.py:133 - log_request - GET /api/patient/video-calls/9 - 200 - 0.006s
2026-05-07 03:10:56 - api.request - INFO - logging_config.py:133 - log_request - GET /api/patient/video-calls/9 - 200 - 0.006s
2026-05-07 03:11:02 - api.request - INFO - logging_config.py:133 - log_request - GET /api/patient/video-calls/9 - 200 - 0.005s
2026-05-07 03:11:04 - api.request - INFO - logging_config.py:133 - log_request - PUT /api/patient/video-calls/9/end - 200 - 0.010s
2026-05-07 03:11:06 - api.request - INFO - logging_config.py:133 - log_request - GET /api/patient/measurements - 200 - 0.020s
2026-05-07 03:11:06 - api.request - INFO - logging_config.py:133 - log_request - GET /api/patient/medications - 200 - 0.021s
2026-05-07 03:11:06 - api.request - INFO - logging_config.py:133 - log_request - GET /api/patient/profile - 200 - 0.022s
2026-05-07 03:11:06 - api.request - INFO - logging_config.py:133 - log_request - GET /api/patient/doctors - 200 - 0.024s
2026-05-07 03:19:09 - api.request - INFO - logging_config.py:133 - log_request - GET /health - 200 - 0.001s
2026-05-07 03:19:09 - api.request - INFO - logging_config.py:133 - log_request - GET /api/patient/medications - 200 - 0.018s
2026-05-07 03:19:09 - api.request - INFO - logging_config.py:133 - log_request - GET /api/patient/profile - 200 - 0.025s
2026-05-07 03:19:09 - api.request - INFO - logging_config.py:133 - log_request - GET /api/patient/measurements - 200 - 0.026s
2026-05-07 03:19:09 - api.request - INFO - logging_config.py:133 - log_request - GET /api/patient/doctors - 200 - 0.025s
2026-05-07 03:19:09 - api.request - INFO - logging_config.py:133 - log_request - GET /api/patient/measurements - 200 - 0.013s
2026-05-07 03:19:09 - api.request - INFO - logging_config.py:133 - log_request - GET /api/patient/profile - 200 - 0.021s
2026-05-07 03:19:09 - api.request - INFO - logging_config.py:133 - log_request - GET /api/patient/medications - 200 - 0.025s
2026-05-07 03:19:09 - api.request - INFO - logging_config.py:133 - log_request - GET /api/patient/doctors - 200 - 0.024s
2026-05-07 03:19:27 - api.request - INFO - logging_config.py:133 - log_request - GET /health - 200 - 0.003s
2026-05-07 03:19:27 - api.request - INFO - logging_config.py:133 - log_request - GET /api/patient/measurements - 200 - 0.029s
2026-05-07 03:19:27 - api.request - INFO - logging_config.py:133 - log_request - GET /api/patient/profile - 200 - 0.034s
2026-05-07 03:19:27 - api.request - INFO - logging_config.py:133 - log_request - GET /api/patient/measurements - 200 - 0.030s
2026-05-07 03:19:27 - api.request - INFO - logging_config.py:133 - log_request - GET /api/patient/doctors - 200 - 0.038s
2026-05-07 03:19:27 - api.request - INFO - logging_config.py:133 - log_request - GET /api/patient/medications - 200 - 0.039s
2026-05-07 03:19:27 - api.request - INFO - logging_config.py:133 - log_request - GET /api/patient/medications - 200 - 0.011s
2026-05-07 03:19:27 - api.request - INFO - logging_config.py:133 - log_request - GET /api/patient/profile - 200 - 0.046s
2026-05-07 03:19:27 - api.request - INFO - logging_config.py:133 - log_request - GET /api/patient/doctors - 200 - 0.007s
2026-05-07 03:19:37 - api.request - INFO - logging_config.py:133 - log_request - GET /api/doctor/consultations - 200 - 0.006s
2026-05-07 03:19:40 - api.request - INFO - logging_config.py:133 - log_request - POST /api/patient/video-calls - 200 - 0.012s
2026-05-07 03:19:56 - api.request - INFO - logging_config.py:133 - log_request - GET /api/patient/video-calls/10 - 200 - 0.015s
2026-05-07 03:19:56 - api.request - INFO - logging_config.py:133 - log_request - GET /api/patient/video-calls/10 - 200 - 0.019s
2026-05-07 03:19:56 - api.request - INFO - logging_config.py:133 - log_request - POST /api/patient/video-calls - 200 - 0.024s
2026-05-07 03:19:56 - api.request - INFO - logging_config.py:133 - log_request - GET /api/patient/video-calls/10 - 200 - 0.005s
2026-05-07 03:19:57 - api.request - INFO - logging_config.py:133 - log_request - POST /api/patient/video-calls - 200 - 0.010s
2026-05-07 03:20:01 - api.request - INFO - logging_config.py:133 - log_request - GET /api/patient/video-calls/10 - 200 - 0.005s
2026-05-07 03:20:06 - api.request - INFO - logging_config.py:133 - log_request - PUT /api/patient/video-calls/10/end - 200 - 0.009s
2026-05-07 03:20:07 - api.request - INFO - logging_config.py:133 - log_request - GET /api/patient/profile - 200 - 0.012s
2026-05-07 03:20:07 - api.request - INFO - logging_config.py:133 - log_request - GET /api/patient/measurements - 200 - 0.014s
2026-05-07 03:20:07 - api.request - INFO - logging_config.py:133 - log_request - GET /api/patient/medications - 200 - 0.017s
2026-05-07 03:20:07 - api.request - INFO - logging_config.py:133 - log_request - GET /api/patient/doctors - 200 - 0.020s
2026-05-07 03:20:09 - api.request - INFO - logging_config.py:133 - log_request - POST /api/patient/video-calls - 200 - 0.011s
2026-05-07 03:20:15 - api.request - INFO - logging_config.py:133 - log_request - GET /api/patient/video-calls/11 - 200 - 0.005s
2026-05-07 03:20:20 - api.request - INFO - logging_config.py:133 - log_request - GET /api/patient/video-calls/11 - 200 - 0.007s
2026-05-07 03:20:25 - api.request - INFO - logging_config.py:133 - log_request - GET /api/patient/video-calls/11 - 200 - 0.005s
2026-05-07 03:20:30 - api.request - INFO - logging_config.py:133 - log_request - GET /api/patient/video-calls/11 - 200 - 0.005s
2026-05-07 03:20:35 - api.request - INFO - logging_config.py:133 - log_request - GET /api/patient/video-calls/11 - 200 - 0.007s
2026-05-07 03:20:40 - api.request - INFO - logging_config.py:133 - log_request - GET /api/patient/video-calls/11 - 200 - 0.005s
2026-05-07 03:20:43 - api.request - INFO - logging_config.py:133 - log_request - POST /api/patient/video-calls - 200 - 0.011s
2026-05-07 03:20:45 - api.request - INFO - logging_config.py:133 - log_request - GET /api/patient/video-calls/11 - 200 - 0.006s
2026-05-07 03:20:50 - api.request - INFO - logging_config.py:133 - log_request - GET /api/patient/video-calls/11 - 200 - 0.006s
2026-05-07 03:20:54 - api.request - INFO - logging_config.py:133 - log_request - POST /api/patient/video-calls - 200 - 0.011s
2026-05-07 03:20:55 - api.request - INFO - logging_config.py:133 - log_request - GET /api/patient/video-calls/11 - 200 - 0.006s
2026-05-07 03:21:00 - api.request - INFO - logging_config.py:133 - log_request - GET /api/patient/video-calls/11 - 200 - 0.005s
2026-05-07 03:21:05 - api.request - INFO - logging_config.py:133 - log_request - OPTIONS /api/doctor/consultations - 200 - 0.000s
2026-05-07 03:21:05 - api.request - INFO - logging_config.py:133 - log_request - GET /api/doctor/consultations - 200 - 0.005s
2026-05-07 03:21:05 - api.request - INFO - logging_config.py:133 - log_request - GET /api/patient/video-calls/11 - 200 - 0.008s
2026-05-07 03:21:07 - api.request - INFO - logging_config.py:133 - log_request - OPTIONS /api/doctor/video-calls/11/join - 200 - 0.000s
2026-05-07 03:21:07 - api.request - INFO - logging_config.py:133 - log_request - POST /api/doctor/video-calls/11/join - 200 - 0.011s
2026-05-07 03:21:07 - api.request - INFO - logging_config.py:133 - log_request - GET /api/doctor/consultations - 200 - 0.006s
2026-05-07 03:21:10 - api.request - INFO - logging_config.py:133 - log_request - GET /api/patient/video-calls/11 - 200 - 0.006s
2026-05-07 03:21:10 - api.request - INFO - logging_config.py:133 - log_request - OPTIONS /api/doctor/rtc/publish - 200 - 0.000s
2026-05-07 03:21:10 - api.request - INFO - logging_config.py:133 - log_request - POST /api/doctor/rtc/publish - 200 - 0.009s
2026-05-07 03:21:12 - api.request - INFO - logging_config.py:133 - log_request - OPTIONS /api/doctor/rtc/play - 200 - 0.000s
2026-05-07 03:21:12 - api.request - INFO - logging_config.py:133 - log_request - POST /api/doctor/rtc/play - 200 - 0.008s
2026-05-07 03:21:15 - api.request - INFO - logging_config.py:133 - log_request - GET /api/patient/video-calls/11 - 200 - 0.006s
2026-05-07 03:21:20 - api.request - INFO - logging_config.py:133 - log_request - GET /api/patient/video-calls/11 - 200 - 0.007s
2026-05-07 03:21:25 - api.request - INFO - logging_config.py:133 - log_request - GET /api/patient/video-calls/11 - 200 - 0.005s
2026-05-07 03:21:30 - api.request - INFO - logging_config.py:133 - log_request - GET /api/patient/video-calls/11 - 200 - 0.007s
2026-05-07 03:21:35 - api.request - INFO - logging_config.py:133 - log_request - GET /api/patient/video-calls/11 - 200 - 0.006s
2026-05-07 03:21:40 - api.request - INFO - logging_config.py:133 - log_request - GET /api/patient/video-calls/11 - 200 - 0.006s
2026-05-07 03:21:45 - api.request - INFO - logging_config.py:133 - log_request - GET /api/patient/video-calls/11 - 200 - 0.005s
2026-05-07 03:21:50 - api.request - INFO - logging_config.py:133 - log_request - GET /api/patient/video-calls/11 - 200 - 0.005s
2026-05-07 03:24:43 - api.request - INFO - logging_config.py:133 - log_request - GET /health - 200 - 0.001s
2026-05-07 03:24:45 - api.request - INFO - logging_config.py:133 - log_request - POST /api/patient/login - 200 - 0.009s
2026-05-07 03:24:48 - api.request - INFO - logging_config.py:133 - log_request - GET /api/patient/profile - 200 - 0.023s
2026-05-07 03:24:48 - api.request - INFO - logging_config.py:133 - log_request - GET /api/patient/medications - 200 - 0.025s
2026-05-07 03:24:48 - api.request - INFO - logging_config.py:133 - log_request - GET /api/patient/measurements - 200 - 0.028s
2026-05-07 03:24:48 - api.request - INFO - logging_config.py:133 - log_request - GET /api/patient/medications - 200 - 0.028s
2026-05-07 03:24:48 - api.request - INFO - logging_config.py:133 - log_request - GET /api/patient/profile - 200 - 0.035s
2026-05-07 03:24:48 - api.request - INFO - logging_config.py:133 - log_request - GET /api/patient/doctors - 200 - 0.033s
2026-05-07 03:24:48 - api.request - INFO - logging_config.py:133 - log_request - GET /api/patient/measurements - 200 - 0.032s
2026-05-07 03:24:48 - api.request - INFO - logging_config.py:133 - log_request - GET /api/patient/doctors - 200 - 0.006s
2026-05-07 03:24:48 - api.request - INFO - logging_config.py:133 - log_request - GET /api/patient/shop/orders - 200 - 0.009s
2026-05-07 03:24:48 - api.request - INFO - logging_config.py:133 - log_request - GET /api/patient/shop/orders - 200 - 0.018s
2026-05-07 03:24:48 - api.request - INFO - logging_config.py:133 - log_request - GET /api/patient/profile - 200 - 0.021s
2026-05-07 03:24:48 - api.request - INFO - logging_config.py:133 - log_request - GET /api/patient/profile - 200 - 0.024s
2026-05-07 03:24:55 - api.request - INFO - logging_config.py:133 - log_request - GET /api/doctor/consultations - 200 - 0.006s
2026-05-07 03:25:04 - api.request - INFO - logging_config.py:133 - log_request - GET /api/doctor/consultations - 200 - 0.006s
2026-05-07 03:25:09 - api.request - INFO - logging_config.py:133 - log_request - POST /api/doctor/video-calls/11/join - 200 - 0.009s
2026-05-07 03:25:09 - api.request - INFO - logging_config.py:133 - log_request - GET /api/doctor/consultations - 200 - 0.005s
2026-05-07 03:25:12 - api.request - INFO - logging_config.py:133 - log_request - POST /api/doctor/rtc/publish - 200 - 0.008s
2026-05-07 03:25:12 - api.request - INFO - logging_config.py:133 - log_request - POST /api/doctor/rtc/play - 200 - 0.007s
2026-05-07 03:25:13 - api.request - INFO - logging_config.py:133 - log_request - POST /api/doctor/rtc/play - 200 - 0.010s
2026-05-07 03:25:16 - api.request - INFO - logging_config.py:133 - log_request - POST /api/patient/video-calls - 200 - 0.011s
2026-05-07 03:25:21 - api.request - INFO - logging_config.py:133 - log_request - POST /api/patient/video-calls - 200 - 0.014s
2026-05-07 03:25:22 - api.request - INFO - logging_config.py:133 - log_request - GET /api/patient/video-calls/12 - 200 - 0.005s
2026-05-07 03:25:27 - api.request - INFO - logging_config.py:133 - log_request - GET /api/patient/video-calls/12 - 200 - 0.009s
2026-05-07 03:25:32 - api.request - INFO - logging_config.py:133 - log_request - GET /api/patient/video-calls/12 - 200 - 0.005s
2026-05-07 03:25:37 - api.request - INFO - logging_config.py:133 - log_request - GET /api/patient/video-calls/12 - 200 - 0.005s
2026-05-07 06:49:34 - api.request - INFO - logging_config.py:133 - log_request - GET /health - 200 - 0.002s
2026-05-07 06:49:34 - api.request - INFO - logging_config.py:133 - log_request - GET /api/patient/profile - 200 - 0.009s
2026-05-07 06:49:34 - api.request - INFO - logging_config.py:133 - log_request - GET /api/patient/measurements - 200 - 0.006s
2026-05-07 06:49:34 - api.request - INFO - logging_config.py:133 - log_request - GET /api/patient/measurements - 200 - 0.005s
2026-05-07 06:49:34 - api.request - INFO - logging_config.py:133 - log_request - GET /api/patient/medications - 200 - 0.004s
2026-05-07 06:49:34 - api.request - INFO - logging_config.py:133 - log_request - GET /api/patient/doctors - 200 - 0.008s
2026-05-07 06:49:35 - api.request - INFO - logging_config.py:133 - log_request - GET /api/patient/profile - 200 - 0.006s
2026-05-07 06:49:35 - api.request - INFO - logging_config.py:133 - log_request - GET /api/patient/measurements - 200 - 0.004s
2026-05-07 06:49:35 - api.request - INFO - logging_config.py:133 - log_request - GET /api/patient/measurements - 200 - 0.003s
2026-05-07 06:49:35 - api.request - INFO - logging_config.py:133 - log_request - GET /api/patient/medications - 200 - 0.004s
2026-05-07 06:49:35 - api.request - INFO - logging_config.py:133 - log_request - GET /api/patient/doctors - 200 - 0.006s
2026-05-07 06:49:40 - api.request - INFO - logging_config.py:133 - log_request - GET /api/patient/shop/cart - 200 - 0.004s
2026-05-07 06:49:40 - api.request - INFO - logging_config.py:133 - log_request - GET /api/patient/shop/products - 200 - 0.004s
2026-05-07 06:50:03 - api.request - INFO - logging_config.py:133 - log_request - GET /api/patient/measurements - 200 - 0.006s
2026-05-07 06:50:03 - api.request - INFO - logging_config.py:133 - log_request - GET /api/patient/profile - 200 - 0.007s
2026-05-07 06:50:03 - api.request - INFO - logging_config.py:133 - log_request - GET /api/patient/doctors - 200 - 0.007s
2026-05-07 06:50:03 - api.request - INFO - logging_config.py:133 - log_request - GET /api/patient/medications - 200 - 0.004s
2026-05-07 06:50:15 - api.request - INFO - logging_config.py:133 - log_request - GET /health - 200 - 0.001s
2026-05-07 06:50:16 - api.request - INFO - logging_config.py:133 - log_request - POST /api/patient/login - 200 - 0.007s
2026-05-07 06:50:18 - api.request - INFO - logging_config.py:133 - log_request - GET /api/patient/shop/orders - 200 - 0.007s
2026-05-07 06:50:18 - api.request - INFO - logging_config.py:133 - log_request - GET /api/patient/profile - 200 - 0.009s
2026-05-07 06:50:18 - api.request - INFO - logging_config.py:133 - log_request - GET /api/patient/medications - 200 - 0.004s
2026-05-07 06:50:18 - api.request - INFO - logging_config.py:133 - log_request - GET /api/patient/measurements - 200 - 0.007s
2026-05-07 06:50:18 - api.request - INFO - logging_config.py:133 - log_request - GET /api/patient/measurements - 200 - 0.007s
2026-05-07 06:50:18 - api.request - INFO - logging_config.py:133 - log_request - GET /api/patient/measurements - 200 - 0.004s
2026-05-07 06:50:18 - api.request - INFO - logging_config.py:133 - log_request - GET /api/patient/medications - 200 - 0.014s
2026-05-07 06:50:18 - api.request - INFO - logging_config.py:133 - log_request - GET /api/patient/profile - 200 - 0.027s
2026-05-07 06:50:18 - api.request - INFO - logging_config.py:133 - log_request - GET /api/patient/doctors - 200 - 0.030s
2026-05-07 06:50:18 - api.request - INFO - logging_config.py:133 - log_request - GET /api/patient/measurements - 200 - 0.018s
2026-05-07 06:50:18 - api.request - INFO - logging_config.py:133 - log_request - GET /api/patient/doctors - 200 - 0.012s
2026-05-07 06:50:18 - api.request - INFO - logging_config.py:133 - log_request - GET /api/patient/profile - 200 - 0.008s
2026-05-07 06:50:19 - api.request - INFO - logging_config.py:133 - log_request - GET /api/patient/shop/orders - 200 - 0.007s
2026-05-07 06:50:19 - api.request - INFO - logging_config.py:133 - log_request - GET /api/patient/profile - 200 - 0.010s
2026-05-07 06:50:38 - api.request - INFO - logging_config.py:133 - log_request - GET /api/patient/measurements - 200 - 0.005s
2026-05-07 06:50:40 - api.request - INFO - logging_config.py:133 - log_request - POST /api/patient/measurements - 200 - 0.015s
2026-05-07 06:50:40 - api.request - INFO - logging_config.py:133 - log_request - POST /api/patient/measurements - 200 - 0.025s
2026-05-07 06:50:42 - api.request - INFO - logging_config.py:133 - log_request - GET /api/patient/measurements - 200 - 0.015s
2026-05-07 06:50:42 - api.request - INFO - logging_config.py:133 - log_request - GET /api/patient/medications - 200 - 0.020s
2026-05-07 06:50:42 - api.request - INFO - logging_config.py:133 - log_request - GET /api/patient/profile - 200 - 0.023s
2026-05-07 06:50:42 - api.request - INFO - logging_config.py:133 - log_request - GET /api/patient/doctors - 200 - 0.022s
2026-05-07 06:50:48 - api.request - INFO - logging_config.py:133 - log_request - GET /api/patient/shop/orders - 200 - 0.012s
2026-05-07 06:50:48 - api.request - INFO - logging_config.py:133 - log_request - GET /api/patient/shop/orders - 200 - 0.015s
2026-05-07 06:50:48 - api.request - INFO - logging_config.py:133 - log_request - GET /api/patient/profile - 200 - 0.019s
2026-05-07 06:50:48 - api.request - INFO - logging_config.py:133 - log_request - GET /api/patient/profile - 200 - 0.022s
2026-05-07 06:50:50 - api.request - INFO - logging_config.py:133 - log_request - GET /api/patient/measurements - 200 - 0.017s
2026-05-07 06:50:50 - api.request - INFO - logging_config.py:133 - log_request - GET /api/patient/medications - 200 - 0.026s
2026-05-07 06:50:50 - api.request - INFO - logging_config.py:133 - log_request - GET /api/patient/measurements - 200 - 0.025s
2026-05-07 06:50:50 - api.request - INFO - logging_config.py:133 - log_request - GET /api/patient/profile - 200 - 0.031s
2026-05-07 06:50:50 - api.request - INFO - logging_config.py:133 - log_request - GET /api/patient/doctors - 200 - 0.032s
2026-05-07 06:50:55 - api.request - INFO - logging_config.py:133 - log_request - GET /api/patient/measurements - 200 - 0.005s
2026-05-07 06:51:04 - api.request - INFO - logging_config.py:133 - log_request - POST /api/patient/measurements - 200 - 0.011s
2026-05-07 06:51:04 - api.request - INFO - logging_config.py:133 - log_request - POST /api/patient/measurements - 200 - 0.014s
2026-05-07 06:51:12 - api.request - INFO - logging_config.py:133 - log_request - GET /api/patient/measurements - 200 - 0.005s
2026-05-07 06:52:00 - api.request - INFO - logging_config.py:133 - log_request - GET /api/patient/measurements - 200 - 0.024s
2026-05-07 06:52:00 - api.request - INFO - logging_config.py:133 - log_request - GET /api/patient/medications - 200 - 0.026s
2026-05-07 06:52:00 - api.request - INFO - logging_config.py:133 - log_request - GET /api/patient/doctors - 200 - 0.032s
2026-05-07 06:52:00 - api.request - INFO - logging_config.py:133 - log_request - GET /api/patient/measurements - 200 - 0.028s
2026-05-07 06:52:00 - api.request - INFO - logging_config.py:133 - log_request - GET /api/patient/profile - 200 - 0.023s
2026-05-07 06:52:49 - api.request - INFO - logging_config.py:133 - log_request - GET /api/patient/measurements - 200 - 0.017s
2026-05-07 06:52:49 - api.request - INFO - logging_config.py:133 - log_request - GET /api/patient/measurements - 200 - 0.022s
2026-05-07 06:52:49 - api.request - INFO - logging_config.py:133 - log_request - GET /api/patient/medications - 200 - 0.025s
2026-05-07 06:52:49 - api.request - INFO - logging_config.py:133 - log_request - GET /api/patient/doctors - 200 - 0.028s
2026-05-07 06:52:49 - api.request - INFO - logging_config.py:133 - log_request - GET /api/patient/profile - 200 - 0.029s
2026-05-07 07:18:20 - api.request - INFO - logging_config.py:133 - log_request - GET /api/patient/measurements - 200 - 0.022s
2026-05-07 07:18:20 - api.request - INFO - logging_config.py:133 - log_request - GET /api/patient/measurements - 200 - 0.024s
2026-05-07 07:18:20 - api.request - INFO - logging_config.py:133 - log_request - GET /api/patient/medications - 200 - 0.030s
2026-05-07 07:18:20 - api.request - INFO - logging_config.py:133 - log_request - GET /api/patient/profile - 200 - 0.033s
2026-05-07 07:18:20 - api.request - INFO - logging_config.py:133 - log_request - GET /api/patient/doctors - 200 - 0.032s
2026-05-07 07:23:56 - api.request - INFO - logging_config.py:133 - log_request - GET /api/patient/profile - 200 - 0.009s
2026-05-07 07:23:56 - api.request - INFO - logging_config.py:133 - log_request - GET /api/patient/shop/orders - 200 - 0.004s
2026-05-07 07:24:05 - api.request - INFO - logging_config.py:133 - log_request - GET /health - 200 - 0.004s
2026-05-07 07:24:05 - api.request - INFO - logging_config.py:133 - log_request - GET /api/patient/profile - 200 - 0.022s
2026-05-07 07:24:05 - api.request - INFO - logging_config.py:133 - log_request - GET /api/patient/medications - 200 - 0.020s
2026-05-07 07:24:05 - api.request - INFO - logging_config.py:133 - log_request - GET /api/patient/measurements - 200 - 0.025s
2026-05-07 07:24:05 - api.request - INFO - logging_config.py:133 - log_request - GET /api/patient/doctors - 200 - 0.021s
2026-05-07 07:24:06 - api.request - INFO - logging_config.py:133 - log_request - GET /api/patient/measurements - 200 - 0.012s
2026-05-07 07:24:06 - api.request - INFO - logging_config.py:133 - log_request - GET /api/patient/profile - 200 - 0.024s
2026-05-07 07:24:06 - api.request - INFO - logging_config.py:133 - log_request - GET /api/patient/medications - 200 - 0.025s
2026-05-07 07:24:06 - api.request - INFO - logging_config.py:133 - log_request - GET /api/patient/doctors - 200 - 0.025s
2026-05-07 07:28:21 - api.request - INFO - logging_config.py:133 - log_request - GET /health - 200 - 0.001s
2026-05-07 07:28:21 - api.request - INFO - logging_config.py:133 - log_request - GET /api/patient/profile - 200 - 0.013s
2026-05-07 07:28:21 - api.request - INFO - logging_config.py:133 - log_request - GET /api/patient/medications - 200 - 0.013s
2026-05-07 07:28:21 - api.request - INFO - logging_config.py:133 - log_request - GET /api/patient/measurements - 200 - 0.015s
2026-05-07 07:28:21 - api.request - INFO - logging_config.py:133 - log_request - GET /api/patient/doctors - 200 - 0.018s
2026-05-07 07:28:22 - api.request - INFO - logging_config.py:133 - log_request - GET /api/patient/medications - 200 - 0.013s
2026-05-07 07:28:22 - api.request - INFO - logging_config.py:133 - log_request - GET /api/patient/profile - 200 - 0.019s
2026-05-07 07:28:22 - api.request - INFO - logging_config.py:133 - log_request - GET /api/patient/measurements - 200 - 0.015s
2026-05-07 07:28:22 - api.request - INFO - logging_config.py:133 - log_request - GET /api/patient/doctors - 200 - 0.015s
2026-05-07 07:28:24 - api.request - INFO - logging_config.py:133 - log_request - GET /api/patient/profile - 200 - 0.009s
2026-05-07 07:28:24 - api.request - INFO - logging_config.py:133 - log_request - GET /api/patient/shop/orders - 200 - 0.010s
2026-05-07 07:28:24 - api.request - INFO - logging_config.py:133 - log_request - GET /api/patient/shop/orders - 200 - 0.010s
2026-05-07 07:28:24 - api.request - INFO - logging_config.py:133 - log_request - GET /api/patient/profile - 200 - 0.012s
2026-05-07 07:28:52 - api.request - INFO - logging_config.py:133 - log_request - POST /api/patient/login - 200 - 0.008s
2026-05-07 07:28:56 - api.request - INFO - logging_config.py:133 - log_request - GET /api/patient/shop/products - 200 - 0.005s
2026-05-07 07:28:56 - api.request - INFO - logging_config.py:133 - log_request - GET /api/patient/shop/cart - 200 - 0.004s
2026-05-07 07:28:59 - api.request - INFO - logging_config.py:133 - log_request - GET /api/patient/shop/orders - 200 - 0.007s
2026-05-07 07:28:59 - api.request - INFO - logging_config.py:133 - log_request - GET /api/patient/profile - 200 - 0.011s
2026-05-07 07:29:00 - api.request - INFO - logging_config.py:133 - log_request - GET /api/patient/shop/orders - 200 - 0.008s
2026-05-07 07:29:00 - api.request - INFO - logging_config.py:133 - log_request - GET /api/patient/profile - 200 - 0.014s
2026-05-07 07:37:51 - api.request - INFO - logging_config.py:133 - log_request - GET /health - 200 - 0.001s
2026-05-07 07:41:16 - api.request - INFO - logging_config.py:133 - log_request - GET /health - 200 - 0.001s
2026-05-07 07:41:26 - api.request - INFO - logging_config.py:133 - log_request - POST /api/patient/login - 200 - 0.008s
2026-05-07 07:41:30 - api.request - INFO - logging_config.py:133 - log_request - GET /api/patient/shop/products - 200 - 0.005s
2026-05-07 07:41:30 - api.request - INFO - logging_config.py:133 - log_request - GET /api/patient/shop/cart - 200 - 0.004s
2026-05-07 07:41:32 - api.request - INFO - logging_config.py:133 - log_request - GET /api/patient/shop/orders - 200 - 0.004s
2026-05-07 07:41:33 - api.request - INFO - logging_config.py:133 - log_request - GET /api/patient/shop/orders - 200 - 0.004s
2026-05-07 07:41:34 - api.request - INFO - logging_config.py:133 - log_request - GET /api/patient/prescriptions - 200 - 0.012s
2026-05-07 07:41:36 - api.request - INFO - logging_config.py:133 - log_request - GET /api/patient/measurements - 200 - 0.011s
2026-05-07 07:41:36 - api.request - INFO - logging_config.py:133 - log_request - GET /api/patient/medications - 200 - 0.016s
2026-05-07 07:41:36 - api.request - INFO - logging_config.py:133 - log_request - GET /api/patient/profile - 200 - 0.025s
2026-05-07 07:41:36 - api.request - INFO - logging_config.py:133 - log_request - GET /api/patient/doctors - 200 - 0.017s
2026-05-07 07:41:36 - api.request - INFO - logging_config.py:133 - log_request - GET /api/patient/measurements - 200 - 0.016s
2026-05-07 07:41:36 - api.request - INFO - logging_config.py:133 - log_request - GET /api/patient/medications - 200 - 0.022s
2026-05-07 07:41:36 - api.request - INFO - logging_config.py:133 - log_request - GET /api/patient/profile - 200 - 0.024s
2026-05-07 07:41:36 - api.request - INFO - logging_config.py:133 - log_request - GET /api/patient/doctors - 200 - 0.026s
2026-05-07 07:41:40 - api.request - INFO - logging_config.py:133 - log_request - GET /api/patient/shop/orders - 200 - 0.009s
2026-05-07 07:41:40 - api.request - INFO - logging_config.py:133 - log_request - GET /api/patient/profile - 200 - 0.010s
2026-05-07 07:41:40 - api.request - INFO - logging_config.py:133 - log_request - GET /api/patient/shop/orders - 200 - 0.010s
2026-05-07 07:41:40 - api.request - INFO - logging_config.py:133 - log_request - GET /api/patient/profile - 200 - 0.009s
2026-05-07 07:42:46 - api.request - INFO - logging_config.py:133 - log_request - GET /health - 200 - 0.001s
2026-05-07 07:42:54 - api.request - INFO - logging_config.py:133 - log_request - GET /health - 200 - 0.001s
2026-05-07 07:43:07 - api.request - INFO - logging_config.py:133 - log_request - POST /api/patient/login - 200 - 0.007s
2026-05-07 07:43:10 - api.request - INFO - logging_config.py:133 - log_request - GET /api/patient/shop/products - 200 - 0.004s
2026-05-07 07:43:10 - api.request - INFO - logging_config.py:133 - log_request - GET /api/patient/shop/cart - 200 - 0.003s
2026-05-07 07:43:20 - api.request - INFO - logging_config.py:133 - log_request - GET /health - 200 - 0.002s
2026-05-07 07:53:27 - api.request - INFO - logging_config.py:133 - log_request - GET /health - 200 - 0.001s
2026-05-07 07:53:41 - api.request - INFO - logging_config.py:133 - log_request - POST /api/patient/login - 200 - 0.008s
2026-05-07 07:53:45 - api.request - INFO - logging_config.py:133 - log_request - GET /api/patient/shop/products - 200 - 0.008s
2026-05-07 07:53:45 - api.request - INFO - logging_config.py:133 - log_request - GET /api/patient/shop/cart - 200 - 0.007s
2026-05-07 07:53:46 - api.request - INFO - logging_config.py:133 - log_request - GET /api/patient/shop/orders - 200 - 0.008s
2026-05-07 07:53:46 - api.request - INFO - logging_config.py:133 - log_request - GET /api/patient/profile - 200 - 0.011s
2026-05-07 07:53:47 - api.request - INFO - logging_config.py:133 - log_request - GET /api/patient/shop/orders - 200 - 0.009s
2026-05-07 07:53:47 - api.request - INFO - logging_config.py:133 - log_request - GET /api/patient/profile - 200 - 0.010s
2026-05-07 07:53:55 - api.request - WARNING - logging_config.py:131 - log_request - POST /api/patient/login - 401 - 0.003s
2026-05-07 07:57:12 - api.request - INFO - logging_config.py:133 - log_request - GET /health - 200 - 0.001s
2026-05-07 07:57:22 - api.request - INFO - logging_config.py:133 - log_request - POST /api/patient/login - 200 - 0.008s
2026-05-07 07:57:25 - api.request - INFO - logging_config.py:133 - log_request - GET /api/patient/shop/products - 200 - 0.004s
2026-05-07 07:57:25 - api.request - INFO - logging_config.py:133 - log_request - GET /api/patient/shop/cart - 200 - 0.004s
2026-05-07 07:57:27 - api.request - INFO - logging_config.py:133 - log_request - GET /api/patient/shop/orders - 200 - 0.009s
2026-05-07 07:57:27 - api.request - INFO - logging_config.py:133 - log_request - GET /api/patient/profile - 200 - 0.012s
2026-05-07 07:57:28 - api.request - INFO - logging_config.py:133 - log_request - GET /api/patient/shop/orders - 200 - 0.007s
2026-05-07 07:57:28 - api.request - INFO - logging_config.py:133 - log_request - GET /api/patient/profile - 200 - 0.010s
2026-05-07 08:18:30 - api.request - WARNING - logging_config.py:131 - log_request - POST /api/patient/login - 401 - 0.006s
2026-05-07 08:18:44 - api.request - INFO - logging_config.py:133 - log_request - POST /api/patient/login - 200 - 0.011s
2026-05-07 08:18:47 - api.request - INFO - logging_config.py:133 - log_request - GET /api/patient/shop/products - 200 - 0.006s
2026-05-07 08:18:47 - api.request - INFO - logging_config.py:133 - log_request - GET /api/patient/shop/cart - 200 - 0.006s
2026-05-07 08:19:01 - api.request - INFO - logging_config.py:133 - log_request - GET /health - 200 - 0.002s
2026-05-07 08:19:17 - api.request - INFO - logging_config.py:133 - log_request - POST /api/patient/login - 200 - 0.006s
2026-05-07 08:19:21 - api.request - INFO - logging_config.py:133 - log_request - GET /api/patient/shop/products - 200 - 0.004s
2026-05-07 08:19:21 - api.request - INFO - logging_config.py:133 - log_request - GET /api/patient/shop/cart - 200 - 0.003s
2026-05-07 08:20:04 - api.request - INFO - logging_config.py:133 - log_request - GET /health - 200 - 0.001s
2026-05-07 08:20:10 - api.request - WARNING - logging_config.py:131 - log_request - POST /api/patient/login - 401 - 0.004s
2026-05-07 08:20:25 - api.request - INFO - logging_config.py:133 - log_request - POST /api/patient/login - 200 - 0.007s
2026-05-07 08:20:28 - api.request - INFO - logging_config.py:133 - log_request - GET /api/patient/shop/cart - 200 - 0.007s
2026-05-07 08:20:28 - api.request - INFO - logging_config.py:133 - log_request - GET /api/patient/shop/products - 200 - 0.010s
2026-05-07 08:23:40 - api.request - INFO - logging_config.py:133 - log_request - GET /health - 200 - 0.001s
2026-05-07 08:23:40 - api.request - INFO - logging_config.py:133 - log_request - GET /api/patient/shop/products - 200 - 0.005s
2026-05-07 08:23:40 - api.request - INFO - logging_config.py:133 - log_request - GET /api/patient/shop/cart - 200 - 0.004s
2026-05-07 08:24:24 - api.request - INFO - logging_config.py:133 - log_request - GET /health - 200 - 0.001s
2026-05-07 08:24:33 - api.request - INFO - logging_config.py:133 - log_request - POST /api/patient/login - 200 - 0.007s
2026-05-07 08:24:36 - api.request - INFO - logging_config.py:133 - log_request - GET /api/patient/profile - 200 - 0.016s
2026-05-07 08:24:36 - api.request - INFO - logging_config.py:133 - log_request - GET /api/patient/medications - 200 - 0.020s
2026-05-07 08:24:36 - api.request - INFO - logging_config.py:133 - log_request - GET /api/patient/measurements - 200 - 0.025s
2026-05-07 08:24:36 - api.request - INFO - logging_config.py:133 - log_request - GET /api/patient/doctors - 200 - 0.026s
2026-05-07 08:24:36 - api.request - INFO - logging_config.py:133 - log_request - GET /api/patient/measurements - 200 - 0.015s
2026-05-07 08:24:36 - api.request - INFO - logging_config.py:133 - log_request - GET /api/patient/profile - 200 - 0.021s
2026-05-07 08:24:36 - api.request - INFO - logging_config.py:133 - log_request - GET /api/patient/medications - 200 - 0.022s
2026-05-07 08:24:36 - api.request - INFO - logging_config.py:133 - log_request - GET /api/patient/doctors - 200 - 0.022s
2026-05-07 08:24:39 - api.request - INFO - logging_config.py:133 - log_request - GET /api/patient/measurements - 200 - 0.005s
2026-05-07 08:28:38 - api.request - INFO - logging_config.py:133 - log_request - GET /api/patient/measurements - 200 - 0.006s
2026-05-07 08:28:38 - api.request - INFO - logging_config.py:133 - log_request - GET /api/patient/medications - 200 - 0.004s
2026-05-07 08:28:38 - api.request - INFO - logging_config.py:133 - log_request - GET /api/patient/profile - 200 - 0.007s
2026-05-07 08:28:38 - api.request - INFO - logging_config.py:133 - log_request - GET /api/patient/doctors - 200 - 0.007s
2026-05-07 08:28:44 - api.request - INFO - logging_config.py:133 - log_request - GET /api/patient/measurements - 200 - 0.005s
2026-05-07 08:28:54 - api.request - INFO - logging_config.py:133 - log_request - DELETE /api/patient/measurements/62 - 200 - 0.009s
2026-05-07 08:29:00 - api.request - INFO - logging_config.py:133 - log_request - GET /api/patient/measurements - 200 - 0.005s
2026-05-07 08:29:09 - api.request - INFO - logging_config.py:133 - log_request - GET /api/patient/medications - 200 - 0.011s
2026-05-07 08:29:09 - api.request - INFO - logging_config.py:133 - log_request - GET /api/patient/measurements - 200 - 0.017s
2026-05-07 08:29:09 - api.request - INFO - logging_config.py:133 - log_request - GET /api/patient/profile - 200 - 0.023s
2026-05-07 08:29:09 - api.request - INFO - logging_config.py:133 - log_request - GET /api/patient/doctors - 200 - 0.019s
2026-05-07 08:40:27 - api.request - INFO - logging_config.py:133 - log_request - GET /health - 200 - 0.002s
2026-05-07 08:40:31 - api.request - INFO - logging_config.py:133 - log_request - POST /api/patient/login - 200 - 0.008s
2026-05-07 08:40:34 - api.request - INFO - logging_config.py:133 - log_request - GET /api/patient/measurements - 200 - 0.004s
2026-05-07 08:40:34 - api.request - INFO - logging_config.py:133 - log_request - GET /api/patient/profile - 200 - 0.009s
2026-05-07 08:40:34 - api.request - INFO - logging_config.py:133 - log_request - GET /api/patient/medications - 200 - 0.007s
2026-05-07 08:40:34 - api.request - INFO - logging_config.py:133 - log_request - GET /api/patient/doctors - 200 - 0.007s
2026-05-07 08:40:35 - api.request - INFO - logging_config.py:133 - log_request - GET /api/patient/profile - 200 - 0.006s
2026-05-07 08:40:35 - api.request - INFO - logging_config.py:133 - log_request - GET /api/patient/medications - 200 - 0.004s
2026-05-07 08:40:35 - api.request - INFO - logging_config.py:133 - log_request - GET /api/patient/doctors - 200 - 0.007s
2026-05-07 08:40:35 - api.request - INFO - logging_config.py:133 - log_request - GET /api/patient/measurements - 200 - 0.004s
2026-05-07 08:40:38 - api.request - INFO - logging_config.py:133 - log_request - GET /api/patient/measurements - 200 - 0.004s
2026-05-07 08:40:53 - api.request - INFO - logging_config.py:133 - log_request - GET /api/patient/doctors - 200 - 0.007s
2026-05-07 08:40:54 - api.request - INFO - logging_config.py:133 - log_request - GET /api/patient/doctors - 200 - 0.008s
2026-05-07 08:41:19 - api.request - INFO - logging_config.py:133 - log_request - GET /api/patient/measurements - 200 - 0.014s
2026-05-07 08:41:19 - api.request - INFO - logging_config.py:133 - log_request - GET /api/patient/medications - 200 - 0.021s
2026-05-07 08:41:19 - api.request - INFO - logging_config.py:133 - log_request - GET /api/patient/profile - 200 - 0.022s
2026-05-07 08:41:19 - api.request - INFO - logging_config.py:133 - log_request - GET /api/patient/doctors - 200 - 0.025s
2026-05-07 08:41:44 - api.request - INFO - logging_config.py:133 - log_request - GET /api/patient/shop/cart - 200 - 0.007s
2026-05-07 08:41:44 - api.request - INFO - logging_config.py:133 - log_request - GET /api/patient/shop/products - 200 - 0.008s
2026-05-07 08:41:45 - api.request - INFO - logging_config.py:133 - log_request - GET /api/patient/shop/orders - 200 - 0.005s
2026-05-07 08:41:45 - api.request - INFO - logging_config.py:133 - log_request - GET /api/patient/shop/orders - 200 - 0.004s
2026-05-07 08:41:48 - api.request - INFO - logging_config.py:133 - log_request - GET /api/patient/shop/products - 200 - 0.011s
2026-05-07 08:41:49 - api.request - INFO - logging_config.py:133 - log_request - GET /api/patient/shop/products - 200 - 0.004s
2026-05-07 08:41:50 - api.request - INFO - logging_config.py:133 - log_request - GET /api/patient/shop/products - 200 - 0.003s
2026-05-07 08:41:51 - api.request - INFO - logging_config.py:133 - log_request - GET /api/patient/shop/products - 200 - 0.004s
2026-05-07 08:41:55 - api.request - INFO - logging_config.py:133 - log_request - GET /api/patient/shop/products - 200 - 0.004s
2026-05-07 08:41:57 - api.request - INFO - logging_config.py:133 - log_request - GET /api/patient/shop/products - 200 - 0.004s
2026-05-07 08:42:20 - api.request - INFO - logging_config.py:133 - log_request - GET /api/patient/shop/products - 200 - 0.005s
2026-05-07 08:42:21 - api.request - INFO - logging_config.py:133 - log_request - GET /api/patient/shop/products - 200 - 0.004s
2026-05-07 08:42:22 - api.request - INFO - logging_config.py:133 - log_request - GET /api/patient/shop/products - 200 - 0.003s
2026-05-07 08:42:23 - api.request - INFO - logging_config.py:133 - log_request - GET /api/patient/shop/products - 200 - 0.004s
2026-05-07 08:42:24 - api.request - INFO - logging_config.py:133 - log_request - GET /api/patient/shop/products - 200 - 0.004s
2026-05-07 08:42:27 - api.request - INFO - logging_config.py:133 - log_request - GET /api/patient/shop/cart - 200 - 0.004s
2026-05-07 08:42:27 - api.request - INFO - logging_config.py:133 - log_request - GET /api/patient/shop/cart - 200 - 0.004s
2026-05-07 08:42:28 - api.request - INFO - logging_config.py:133 - log_request - GET /api/patient/shop/cart - 200 - 0.004s
2026-05-07 08:42:29 - api.request - INFO - logging_config.py:133 - log_request - GET /api/patient/shop/cart - 200 - 0.004s
2026-05-07 08:42:30 - api.request - INFO - logging_config.py:133 - log_request - GET /api/patient/shop/cart - 200 - 0.004s
2026-05-07 08:42:32 - api.request - INFO - logging_config.py:133 - log_request - GET /api/patient/shop/cart - 200 - 0.004s
2026-05-07 08:42:33 - api.request - INFO - logging_config.py:133 - log_request - GET /api/patient/shop/cart - 200 - 0.004s
2026-05-07 08:42:35 - api.request - INFO - logging_config.py:133 - log_request - GET /api/patient/shop/cart - 200 - 0.004s
2026-05-07 08:42:36 - api.request - INFO - logging_config.py:133 - log_request - GET /api/patient/shop/cart - 200 - 0.004s
2026-05-07 08:42:40 - api.request - INFO - logging_config.py:133 - log_request - GET /api/patient/shop/cart - 200 - 0.004s
2026-05-07 08:42:41 - api.request - INFO - logging_config.py:133 - log_request - GET /api/patient/shop/orders - 200 - 0.004s
2026-05-07 08:42:43 - api.request - INFO - logging_config.py:133 - log_request - GET /api/patient/prescriptions - 200 - 0.007s
2026-05-07 08:42:55 - api.request - INFO - logging_config.py:133 - log_request - GET /api/patient/prescriptions/1 - 200 - 0.011s
2026-05-07 08:43:02 - api.request - INFO - logging_config.py:133 - log_request - GET /api/patient/doctor/profile - 200 - 0.015s
2026-05-07 08:43:02 - api.request - INFO - logging_config.py:133 - log_request - GET /api/patient/profile - 200 - 0.020s
2026-05-07 08:43:02 - api.request - INFO - logging_config.py:133 - log_request - GET /api/patient/messages - 200 - 0.021s
2026-05-07 08:43:05 - api.request - INFO - logging_config.py:133 - log_request - GET /api/patient/messages - 200 - 0.006s
2026-05-07 08:43:08 - api.request - INFO - logging_config.py:133 - log_request - GET /api/patient/messages - 200 - 0.006s
2026-05-07 08:43:10 - api.request - INFO - logging_config.py:133 - log_request - GET /api/patient/profile - 200 - 0.012s
2026-05-07 08:43:10 - api.request - INFO - logging_config.py:133 - log_request - GET /api/patient/messages - 200 - 0.014s
2026-05-07 08:43:10 - api.request - INFO - logging_config.py:133 - log_request - GET /api/patient/doctor/profile - 200 - 0.006s
2026-05-07 08:43:17 - api.request - INFO - logging_config.py:133 - log_request - GET /api/patient/shop/cart - 200 - 0.005s
2026-05-07 08:43:23 - api.request - INFO - logging_config.py:133 - log_request - GET /api/patient/prescriptions - 200 - 0.008s
2026-05-07 08:43:27 - api.request - INFO - logging_config.py:133 - log_request - GET /api/patient/shop/orders - 200 - 0.009s
2026-05-07 08:43:27 - api.request - INFO - logging_config.py:133 - log_request - GET /api/patient/profile - 200 - 0.012s
2026-05-07 08:43:31 - api.request - INFO - logging_config.py:133 - log_request - GET /api/patient/prescriptions - 200 - 0.006s
2026-05-07 08:43:31 - api.request - INFO - logging_config.py:133 - log_request - GET /api/patient/profile - 200 - 0.006s
2026-05-07 08:43:31 - api.request - INFO - logging_config.py:133 - log_request - GET /api/patient/shop/orders - 200 - 0.005s
2026-05-07 08:43:31 - api.request - INFO - logging_config.py:133 - log_request - GET /api/patient/shop/cart - 200 - 0.009s
2026-05-07 08:43:32 - api.request - INFO - logging_config.py:133 - log_request - GET /health - 200 - 0.001s
2026-05-07 08:43:32 - api.request - INFO - logging_config.py:133 - log_request - GET /api/patient/shop/cart - 200 - 0.006s
2026-05-07 08:43:32 - api.request - INFO - logging_config.py:133 - log_request - GET /api/patient/profile - 200 - 0.007s
2026-05-07 08:43:32 - api.request - INFO - logging_config.py:133 - log_request - GET /api/patient/shop/orders - 200 - 0.005s
2026-05-07 08:43:33 - api.request - INFO - logging_config.py:133 - log_request - GET /api/patient/profile - 200 - 0.006s
2026-05-07 08:43:33 - api.request - INFO - logging_config.py:133 - log_request - GET /api/patient/shop/cart - 200 - 0.004s
2026-05-07 08:43:35 - api.request - INFO - logging_config.py:133 - log_request - GET /api/patient/profile - 200 - 0.008s
2026-05-07 08:43:47 - api.request - INFO - logging_config.py:133 - log_request - GET /api/patient/measurements - 200 - 0.014s
2026-05-07 08:43:47 - api.request - INFO - logging_config.py:133 - log_request - GET /api/patient/medications - 200 - 0.021s
2026-05-07 08:43:47 - api.request - INFO - logging_config.py:133 - log_request - GET /api/patient/profile - 200 - 0.026s
2026-05-07 08:43:47 - api.request - INFO - logging_config.py:133 - log_request - GET /api/patient/doctors - 200 - 0.026s
2026-05-07 08:43:47 - api.request - INFO - logging_config.py:133 - log_request - GET /api/patient/shop/cart - 200 - 0.004s
2026-05-07 08:43:48 - api.request - INFO - logging_config.py:133 - log_request - GET /api/patient/shop/orders - 200 - 0.004s
2026-05-07 08:43:49 - api.request - INFO - logging_config.py:133 - log_request - GET /api/patient/shop/orders - 200 - 0.004s
2026-05-07 08:44:13 - api.request - INFO - logging_config.py:133 - log_request - GET /api/patient/shop/cart - 200 - 0.005s
2026-05-07 08:44:14 - api.request - INFO - logging_config.py:133 - log_request - GET /api/patient/shop/orders - 200 - 0.004s
2026-05-07 08:44:14 - api.request - INFO - logging_config.py:133 - log_request - GET /api/patient/prescriptions - 200 - 0.007s
2026-05-07 08:44:15 - api.request - INFO - logging_config.py:133 - log_request - GET /api/patient/shop/orders - 200 - 0.006s
2026-05-07 08:44:15 - api.request - INFO - logging_config.py:133 - log_request - GET /api/patient/profile - 200 - 0.011s
2026-05-07 08:44:30 - api.request - INFO - logging_config.py:133 - log_request - GET /api/patient/profile - 200 - 0.006s
2026-05-07 08:44:30 - api.request - INFO - logging_config.py:133 - log_request - GET /api/patient/medications - 200 - 0.009s
2026-05-07 08:44:30 - api.request - INFO - logging_config.py:133 - log_request - GET /api/patient/measurements - 200 - 0.011s
2026-05-07 08:44:30 - api.request - INFO - logging_config.py:133 - log_request - GET /api/patient/doctors - 200 - 0.016s
2026-05-07 09:17:08 - api.request - WARNING - logging_config.py:131 - log_request - GET /static/favicon.ico - 404 - 0.002s
2026-05-07 12:13:13 - api.request - INFO - logging_config.py:133 - log_request - GET /api/patient/profile - 200 - 0.019s
2026-05-07 12:13:13 - api.request - INFO - logging_config.py:133 - log_request - GET /api/patient/doctors - 200 - 0.035s
2026-05-07 12:13:13 - api.request - INFO - logging_config.py:133 - log_request - GET /health - 200 - 0.003s
2026-05-07 12:13:13 - api.request - INFO - logging_config.py:133 - log_request - GET /api/patient/medications - 200 - 0.011s
2026-05-07 12:13:13 - api.request - INFO - logging_config.py:133 - log_request - GET /api/patient/measurements - 200 - 0.014s
2026-05-07 12:13:14 - api.request - INFO - logging_config.py:133 - log_request - GET /api/patient/measurements - 200 - 0.004s
2026-05-07 12:13:14 - api.request - INFO - logging_config.py:133 - log_request - GET /api/patient/medications - 200 - 0.003s
2026-05-07 12:13:14 - api.request - INFO - logging_config.py:133 - log_request - GET /api/patient/profile - 200 - 0.006s
2026-05-07 12:13:14 - api.request - INFO - logging_config.py:133 - log_request - GET /api/patient/doctors - 200 - 0.007s
2026-05-07 12:13:40 - api.request - INFO - logging_config.py:133 - log_request - GET /api/patient/shop/orders - 200 - 0.010s
2026-05-07 12:13:40 - api.request - INFO - logging_config.py:133 - log_request - GET /api/patient/profile - 200 - 0.011s
2026-05-07 12:13:41 - api.request - INFO - logging_config.py:133 - log_request - GET /api/patient/shop/orders - 200 - 0.007s
2026-05-07 12:13:41 - api.request - INFO - logging_config.py:133 - log_request - GET /api/patient/profile - 200 - 0.006s
2026-05-07 12:13:42 - api.request - INFO - logging_config.py:133 - log_request - GET /api/patient/profile - 200 - 0.006s
2026-05-07 12:13:49 - api.request - INFO - logging_config.py:133 - log_request - GET /api/patient/medications - 200 - 0.010s
2026-05-07 12:13:49 - api.request - INFO - logging_config.py:133 - log_request - GET /api/patient/profile - 200 - 0.012s
2026-05-07 12:13:49 - api.request - INFO - logging_config.py:133 - log_request - GET /api/patient/measurements - 200 - 0.014s
2026-05-07 12:13:49 - api.request - INFO - logging_config.py:133 - log_request - GET /api/patient/shop/orders - 200 - 0.018s
2026-05-07 12:13:49 - api.request - INFO - logging_config.py:133 - log_request - GET /api/patient/profile - 200 - 0.020s
2026-05-07 12:13:49 - api.request - INFO - logging_config.py:133 - log_request - GET /api/patient/doctors - 200 - 0.023s
2026-05-07 12:13:49 - api.request - INFO - logging_config.py:133 - log_request - GET /api/patient/measurements - 200 - 0.004s
2026-05-07 12:13:49 - api.request - INFO - logging_config.py:133 - log_request - GET /api/patient/doctors - 200 - 0.007s
2026-05-07 12:13:49 - api.request - INFO - logging_config.py:133 - log_request - GET /api/patient/profile - 200 - 0.007s
2026-05-07 12:13:49 - api.request - INFO - logging_config.py:133 - log_request - GET /api/patient/medications - 200 - 0.003s
2026-05-07 12:13:49 - api.request - INFO - logging_config.py:133 - log_request - GET /api/patient/profile - 200 - 0.008s
2026-05-07 12:13:49 - api.request - INFO - logging_config.py:133 - log_request - GET /api/patient/shop/orders - 200 - 0.010s
2026-05-07 12:13:49 - api.request - INFO - logging_config.py:133 - log_request - GET /api/patient/profile - 200 - 0.008s
2026-05-07 12:13:57 - api.request - INFO - logging_config.py:133 - log_request - GET /api/patient/prescriptions - 200 - 0.007s
2026-05-07 12:13:58 - api.request - INFO - logging_config.py:133 - log_request - GET /api/patient/prescriptions - 200 - 0.006s
2026-05-07 12:14:03 - api.request - INFO - logging_config.py:133 - log_request - GET /api/patient/prescriptions/1 - 200 - 0.007s
2026-05-07 12:14:03 - api.request - INFO - logging_config.py:133 - log_request - GET /api/patient/prescriptions/1 - 200 - 0.007s
2026-05-07 12:14:08 - api.request - INFO - logging_config.py:133 - log_request - GET /api/patient/shop/cart - 200 - 0.008s
2026-05-07 12:14:08 - api.request - INFO - logging_config.py:133 - log_request - GET /api/patient/shop/products - 200 - 0.008s
2026-05-07 12:14:11 - api.request - INFO - logging_config.py:133 - log_request - GET /api/patient/shop/products - 200 - 0.005s
2026-05-07 12:14:11 - api.request - INFO - logging_config.py:133 - log_request - GET /api/patient/shop/cart - 200 - 0.004s
2026-05-07 12:14:14 - api.request - INFO - logging_config.py:133 - log_request - GET /api/patient/measurements - 200 - 0.014s
2026-05-07 12:14:14 - api.request - INFO - logging_config.py:133 - log_request - GET /api/patient/medications - 200 - 0.014s
2026-05-07 12:14:14 - api.request - INFO - logging_config.py:133 - log_request - GET /api/patient/profile - 200 - 0.022s
2026-05-07 12:14:14 - api.request - INFO - logging_config.py:133 - log_request - GET /api/patient/doctors - 200 - 0.019s
2026-05-07 12:14:16 - api.request - INFO - logging_config.py:133 - log_request - GET /api/patient/shop/products - 200 - 0.003s
2026-05-07 12:14:21 - api.request - INFO - logging_config.py:133 - log_request - GET /api/patient/shop/orders - 200 - 0.004s
2026-05-07 12:14:22 - api.request - INFO - logging_config.py:133 - log_request - GET /api/patient/shop/orders - 200 - 0.005s
2026-05-07 12:14:22 - api.request - INFO - logging_config.py:133 - log_request - GET /api/patient/shop/cart - 200 - 0.007s
2026-05-07 12:14:22 - api.request - INFO - logging_config.py:133 - log_request - GET /api/patient/shop/cart - 200 - 0.009s
2026-05-07 12:14:24 - api.request - INFO - logging_config.py:133 - log_request - GET /api/patient/shop/cart - 200 - 0.004s
2026-05-07 12:14:25 - api.request - INFO - logging_config.py:133 - log_request - GET /api/patient/shop/cart - 200 - 0.005s
2026-05-07 12:14:25 - api.request - INFO - logging_config.py:133 - log_request - GET /api/patient/shop/cart - 200 - 0.006s
2026-05-07 12:14:31 - api.request - INFO - logging_config.py:133 - log_request - GET /api/patient/shop/products/4 - 200 - 0.004s
2026-05-07 12:14:33 - api.request - INFO - logging_config.py:133 - log_request - POST /api/patient/shop/cart - 200 - 0.015s
2026-05-07 12:14:39 - api.request - INFO - logging_config.py:133 - log_request - GET /api/patient/shop/cart - 200 - 0.007s
2026-05-07 12:14:41 - api.request - INFO - logging_config.py:133 - log_request - GET /api/patient/shop/cart - 200 - 0.005s
2026-05-07 12:14:41 - api.request - INFO - logging_config.py:133 - log_request - GET /api/patient/shop/cart - 200 - 0.005s
2026-05-07 12:14:44 - api.request - INFO - logging_config.py:133 - log_request - GET /api/patient/shop/cart - 200 - 0.011s
2026-05-07 12:14:44 - api.request - INFO - logging_config.py:133 - log_request - GET /api/patient/profile - 200 - 0.011s
2026-05-07 12:15:07 - api.request - INFO - logging_config.py:133 - log_request - POST /api/patient/shop/orders - 200 - 0.023s
2026-05-07 12:15:10 - api.request - INFO - logging_config.py:133 - log_request - GET /api/patient/shop/orders/1 - 200 - 0.010s
2026-05-07 12:15:15 - api.request - INFO - logging_config.py:133 - log_request - GET /api/patient/shop/cart - 200 - 0.004s
2026-05-07 12:15:17 - api.request - INFO - logging_config.py:133 - log_request - GET /api/patient/shop/products - 200 - 0.004s
2026-05-07 12:15:21 - api.request - INFO - logging_config.py:133 - log_request - GET /api/patient/shop/cart - 200 - 0.007s
2026-05-07 12:15:21 - api.request - INFO - logging_config.py:133 - log_request - GET /api/patient/shop/cart - 200 - 0.006s
2026-05-07 12:15:23 - api.request - INFO - logging_config.py:133 - log_request - GET /api/patient/prescriptions - 200 - 0.007s
2026-05-07 12:15:24 - api.request - INFO - logging_config.py:133 - log_request - GET /api/patient/shop/orders - 200 - 0.010s
2026-05-07 12:15:24 - api.request - INFO - logging_config.py:133 - log_request - GET /api/patient/profile - 200 - 0.013s
2026-05-07 12:15:26 - api.request - INFO - logging_config.py:133 - log_request - GET /api/patient/shop/orders - 200 - 0.010s
2026-05-07 12:15:26 - api.request - INFO - logging_config.py:133 - log_request - GET /api/patient/shop/orders - 200 - 0.011s
2026-05-07 12:15:38 - api.request - INFO - logging_config.py:133 - log_request - GET /api/patient/shop/orders/1 - 200 - 0.006s
2026-05-07 12:15:48 - api.request - INFO - logging_config.py:133 - log_request - GET /api/patient/shop/orders - 200 - 0.006s
2026-05-07 12:15:50 - api.request - INFO - logging_config.py:133 - log_request - GET /api/patient/shop/cart - 200 - 0.004s
2026-05-07 12:15:52 - api.request - INFO - logging_config.py:133 - log_request - GET /api/patient/shop/cart - 200 - 0.004s
2026-05-07 12:15:53 - api.request - INFO - logging_config.py:133 - log_request - GET /api/patient/profile - 200 - 0.013s
2026-05-07 12:15:53 - api.request - INFO - logging_config.py:133 - log_request - GET /api/patient/measurements - 200 - 0.017s
2026-05-07 12:15:53 - api.request - INFO - logging_config.py:133 - log_request - GET /api/patient/medications - 200 - 0.018s
2026-05-07 12:15:53 - api.request - INFO - logging_config.py:133 - log_request - GET /api/patient/doctors - 200 - 0.018s
2026-05-07 12:15:55 - api.request - INFO - logging_config.py:133 - log_request - GET /api/patient/medications - 200 - 0.019s
2026-05-07 12:15:55 - api.request - INFO - logging_config.py:133 - log_request - GET /api/patient/profile - 200 - 0.025s
2026-05-07 12:15:55 - api.request - INFO - logging_config.py:133 - log_request - GET /api/patient/measurements - 200 - 0.021s
2026-05-07 12:15:55 - api.request - INFO - logging_config.py:133 - log_request - GET /api/patient/doctors - 200 - 0.025s
2026-05-07 12:15:58 - api.request - INFO - logging_config.py:133 - log_request - GET /api/patient/measurements - 200 - 0.004s
2026-05-07 12:15:59 - api.request - INFO - logging_config.py:133 - log_request - GET /api/patient/measurements - 200 - 0.005s
2026-05-07 12:16:24 - api.request - INFO - logging_config.py:133 - log_request - GET /api/patient/measurements - 200 - 0.005s
2026-05-07 12:16:55 - api.request - INFO - logging_config.py:133 - log_request - GET /api/patient/medications - 200 - 0.020s
2026-05-07 12:16:55 - api.request - INFO - logging_config.py:133 - log_request - GET /api/patient/doctors - 200 - 0.028s
2026-05-07 12:16:55 - api.request - INFO - logging_config.py:133 - log_request - GET /api/patient/profile - 200 - 0.028s
2026-05-07 12:16:55 - api.request - INFO - logging_config.py:133 - log_request - GET /api/patient/measurements - 200 - 0.030s
2026-05-07 12:17:15 - api.request - INFO - logging_config.py:133 - log_request - GET /api/patient/doctors - 200 - 0.013s
2026-05-07 12:17:34 - api.request - INFO - logging_config.py:133 - log_request - GET /api/patient/medications - 200 - 0.018s
2026-05-07 12:17:34 - api.request - INFO - logging_config.py:133 - log_request - GET /api/patient/measurements - 200 - 0.025s
2026-05-07 12:17:34 - api.request - INFO - logging_config.py:133 - log_request - GET /api/patient/profile - 200 - 0.027s
2026-05-07 12:17:34 - api.request - INFO - logging_config.py:133 - log_request - GET /api/patient/doctors - 200 - 0.030s
2026-05-07 12:17:37 - api.request - INFO - logging_config.py:133 - log_request - GET /api/patient/doctors - 200 - 0.011s
2026-05-07 12:17:37 - api.request - INFO - logging_config.py:133 - log_request - GET /api/patient/profile - 200 - 0.010s
2026-05-07 12:17:37 - api.request - INFO - logging_config.py:133 - log_request - GET /api/patient/measurements - 200 - 0.005s
2026-05-07 12:17:37 - api.request - INFO - logging_config.py:133 - log_request - GET /api/patient/medications - 200 - 0.004s
2026-05-07 12:17:56 - api.request - INFO - logging_config.py:133 - log_request - GET /api/patient/shop/cart - 200 - 0.006s
2026-05-07 12:18:02 - api.request - INFO - logging_config.py:133 - log_request - GET /api/patient/measurements - 200 - 0.005s
2026-05-07 12:18:14 - api.request - INFO - logging_config.py:133 - log_request - GET /api/patient/profile - 200 - 0.016s
2026-05-07 12:18:14 - api.request - INFO - logging_config.py:133 - log_request - GET /api/patient/measurements - 200 - 0.015s
2026-05-07 12:18:14 - api.request - INFO - logging_config.py:133 - log_request - GET /api/patient/medications - 200 - 0.013s
2026-05-07 12:18:14 - api.request - INFO - logging_config.py:133 - log_request - GET /api/patient/doctors - 200 - 0.011s
2026-05-07 12:19:19 - api.request - INFO - logging_config.py:133 - log_request - GET /api/patient/measurements - 200 - 0.005s
2026-05-07 12:19:25 - api.request - INFO - logging_config.py:133 - log_request - GET /api/patient/measurements - 200 - 0.015s
2026-05-07 12:19:25 - api.request - INFO - logging_config.py:133 - log_request - GET /api/patient/profile - 200 - 0.018s
2026-05-07 12:19:25 - api.request - INFO - logging_config.py:133 - log_request - GET /api/patient/medications - 200 - 0.020s
2026-05-07 12:19:25 - api.request - INFO - logging_config.py:133 - log_request - GET /api/patient/doctors - 200 - 0.021s
2026-05-07 12:20:07 - api.request - INFO - logging_config.py:133 - log_request - GET /api/patient/measurements - 200 - 0.006s
2026-05-07 12:27:00 - api.request - INFO - logging_config.py:133 - log_request - GET /api/patient/medications - 200 - 0.006s
2026-05-07 12:27:00 - api.request - INFO - logging_config.py:133 - log_request - GET /api/patient/measurements - 200 - 0.003s
2026-05-07 12:27:00 - api.request - INFO - logging_config.py:133 - log_request - GET /api/patient/doctors - 200 - 0.007s
2026-05-07 12:27:00 - api.request - INFO - logging_config.py:133 - log_request - GET /api/patient/profile - 200 - 0.005s
2026-05-07 12:28:00 - api.request - INFO - logging_config.py:133 - log_request - GET /api/patient/measurements - 200 - 0.006s
2026-05-07 12:32:43 - api.request - INFO - logging_config.py:133 - log_request - GET /api/patient/measurements - 200 - 0.007s
2026-05-07 12:33:13 - api.request - INFO - logging_config.py:133 - log_request - GET /api/patient/measurements - 200 - 0.005s
2026-05-07 12:33:43 - api.request - INFO - logging_config.py:133 - log_request - GET /api/patient/profile - 200 - 0.018s
2026-05-07 12:33:43 - api.request - INFO - logging_config.py:133 - log_request - GET /api/patient/doctors - 200 - 0.019s
2026-05-07 12:33:43 - api.request - INFO - logging_config.py:133 - log_request - GET /api/patient/medications - 200 - 0.010s
2026-05-07 12:33:43 - api.request - INFO - logging_config.py:133 - log_request - GET /api/patient/measurements - 200 - 0.009s
2026-05-07 12:33:48 - api.request - INFO - logging_config.py:133 - log_request - GET /api/patient/measurements - 200 - 0.004s
2026-05-07 12:33:59 - api.request - INFO - logging_config.py:133 - log_request - GET /api/patient/measurements - 200 - 0.015s
2026-05-07 12:33:59 - api.request - INFO - logging_config.py:133 - log_request - GET /api/patient/medications - 200 - 0.020s
2026-05-07 12:33:59 - api.request - INFO - logging_config.py:133 - log_request - GET /api/patient/profile - 200 - 0.026s
2026-05-07 12:33:59 - api.request - INFO - logging_config.py:133 - log_request - GET /api/patient/doctors - 200 - 0.030s
2026-05-07 12:34:13 - api.request - INFO - logging_config.py:133 - log_request - POST /api/patient/measurements - 200 - 0.009s
2026-05-07 12:34:27 - api.request - INFO - logging_config.py:133 - log_request - POST /api/patient/measurements - 200 - 0.007s
2026-05-07 12:34:33 - api.request - INFO - logging_config.py:133 - log_request - POST /api/patient/measurements - 200 - 0.009s
2026-05-07 12:34:38 - api.request - INFO - logging_config.py:133 - log_request - GET /api/patient/measurements - 200 - 0.007s
2026-05-07 12:35:33 - api.request - INFO - logging_config.py:133 - log_request - GET /api/patient/measurements - 200 - 0.026s
2026-05-07 12:35:33 - api.request - INFO - logging_config.py:133 - log_request - GET /api/patient/medications - 200 - 0.025s
2026-05-07 12:35:33 - api.request - INFO - logging_config.py:133 - log_request - GET /api/patient/profile - 200 - 0.026s
2026-05-07 12:35:33 - api.request - INFO - logging_config.py:133 - log_request - GET /api/patient/doctors - 200 - 0.026s
2026-05-07 12:35:43 - api.request - INFO - logging_config.py:133 - log_request - GET /api/patient/measurements - 200 - 0.006s
2026-05-07 12:35:44 - api.request - INFO - logging_config.py:133 - log_request - GET /api/patient/measurements - 200 - 0.004s
2026-05-07 12:37:22 - api.request - INFO - logging_config.py:133 - log_request - GET /api/patient/measurements - 200 - 0.004s
2026-05-07 12:37:22 - api.request - INFO - logging_config.py:133 - log_request - GET /api/patient/medications - 200 - 0.007s
2026-05-07 12:37:22 - api.request - INFO - logging_config.py:133 - log_request - GET /api/patient/profile - 200 - 0.010s
2026-05-07 12:37:22 - api.request - INFO - logging_config.py:133 - log_request - GET /api/patient/doctors - 200 - 0.008s
2026-05-07 12:37:34 - api.request - INFO - logging_config.py:133 - log_request - POST /api/patient/measurements - 200 - 0.008s
2026-05-07 12:37:37 - api.request - INFO - logging_config.py:133 - log_request - GET /api/patient/measurements - 200 - 0.005s
2026-05-07 12:47:07 - api.request - INFO - logging_config.py:133 - log_request - GET /api/patient/medications - 200 - 0.013s
2026-05-07 12:47:07 - api.request - INFO - logging_config.py:133 - log_request - GET /api/patient/doctors - 200 - 0.020s
2026-05-07 12:47:07 - api.request - INFO - logging_config.py:133 - log_request - GET /api/patient/measurements - 200 - 0.020s
2026-05-07 12:47:07 - api.request - INFO - logging_config.py:133 - log_request - GET /api/patient/profile - 200 - 0.007s
2026-05-07 12:47:46 - api.request - INFO - logging_config.py:133 - log_request - GET /api/patient/profile - 200 - 0.015s
2026-05-07 12:47:46 - api.request - INFO - logging_config.py:133 - log_request - GET /api/patient/medications - 200 - 0.020s
2026-05-07 12:47:46 - api.request - INFO - logging_config.py:133 - log_request - GET /api/patient/doctors - 200 - 0.022s
2026-05-07 12:47:46 - api.request - INFO - logging_config.py:133 - log_request - GET /api/patient/measurements - 200 - 0.003s
2026-05-07 12:47:58 - api.request - INFO - logging_config.py:133 - log_request - GET /api/patient/measurements - 200 - 0.005s
2026-05-07 12:48:14 - api.request - INFO - logging_config.py:133 - log_request - GET /api/patient/measurements - 200 - 0.005s
2026-05-07 12:50:19 - api.request - INFO - logging_config.py:133 - log_request - GET /api/patient/profile - 200 - 0.009s
2026-05-07 12:50:19 - api.request - INFO - logging_config.py:133 - log_request - GET /api/patient/doctors - 200 - 0.014s
2026-05-07 12:50:19 - api.request - INFO - logging_config.py:133 - log_request - GET /api/patient/measurements - 200 - 0.009s
2026-05-07 12:50:19 - api.request - INFO - logging_config.py:133 - log_request - GET /api/patient/medications - 200 - 0.003s
2026-05-07 12:52:17 - api.request - INFO - logging_config.py:133 - log_request - GET /health - 200 - 0.002s
2026-05-07 12:52:18 - api.request - INFO - logging_config.py:133 - log_request - GET /api/patient/profile - 200 - 0.011s
2026-05-07 12:52:18 - api.request - INFO - logging_config.py:133 - log_request - GET /api/patient/measurements - 200 - 0.013s
2026-05-07 12:52:18 - api.request - INFO - logging_config.py:133 - log_request - GET /api/patient/medications - 200 - 0.016s
2026-05-07 12:52:18 - api.request - INFO - logging_config.py:133 - log_request - GET /api/patient/doctors - 200 - 0.016s
2026-05-07 12:52:18 - api.request - INFO - logging_config.py:133 - log_request - GET /api/patient/measurements - 200 - 0.007s
2026-05-07 12:52:18 - api.request - INFO - logging_config.py:133 - log_request - GET /api/patient/profile - 200 - 0.010s
2026-05-07 12:52:19 - api.request - INFO - logging_config.py:133 - log_request - GET /api/patient/medications - 200 - 0.009s
2026-05-07 12:52:19 - api.request - INFO - logging_config.py:133 - log_request - GET /api/patient/doctors - 200 - 0.012s
2026-05-07 12:52:19 - api.request - INFO - logging_config.py:133 - log_request - GET /api/patient/measurements - 200 - 0.005s
2026-05-07 12:52:43 - api.request - INFO - logging_config.py:133 - log_request - GET /api/patient/measurements - 200 - 0.006s
2026-05-07 12:54:00 - api.request - INFO - logging_config.py:133 - log_request - GET /api/patient/medications - 200 - 0.011s
2026-05-07 12:54:00 - api.request - INFO - logging_config.py:133 - log_request - GET /api/patient/profile - 200 - 0.018s
2026-05-07 12:54:00 - api.request - INFO - logging_config.py:133 - log_request - GET /api/patient/measurements - 200 - 0.019s
2026-05-07 12:54:00 - api.request - INFO - logging_config.py:133 - log_request - GET /api/patient/doctors - 200 - 0.022s
2026-05-07 13:05:30 - api.request - INFO - logging_config.py:133 - log_request - GET /api/patient/measurements - 200 - 0.018s
2026-05-07 13:05:30 - api.request - INFO - logging_config.py:133 - log_request - GET /api/patient/medications - 200 - 0.023s
2026-05-07 13:05:30 - api.request - INFO - logging_config.py:133 - log_request - GET /api/patient/profile - 200 - 0.025s
2026-05-07 13:05:30 - api.request - INFO - logging_config.py:133 - log_request - GET /api/patient/doctors - 200 - 0.030s
2026-05-07 13:05:31 - api.request - INFO - logging_config.py:133 - log_request - GET /api/patient/medications - 200 - 0.012s
2026-05-07 13:05:31 - api.request - INFO - logging_config.py:133 - log_request - GET /api/patient/measurements - 200 - 0.018s
2026-05-07 13:05:31 - api.request - INFO - logging_config.py:133 - log_request - GET /api/patient/doctors - 200 - 0.020s
2026-05-07 13:05:31 - api.request - INFO - logging_config.py:133 - log_request - GET /api/patient/profile - 200 - 0.018s
2026-05-07 13:06:13 - api.request - INFO - logging_config.py:133 - log_request - GET /api/patient/measurements - 200 - 0.013s
2026-05-07 13:06:13 - api.request - INFO - logging_config.py:133 - log_request - GET /api/patient/medications - 200 - 0.018s
2026-05-07 13:06:13 - api.request - INFO - logging_config.py:133 - log_request - GET /api/patient/doctors - 200 - 0.024s
2026-05-07 13:06:13 - api.request - INFO - logging_config.py:133 - log_request - GET /api/patient/profile - 200 - 0.026s
2026-05-07 13:06:14 - api.request - INFO - logging_config.py:133 - log_request - GET /api/patient/measurements - 200 - 0.014s
2026-05-07 13:06:14 - api.request - INFO - logging_config.py:133 - log_request - GET /api/patient/profile - 200 - 0.019s
2026-05-07 13:06:14 - api.request - INFO - logging_config.py:133 - log_request - GET /api/patient/medications - 200 - 0.024s
2026-05-07 13:06:14 - api.request - INFO - logging_config.py:133 - log_request - GET /api/patient/doctors - 200 - 0.024s
2026-05-07 13:06:54 - api.request - INFO - logging_config.py:133 - log_request - GET /health - 200 - 0.002s
2026-05-07 13:06:54 - api.request - INFO - logging_config.py:133 - log_request - GET /api/patient/measurements - 200 - 0.012s
2026-05-07 13:06:54 - api.request - INFO - logging_config.py:133 - log_request - GET /api/patient/profile - 200 - 0.024s
2026-05-07 13:06:54 - api.request - INFO - logging_config.py:133 - log_request - GET /api/patient/doctors - 200 - 0.023s
2026-05-07 13:06:54 - api.request - INFO - logging_config.py:133 - log_request - GET /api/patient/medications - 200 - 0.023s
2026-05-07 13:06:55 - api.request - INFO - logging_config.py:133 - log_request - GET /api/patient/measurements - 200 - 0.013s
2026-05-07 13:06:55 - api.request - INFO - logging_config.py:133 - log_request - GET /api/patient/medications - 200 - 0.011s
2026-05-07 13:06:55 - api.request - INFO - logging_config.py:133 - log_request - GET /api/patient/profile - 200 - 0.024s
2026-05-07 13:06:55 - api.request - INFO - logging_config.py:133 - log_request - GET /api/patient/doctors - 200 - 0.018s
2026-05-07 13:07:07 - api.request - INFO - logging_config.py:133 - log_request - GET /health - 200 - 0.001s
2026-05-07 13:07:44 - api.request - INFO - logging_config.py:133 - log_request - POST /api/patient/measurements - 200 - 0.013s
2026-05-07 13:07:44 - api.request - INFO - logging_config.py:133 - log_request - POST /api/patient/measurements - 200 - 0.008s
2026-05-07 13:08:25 - api.request - INFO - logging_config.py:133 - log_request - POST /api/patient/measurements - 200 - 0.007s
2026-05-07 13:08:41 - api.request - INFO - logging_config.py:133 - log_request - GET /api/patient/profile - 200 - 0.014s
2026-05-07 13:08:41 - api.request - INFO - logging_config.py:133 - log_request - GET /api/patient/medications - 200 - 0.018s
2026-05-07 13:08:41 - api.request - INFO - logging_config.py:133 - log_request - GET /api/patient/doctors - 200 - 0.016s
2026-05-07 13:08:42 - api.request - INFO - logging_config.py:133 - log_request - GET /api/patient/measurements - 200 - 0.010s
2026-05-07 13:08:46 - api.request - INFO - logging_config.py:133 - log_request - GET /api/patient/shop/products - 200 - 0.007s
2026-05-07 13:08:46 - api.request - INFO - logging_config.py:133 - log_request - GET /api/patient/shop/cart - 200 - 0.008s
2026-05-07 13:08:47 - api.request - INFO - logging_config.py:133 - log_request - GET /api/patient/shop/orders - 200 - 0.008s
2026-05-07 13:08:47 - api.request - INFO - logging_config.py:133 - log_request - GET /api/patient/shop/orders - 200 - 0.006s
2026-05-07 13:08:48 - api.request - INFO - logging_config.py:133 - log_request - GET /api/patient/prescriptions - 200 - 0.007s
2026-05-07 13:08:50 - api.request - INFO - logging_config.py:133 - log_request - GET /api/patient/profile - 200 - 0.013s
2026-05-07 13:08:50 - api.request - INFO - logging_config.py:133 - log_request - GET /api/patient/shop/orders - 200 - 0.013s
2026-05-07 13:08:51 - api.request - INFO - logging_config.py:133 - log_request - GET /api/patient/profile - 200 - 0.006s
2026-05-07 13:08:51 - api.request - INFO - logging_config.py:133 - log_request - GET /api/patient/shop/orders - 200 - 0.006s
2026-05-07 13:09:45 - api.request - INFO - logging_config.py:133 - log_request - GET /api/patient/measurements - 200 - 0.012s
2026-05-07 13:09:45 - api.request - INFO - logging_config.py:133 - log_request - GET /api/patient/medications - 200 - 0.017s
2026-05-07 13:09:45 - api.request - INFO - logging_config.py:133 - log_request - GET /api/patient/profile - 200 - 0.023s
2026-05-07 13:09:45 - api.request - INFO - logging_config.py:133 - log_request - GET /api/patient/doctors - 200 - 0.022s
2026-05-07 13:14:49 - api.request - INFO - logging_config.py:133 - log_request - GET /api/patient/profile - 200 - 0.010s
2026-05-07 13:14:49 - api.request - INFO - logging_config.py:133 - log_request - GET /api/patient/doctors - 200 - 0.010s
2026-05-07 13:14:49 - api.request - INFO - logging_config.py:133 - log_request - GET /api/patient/measurements - 200 - 0.004s
2026-05-07 13:14:49 - api.request - INFO - logging_config.py:133 - log_request - GET /api/patient/medications - 200 - 0.004s
2026-05-07 13:15:25 - api.request - INFO - logging_config.py:133 - log_request - GET /api/patient/measurements - 200 - 0.008s
2026-05-07 13:15:25 - api.request - INFO - logging_config.py:133 - log_request - GET /api/patient/medications - 200 - 0.015s
2026-05-07 13:15:25 - api.request - INFO - logging_config.py:133 - log_request - GET /api/patient/doctors - 200 - 0.011s
2026-05-07 13:15:25 - api.request - INFO - logging_config.py:133 - log_request - GET /api/patient/profile - 200 - 0.007s
2026-05-07 13:18:56 - api.request - INFO - logging_config.py:133 - log_request - GET /api/patient/medications - 200 - 0.010s
2026-05-07 13:18:56 - api.request - INFO - logging_config.py:133 - log_request - GET /api/patient/doctors - 200 - 0.018s
2026-05-07 13:18:56 - api.request - INFO - logging_config.py:133 - log_request - GET /api/patient/measurements - 200 - 0.015s
2026-05-07 13:18:56 - api.request - INFO - logging_config.py:133 - log_request - GET /api/patient/profile - 200 - 0.007s
2026-05-07 13:19:21 - api.request - INFO - logging_config.py:133 - log_request - GET /health - 200 - 0.002s
2026-05-07 13:19:33 - api.request - INFO - logging_config.py:133 - log_request - POST /api/patient/login - 200 - 0.008s
2026-05-07 13:19:36 - api.request - INFO - logging_config.py:133 - log_request - GET /api/patient/medications - 200 - 0.015s
2026-05-07 13:19:36 - api.request - INFO - logging_config.py:133 - log_request - GET /api/patient/measurements - 200 - 0.024s
2026-05-07 13:19:36 - api.request - INFO - logging_config.py:133 - log_request - GET /api/patient/profile - 200 - 0.028s
2026-05-07 13:19:36 - api.request - INFO - logging_config.py:133 - log_request - GET /api/patient/doctors - 200 - 0.025s
2026-05-07 13:19:37 - api.request - INFO - logging_config.py:133 - log_request - GET /api/patient/medications - 200 - 0.004s
2026-05-07 13:19:37 - api.request - INFO - logging_config.py:133 - log_request - GET /api/patient/measurements - 200 - 0.005s
2026-05-07 13:19:37 - api.request - INFO - logging_config.py:133 - log_request - GET /api/patient/profile - 200 - 0.007s
2026-05-07 13:19:37 - api.request - INFO - logging_config.py:133 - log_request - GET /api/patient/doctors - 200 - 0.009s
2026-05-07 13:28:55 - api.request - INFO - logging_config.py:133 - log_request - GET /api/patient/measurements - 200 - 0.016s
2026-05-07 13:28:55 - api.request - INFO - logging_config.py:133 - log_request - GET /api/patient/profile - 200 - 0.024s
2026-05-07 13:28:55 - api.request - INFO - logging_config.py:133 - log_request - GET /api/patient/medications - 200 - 0.016s
2026-05-07 13:28:55 - api.request - INFO - logging_config.py:133 - log_request - GET /api/patient/doctors - 200 - 0.018s
2026-05-07 13:33:39 - api.request - INFO - logging_config.py:133 - log_request - GET /api/patient/measurements - 200 - 0.036s
2026-05-07 13:33:39 - api.request - INFO - logging_config.py:133 - log_request - GET /api/patient/medications - 200 - 0.033s
2026-05-07 13:33:39 - api.request - INFO - logging_config.py:133 - log_request - GET /api/patient/profile - 200 - 0.038s
2026-05-07 13:33:39 - api.request - INFO - logging_config.py:133 - log_request - GET /api/patient/doctors - 200 - 0.026s
2026-05-07 13:33:41 - api.request - INFO - logging_config.py:133 - log_request - GET /api/patient/shop/cart - 200 - 0.005s
2026-05-07 13:33:42 - api.request - INFO - logging_config.py:133 - log_request - GET /api/patient/shop/orders - 200 - 0.007s
2026-05-07 13:33:45 - api.request - INFO - logging_config.py:133 - log_request - GET /api/patient/shop/orders - 200 - 0.006s
2026-05-07 13:33:46 - api.request - INFO - logging_config.py:133 - log_request - GET /api/patient/shop/orders - 200 - 0.004s
2026-05-07 13:33:47 - api.request - INFO - logging_config.py:133 - log_request - GET /api/patient/shop/orders - 200 - 0.005s
2026-05-07 13:33:48 - api.request - INFO - logging_config.py:133 - log_request - GET /api/patient/shop/orders - 200 - 0.005s
2026-05-07 13:33:51 - api.request - INFO - logging_config.py:133 - log_request - GET /api/patient/shop/orders/1 - 200 - 0.007s
2026-05-07 13:33:55 - api.request - INFO - logging_config.py:133 - log_request - PUT /api/patient/shop/orders/1/cancel - 200 - 0.013s
2026-05-07 13:33:56 - api.request - INFO - logging_config.py:133 - log_request - GET /api/patient/shop/orders/1 - 200 - 0.006s
2026-05-07 13:34:00 - api.request - INFO - logging_config.py:133 - log_request - GET /api/patient/shop/orders - 200 - 0.005s
2026-05-07 13:34:01 - api.request - INFO - logging_config.py:133 - log_request - GET /api/patient/shop/orders - 200 - 0.004s
2026-05-07 13:34:03 - api.request - INFO - logging_config.py:133 - log_request - GET /api/patient/shop/orders - 200 - 0.004s
2026-05-07 13:34:03 - api.request - INFO - logging_config.py:133 - log_request - GET /api/patient/shop/orders - 200 - 0.005s
2026-05-07 13:34:04 - api.request - INFO - logging_config.py:133 - log_request - GET /api/patient/shop/orders - 200 - 0.005s
2026-05-07 13:34:11 - api.request - INFO - logging_config.py:133 - log_request - GET /api/patient/shop/orders - 200 - 0.009s
2026-05-07 13:34:11 - api.request - INFO - logging_config.py:133 - log_request - GET /api/patient/profile - 200 - 0.012s
2026-05-07 13:34:15 - api.request - INFO - logging_config.py:133 - log_request - GET /api/patient/shop/orders/1 - 200 - 0.006s
2026-05-07 13:34:17 - api.request - INFO - logging_config.py:133 - log_request - GET /api/patient/shop/orders - 200 - 0.005s
2026-05-07 13:34:19 - api.request - INFO - logging_config.py:133 - log_request - GET /api/patient/shop/cart - 200 - 0.004s
2026-05-07 13:34:20 - api.request - INFO - logging_config.py:133 - log_request - GET /api/patient/shop/products/4 - 200 - 0.003s
2026-05-07 13:34:21 - api.request - INFO - logging_config.py:133 - log_request - GET /api/patient/shop/products/4 - 200 - 0.003s
2026-05-07 13:34:21 - api.request - INFO - logging_config.py:133 - log_request - GET /api/patient/profile - 200 - 0.006s
2026-05-07 13:34:23 - api.request - INFO - logging_config.py:133 - log_request - POST /api/patient/shop/orders - 200 - 0.012s
2026-05-07 13:34:25 - api.request - INFO - logging_config.py:133 - log_request - GET /api/patient/shop/orders/2 - 200 - 0.008s
2026-05-07 13:34:27 - api.request - INFO - logging_config.py:133 - log_request - PUT /api/patient/shop/orders/2/pay - 200 - 0.011s
2026-05-07 13:34:28 - api.request - INFO - logging_config.py:133 - log_request - GET /api/patient/shop/orders/2 - 200 - 0.006s
2026-05-07 13:34:34 - api.request - INFO - logging_config.py:133 - log_request - GET /api/patient/shop/cart - 200 - 0.005s
2026-05-07 13:34:35 - api.request - INFO - logging_config.py:133 - log_request - GET /api/patient/shop/orders - 200 - 0.006s
2026-05-07 13:34:37 - api.request - INFO - logging_config.py:133 - log_request - GET /api/patient/shop/orders/2 - 200 - 0.006s
2026-05-07 13:34:48 - api.request - INFO - logging_config.py:133 - log_request - GET /api/patient/shop/orders - 200 - 0.005s
2026-05-07 13:34:48 - api.request - INFO - logging_config.py:133 - log_request - GET /api/patient/shop/orders - 200 - 0.005s
2026-05-07 13:34:49 - api.request - INFO - logging_config.py:133 - log_request - GET /api/patient/shop/orders - 200 - 0.005s
2026-05-07 13:34:50 - api.request - INFO - logging_config.py:133 - log_request - GET /api/patient/shop/orders - 200 - 0.005s
2026-05-07 13:34:56 - api.request - INFO - logging_config.py:133 - log_request - GET /api/patient/shop/orders - 200 - 0.006s
2026-05-07 13:35:05 - api.request - INFO - logging_config.py:133 - log_request - GET /api/patient/shop/orders - 200 - 0.007s
2026-05-07 13:35:06 - api.request - INFO - logging_config.py:133 - log_request - GET /api/patient/shop/orders/2 - 200 - 0.006s
2026-05-07 13:36:31 - api.request - INFO - logging_config.py:133 - log_request - GET /api/patient/shop/orders - 200 - 0.005s
2026-05-07 13:36:31 - api.request - INFO - logging_config.py:133 - log_request - GET /api/patient/shop/orders - 200 - 0.004s
2026-05-07 13:36:31 - api.request - INFO - logging_config.py:133 - log_request - GET /api/patient/shop/orders - 200 - 0.006s
2026-05-07 13:36:32 - api.request - INFO - logging_config.py:133 - log_request - GET /api/patient/shop/orders - 200 - 0.005s
2026-05-07 13:36:34 - api.request - INFO - logging_config.py:133 - log_request - GET /api/patient/prescriptions - 200 - 0.007s
2026-05-07 13:36:37 - api.request - INFO - logging_config.py:133 - log_request - GET /api/patient/shop/cart - 200 - 0.004s
2026-05-07 13:36:38 - api.request - INFO - logging_config.py:133 - log_request - GET /api/patient/measurements - 200 - 0.012s
2026-05-07 13:36:38 - api.request - INFO - logging_config.py:133 - log_request - GET /api/patient/medications - 200 - 0.020s
2026-05-07 13:36:38 - api.request - INFO - logging_config.py:133 - log_request - GET /api/patient/profile - 200 - 0.025s
2026-05-07 13:36:38 - api.request - INFO - logging_config.py:133 - log_request - GET /api/patient/doctors - 200 - 0.022s
2026-05-07 13:36:48 - api.request - INFO - logging_config.py:133 - log_request - GET /api/patient/prescriptions/1 - 200 - 0.008s
2026-05-07 13:36:53 - api.request - INFO - logging_config.py:133 - log_request - GET /api/patient/profile - 200 - 0.016s
2026-05-07 13:36:53 - api.request - INFO - logging_config.py:133 - log_request - GET /api/patient/doctor/profile - 200 - 0.018s
2026-05-07 13:36:53 - api.request - INFO - logging_config.py:133 - log_request - GET /api/patient/messages - 200 - 0.019s
2026-05-07 13:36:56 - api.request - INFO - logging_config.py:133 - log_request - GET /api/patient/messages - 200 - 0.006s
2026-05-07 13:36:59 - api.request - INFO - logging_config.py:133 - log_request - GET /api/patient/messages - 200 - 0.006s
2026-05-07 13:37:02 - api.request - INFO - logging_config.py:133 - log_request - GET /api/patient/messages - 200 - 0.005s
2026-05-07 13:37:03 - api.request - INFO - logging_config.py:133 - log_request - POST /api/patient/messages - 200 - 0.013s
2026-05-07 13:37:05 - api.request - INFO - logging_config.py:133 - log_request - GET /api/patient/messages - 200 - 0.006s
2026-05-07 13:37:08 - api.request - INFO - logging_config.py:133 - log_request - POST /api/patient/messages - 200 - 0.007s
2026-05-07 13:37:08 - api.request - INFO - logging_config.py:133 - log_request - GET /api/patient/messages - 200 - 0.005s
2026-05-07 13:37:11 - api.request - INFO - logging_config.py:133 - log_request - GET /api/patient/messages - 200 - 0.006s
2026-05-07 13:37:14 - api.request - INFO - logging_config.py:133 - log_request - GET /api/patient/messages - 200 - 0.007s
2026-05-07 13:37:17 - api.request - INFO - logging_config.py:133 - log_request - GET /api/patient/messages - 200 - 0.006s
2026-05-07 13:37:20 - api.request - INFO - logging_config.py:133 - log_request - GET /api/patient/messages - 200 - 0.006s
2026-05-07 13:37:23 - api.request - INFO - logging_config.py:133 - log_request - GET /api/patient/messages - 200 - 0.006s
2026-05-07 13:37:26 - api.request - INFO - logging_config.py:133 - log_request - GET /api/patient/messages - 200 - 0.006s
2026-05-07 13:37:29 - api.request - INFO - logging_config.py:133 - log_request - GET /api/patient/messages - 200 - 0.006s
2026-05-07 13:37:32 - api.request - INFO - logging_config.py:133 - log_request - GET /api/patient/messages - 200 - 0.006s
2026-05-07 13:37:35 - api.request - INFO - logging_config.py:133 - log_request - GET /api/patient/messages - 200 - 0.005s
2026-05-07 13:37:38 - api.request - INFO - logging_config.py:133 - log_request - GET /api/patient/messages - 200 - 0.008s
2026-05-07 13:37:41 - api.request - INFO - logging_config.py:133 - log_request - GET /api/patient/messages - 200 - 0.006s
2026-05-07 13:37:44 - api.request - INFO - logging_config.py:133 - log_request - GET /api/patient/messages - 200 - 0.008s
2026-05-07 13:37:47 - api.request - INFO - logging_config.py:133 - log_request - GET /api/patient/messages - 200 - 0.006s
2026-05-07 13:37:50 - api.request - INFO - logging_config.py:133 - log_request - GET /api/patient/messages - 200 - 0.005s
2026-05-07 13:37:53 - api.request - INFO - logging_config.py:133 - log_request - GET /api/patient/messages - 200 - 0.006s
2026-05-07 13:37:56 - api.request - INFO - logging_config.py:133 - log_request - GET /api/patient/messages - 200 - 0.005s
2026-05-07 13:38:00 - api.request - INFO - logging_config.py:133 - log_request - GET /api/patient/prescriptions - 200 - 0.006s
2026-05-07 13:38:35 - api.request - INFO - logging_config.py:133 - log_request - GET /api/patient/prescriptions - 200 - 0.007s
2026-05-07 13:38:36 - api.request - INFO - logging_config.py:133 - log_request - GET /api/patient/shop/orders - 200 - 0.005s
2026-05-07 13:38:38 - api.request - INFO - logging_config.py:133 - log_request - GET /api/patient/prescriptions/1 - 200 - 0.006s
2026-05-07 13:39:10 - api.request - INFO - logging_config.py:133 - log_request - GET /api/patient/shop/orders - 200 - 0.005s
2026-05-07 13:39:10 - api.request - INFO - logging_config.py:133 - log_request - GET /api/patient/shop/orders - 200 - 0.009s
2026-05-07 13:39:10 - api.request - INFO - logging_config.py:133 - log_request - GET /api/patient/profile - 200 - 0.015s
2026-05-07 13:39:12 - api.request - INFO - logging_config.py:133 - log_request - GET /api/patient/profile - 200 - 0.007s
2026-05-07 13:39:48 - api.request - INFO - logging_config.py:133 - log_request - GET /api/patient/shop/orders - 200 - 0.007s
2026-05-07 13:39:48 - api.request - INFO - logging_config.py:133 - log_request - GET /api/patient/profile - 200 - 0.008s
2026-05-07 13:39:53 - api.request - INFO - logging_config.py:133 - log_request - GET /api/patient/measurements - 200 - 0.006s
2026-05-07 13:40:55 - api.request - INFO - logging_config.py:133 - log_request - GET /api/patient/addresses - 200 - 0.008s
2026-05-07 13:40:55 - api.request - INFO - logging_config.py:133 - log_request - GET /api/patient/addresses - 200 - 0.005s
2026-05-07 13:41:13 - api.request - INFO - logging_config.py:133 - log_request - GET /api/patient/shop/orders - 200 - 0.008s
2026-05-07 13:41:13 - api.request - INFO - logging_config.py:133 - log_request - GET /api/patient/profile - 200 - 0.011s
2026-05-07 13:41:31 - api.request - INFO - logging_config.py:133 - log_request - GET /api/patient/shop/orders - 200 - 0.005s
2026-05-07 13:42:28 - api.request - INFO - logging_config.py:133 - log_request - GET /api/patient/medications - 200 - 0.009s
2026-05-07 13:42:28 - api.request - INFO - logging_config.py:133 - log_request - GET /api/patient/doctors - 200 - 0.013s
2026-05-07 13:42:28 - api.request - INFO - logging_config.py:133 - log_request - GET /api/patient/measurements - 200 - 0.006s
2026-05-07 13:42:28 - api.request - INFO - logging_config.py:133 - log_request - GET /api/patient/profile - 200 - 0.012s
2026-05-07 13:42:46 - api.request - INFO - logging_config.py:133 - log_request - GET /api/patient/doctors - 200 - 0.008s
2026-05-07 13:43:42 - api.request - INFO - logging_config.py:133 - log_request - GET /api/patient/shop/orders - 200 - 0.004s
2026-05-07 13:43:42 - api.request - INFO - logging_config.py:133 - log_request - GET /api/patient/profile - 200 - 0.008s
2026-05-07 13:43:45 - api.request - INFO - logging_config.py:133 - log_request - GET /api/patient/medications - 200 - 0.020s
2026-05-07 13:43:45 - api.request - INFO - logging_config.py:133 - log_request - GET /api/patient/measurements - 200 - 0.025s
2026-05-07 13:43:45 - api.request - INFO - logging_config.py:133 - log_request - GET /api/patient/doctors - 200 - 0.024s
2026-05-07 13:43:45 - api.request - INFO - logging_config.py:133 - log_request - GET /api/patient/profile - 200 - 0.028s
2026-05-07 13:43:47 - api.request - INFO - logging_config.py:133 - log_request - GET /api/patient/medications - 200 - 0.012s
2026-05-07 13:43:47 - api.request - INFO - logging_config.py:133 - log_request - GET /api/patient/measurements - 200 - 0.019s
2026-05-07 13:43:47 - api.request - INFO - logging_config.py:133 - log_request - GET /api/patient/profile - 200 - 0.024s
2026-05-07 13:43:47 - api.request - INFO - logging_config.py:133 - log_request - GET /api/patient/doctors - 200 - 0.026s
2026-05-07 13:43:48 - api.request - INFO - logging_config.py:133 - log_request - GET /api/patient/doctors - 200 - 0.008s
2026-05-07 13:43:55 - api.request - INFO - logging_config.py:133 - log_request - GET /api/patient/doctors - 200 - 0.007s
2026-05-07 13:44:18 - api.request - INFO - logging_config.py:133 - log_request - GET /health - 200 - 0.001s
2026-05-07 13:44:19 - api.request - INFO - logging_config.py:133 - log_request - GET /api/patient/messages - 200 - 0.008s
2026-05-07 13:44:19 - api.request - INFO - logging_config.py:133 - log_request - GET /api/patient/doctor/profile - 200 - 0.009s
2026-05-07 13:44:19 - api.request - INFO - logging_config.py:133 - log_request - GET /api/patient/profile - 200 - 0.011s
2026-05-07 13:44:20 - api.request - INFO - logging_config.py:133 - log_request - GET /api/patient/messages - 200 - 0.006s
2026-05-07 13:44:21 - api.request - INFO - logging_config.py:133 - log_request - GET /api/patient/doctors - 200 - 0.008s
2026-05-07 13:44:22 - api.request - INFO - logging_config.py:133 - log_request - POST /api/patient/video-calls - 200 - 0.013s
2026-05-07 13:44:28 - api.request - INFO - logging_config.py:133 - log_request - GET /api/patient/video-calls/13 - 200 - 0.006s
2026-05-07 13:44:33 - api.request - INFO - logging_config.py:133 - log_request - GET /api/patient/video-calls/13 - 200 - 0.005s
2026-05-07 13:44:38 - api.request - INFO - logging_config.py:133 - log_request - GET /api/patient/video-calls/13 - 200 - 0.006s
2026-05-07 13:44:39 - api.request - INFO - logging_config.py:133 - log_request - PUT /api/patient/video-calls/13/end - 200 - 0.012s
2026-05-07 13:44:40 - api.request - INFO - logging_config.py:133 - log_request - GET /api/patient/doctors - 200 - 0.007s
2026-05-07 13:44:41 - api.request - INFO - logging_config.py:133 - log_request - GET /api/patient/profile - 200 - 0.016s
2026-05-07 13:44:41 - api.request - INFO - logging_config.py:133 - log_request - GET /api/patient/medications - 200 - 0.010s
2026-05-07 13:44:41 - api.request - INFO - logging_config.py:133 - log_request - GET /api/patient/measurements - 200 - 0.019s
2026-05-07 13:44:41 - api.request - INFO - logging_config.py:133 - log_request - GET /api/patient/doctors - 200 - 0.014s
2026-05-07 13:44:53 - api.request - INFO - logging_config.py:133 - log_request - GET /api/patient/measurements - 200 - 0.013s
2026-05-07 13:44:53 - api.request - INFO - logging_config.py:133 - log_request - GET /api/patient/profile - 200 - 0.018s
2026-05-07 13:44:53 - api.request - INFO - logging_config.py:133 - log_request - GET /api/patient/medications - 200 - 0.020s
2026-05-07 13:44:53 - api.request - INFO - logging_config.py:133 - log_request - GET /api/patient/doctors - 200 - 0.018s
2026-05-07 13:45:42 - api.request - INFO - logging_config.py:133 - log_request - GET /api/patient/measurements - 200 - 0.012s
2026-05-07 13:45:42 - api.request - INFO - logging_config.py:133 - log_request - GET /api/patient/medications - 200 - 0.015s
2026-05-07 13:45:42 - api.request - INFO - logging_config.py:133 - log_request - GET /api/patient/profile - 200 - 0.023s
2026-05-07 13:45:42 - api.request - INFO - logging_config.py:133 - log_request - GET /api/patient/doctors - 200 - 0.019s
2026-05-07 13:45:43 - api.request - INFO - logging_config.py:133 - log_request - GET /api/patient/doctors - 200 - 0.007s
2026-05-07 13:47:01 - api.request - INFO - logging_config.py:133 - log_request - GET /api/patient/doctors - 200 - 0.009s
2026-05-07 13:49:18 - api.request - INFO - logging_config.py:133 - log_request - GET /api/patient/measurements - 200 - 0.007s
2026-05-07 13:49:18 - api.request - INFO - logging_config.py:133 - log_request - GET /api/patient/medications - 200 - 0.009s
2026-05-07 13:49:18 - api.request - INFO - logging_config.py:133 - log_request - GET /api/patient/profile - 200 - 0.006s
2026-05-07 13:49:18 - api.request - INFO - logging_config.py:133 - log_request - GET /api/patient/doctors - 200 - 0.007s
2026-05-07 13:49:22 - api.request - INFO - logging_config.py:133 - log_request - GET /api/patient/shop/orders - 200 - 0.007s
2026-05-07 13:49:22 - api.request - INFO - logging_config.py:133 - log_request - GET /api/patient/shop/orders - 200 - 0.006s
2026-05-07 13:49:27 - api.request - INFO - logging_config.py:133 - log_request - GET /api/patient/shop/products - 200 - 0.004s
2026-05-07 13:49:27 - api.request - INFO - logging_config.py:133 - log_request - GET /api/patient/shop/cart - 200 - 0.006s
2026-05-07 13:50:10 - api.request - INFO - logging_config.py:133 - log_request - GET /api/patient/measurements - 200 - 0.016s
2026-05-07 13:50:10 - api.request - INFO - logging_config.py:133 - log_request - GET /api/patient/medications - 200 - 0.020s
2026-05-07 13:50:10 - api.request - INFO - logging_config.py:133 - log_request - GET /api/patient/profile - 200 - 0.023s
2026-05-07 13:50:10 - api.request - INFO - logging_config.py:133 - log_request - GET /api/patient/doctors - 200 - 0.023s
2026-05-07 13:50:12 - api.request - INFO - logging_config.py:133 - log_request - GET /api/patient/doctors - 200 - 0.009s
2026-05-07 13:50:22 - api.request - INFO - logging_config.py:133 - log_request - GET /api/patient/doctors - 200 - 0.008s
2026-05-07 13:51:18 - api.request - INFO - logging_config.py:133 - log_request - GET /api/patient/profile - 200 - 0.008s
2026-05-07 13:51:18 - api.request - INFO - logging_config.py:133 - log_request - GET /api/patient/doctor/profile - 200 - 0.010s
2026-05-07 13:51:18 - api.request - INFO - logging_config.py:133 - log_request - GET /api/patient/messages - 200 - 0.008s
2026-05-07 13:51:21 - api.request - INFO - logging_config.py:133 - log_request - GET /api/patient/messages - 200 - 0.006s
2026-05-07 13:51:24 - api.request - INFO - logging_config.py:133 - log_request - GET /api/patient/messages - 200 - 0.005s
2026-05-07 13:51:24 - api.request - INFO - logging_config.py:133 - log_request - GET /api/patient/doctors - 200 - 0.008s
2026-05-07 13:51:25 - api.request - INFO - logging_config.py:133 - log_request - GET /api/patient/profile - 200 - 0.007s
2026-05-07 13:51:25 - api.request - INFO - logging_config.py:133 - log_request - GET /api/patient/medications - 200 - 0.008s
2026-05-07 13:51:25 - api.request - INFO - logging_config.py:133 - log_request - GET /api/patient/doctors - 200 - 0.012s
2026-05-07 13:51:25 - api.request - INFO - logging_config.py:133 - log_request - GET /api/patient/measurements - 200 - 0.006s
2026-05-07 13:56:52 - api.request - INFO - logging_config.py:133 - log_request - GET /api/patient/doctors - 200 - 0.009s
2026-05-07 13:59:37 - api.request - INFO - logging_config.py:133 - log_request - GET /api/patient/doctors - 200 - 0.008s
2026-05-07 13:59:37 - api.request - INFO - logging_config.py:133 - log_request - GET /api/patient/medications - 200 - 0.008s
2026-05-07 13:59:37 - api.request - INFO - logging_config.py:133 - log_request - GET /api/patient/measurements - 200 - 0.007s
2026-05-07 13:59:37 - api.request - INFO - logging_config.py:133 - log_request - GET /api/patient/profile - 200 - 0.006s
2026-05-07 14:03:51 - api.request - INFO - logging_config.py:133 - log_request - GET /api/patient/doctors - 200 - 0.010s
2026-05-07 14:04:02 - api.request - INFO - logging_config.py:133 - log_request - GET /api/patient/profile - 200 - 0.015s
2026-05-07 14:04:02 - api.request - INFO - logging_config.py:133 - log_request - GET /api/patient/measurements - 200 - 0.018s
2026-05-07 14:04:02 - api.request - INFO - logging_config.py:133 - log_request - GET /api/patient/medications - 200 - 0.018s
2026-05-07 14:04:02 - api.request - INFO - logging_config.py:133 - log_request - GET /api/patient/doctors - 200 - 0.020s
2026-05-07 14:05:24 - api.request - INFO - logging_config.py:133 - log_request - GET /api/patient/shop/cart - 200 - 0.005s
2026-05-07 14:05:27 - api.request - INFO - logging_config.py:133 - log_request - GET /api/patient/shop/cart - 200 - 0.004s
2026-05-07 14:05:28 - api.request - INFO - logging_config.py:133 - log_request - GET /api/patient/shop/cart - 200 - 0.005s
2026-05-07 14:05:31 - api.request - INFO - logging_config.py:133 - log_request - GET /api/patient/shop/products/4 - 200 - 0.003s
2026-05-07 14:05:32 - api.request - INFO - logging_config.py:133 - log_request - POST /api/patient/shop/cart - 200 - 0.014s
2026-05-07 14:05:35 - api.request - INFO - logging_config.py:133 - log_request - GET /api/patient/shop/cart - 200 - 0.008s
2026-05-07 14:05:37 - api.request - INFO - logging_config.py:133 - log_request - GET /api/patient/shop/cart - 200 - 0.005s
2026-05-07 14:05:38 - api.request - INFO - logging_config.py:133 - log_request - GET /api/patient/shop/cart - 200 - 0.007s
2026-05-07 14:05:42 - api.request - INFO - logging_config.py:133 - log_request - GET /api/patient/shop/orders - 200 - 0.006s
2026-05-07 14:05:46 - api.request - INFO - logging_config.py:133 - log_request - GET /api/patient/shop/orders/2 - 200 - 0.006s
2026-05-07 14:05:50 - api.request - INFO - logging_config.py:133 - log_request - GET /api/patient/prescriptions - 200 - 0.019s
2026-05-07 14:05:51 - api.request - INFO - logging_config.py:133 - log_request - GET /api/patient/shop/cart - 200 - 0.005s
2026-05-07 14:05:53 - api.request - INFO - logging_config.py:133 - log_request - GET /api/patient/measurements - 200 - 0.016s
2026-05-07 14:05:53 - api.request - INFO - logging_config.py:133 - log_request - GET /api/patient/profile - 200 - 0.024s
2026-05-07 14:05:53 - api.request - INFO - logging_config.py:133 - log_request - GET /api/patient/medications - 200 - 0.024s
2026-05-07 14:05:53 - api.request - INFO - logging_config.py:133 - log_request - GET /api/patient/doctors - 200 - 0.025s
2026-05-07 14:05:53 - api.request - INFO - logging_config.py:133 - log_request - GET /api/patient/measurements - 200 - 0.005s
2026-05-07 14:05:53 - api.request - INFO - logging_config.py:133 - log_request - GET /api/patient/medications - 200 - 0.009s
2026-05-07 14:05:53 - api.request - INFO - logging_config.py:133 - log_request - GET /api/patient/profile - 200 - 0.016s
2026-05-07 14:05:53 - api.request - INFO - logging_config.py:133 - log_request - GET /api/patient/doctors - 200 - 0.015s
2026-05-07 14:05:55 - api.request - INFO - logging_config.py:133 - log_request - POST /api/patient/shop/cart - 200 - 0.011s
2026-05-07 14:05:56 - api.request - INFO - logging_config.py:133 - log_request - GET /api/patient/shop/cart - 200 - 0.006s
2026-05-07 14:05:58 - api.request - INFO - logging_config.py:133 - log_request - GET /api/patient/shop/products/2 - 200 - 0.003s
2026-05-07 14:06:10 - api.request - INFO - logging_config.py:133 - log_request - GET /api/patient/shop/cart - 200 - 0.006s
2026-05-07 14:06:11 - api.request - INFO - logging_config.py:133 - log_request - GET /api/patient/shop/products/1 - 200 - 0.003s
2026-05-07 14:06:42 - api.request - INFO - logging_config.py:133 - log_request - GET /health - 200 - 0.002s
2026-05-07 14:06:53 - api.request - INFO - logging_config.py:133 - log_request - POST /api/patient/login - 200 - 0.007s
2026-05-07 14:06:56 - api.request - INFO - logging_config.py:133 - log_request - GET /api/patient/measurements - 200 - 0.020s
2026-05-07 14:06:56 - api.request - INFO - logging_config.py:133 - log_request - GET /api/patient/profile - 200 - 0.023s
2026-05-07 14:06:56 - api.request - INFO - logging_config.py:133 - log_request - GET /api/patient/doctors - 200 - 0.023s
2026-05-07 14:06:56 - api.request - INFO - logging_config.py:133 - log_request - GET /api/patient/medications - 200 - 0.025s
2026-05-07 14:06:57 - api.request - INFO - logging_config.py:133 - log_request - GET /api/patient/medications - 200 - 0.012s
2026-05-07 14:06:57 - api.request - INFO - logging_config.py:133 - log_request - GET /api/patient/measurements - 200 - 0.016s
2026-05-07 14:06:57 - api.request - INFO - logging_config.py:133 - log_request - GET /api/patient/profile - 200 - 0.023s
2026-05-07 14:06:57 - api.request - INFO - logging_config.py:133 - log_request - GET /api/patient/doctors - 200 - 0.026s
2026-05-07 14:07:03 - api.request - INFO - logging_config.py:133 - log_request - GET /api/patient/doctors - 200 - 0.007s
2026-05-07 14:07:08 - api.request - INFO - logging_config.py:133 - log_request - GET /api/patient/prescriptions - 200 - 0.007s
2026-05-07 14:07:09 - api.request - INFO - logging_config.py:133 - log_request - GET /api/patient/shop/orders - 200 - 0.006s
2026-05-07 14:07:10 - api.request - INFO - logging_config.py:133 - log_request - GET /api/patient/shop/orders - 200 - 0.006s
2026-05-07 14:07:14 - api.request - INFO - logging_config.py:133 - log_request - GET /api/patient/shop/products - 200 - 0.011s
2026-05-07 14:07:14 - api.request - INFO - logging_config.py:133 - log_request - GET /api/patient/shop/cart - 200 - 0.011s
2026-05-07 14:07:17 - api.request - INFO - logging_config.py:133 - log_request - GET /api/patient/shop/cart - 200 - 0.005s
2026-05-07 14:07:18 - api.request - INFO - logging_config.py:133 - log_request - GET /api/patient/shop/cart - 200 - 0.005s
2026-05-07 14:07:28 - api.request - INFO - logging_config.py:133 - log_request - GET /api/patient/shop/cart - 200 - 0.005s
2026-05-07 14:07:30 - api.request - INFO - logging_config.py:133 - log_request - GET /api/patient/shop/orders - 200 - 0.006s
2026-05-07 14:07:32 - api.request - INFO - logging_config.py:133 - log_request - GET /api/patient/profile - 200 - 0.015s
2026-05-07 14:07:32 - api.request - INFO - logging_config.py:133 - log_request - GET /api/patient/medications - 200 - 0.013s
2026-05-07 14:07:32 - api.request - INFO - logging_config.py:133 - log_request - GET /api/patient/measurements - 200 - 0.017s
2026-05-07 14:07:32 - api.request - INFO - logging_config.py:133 - log_request - GET /api/patient/doctors - 200 - 0.017s
2026-05-07 14:07:39 - api.request - INFO - logging_config.py:133 - log_request - GET /api/patient/shop/orders - 200 - 0.004s
2026-05-07 14:07:40 - api.request - INFO - logging_config.py:133 - log_request - GET /api/patient/shop/orders - 200 - 0.006s
2026-05-07 14:07:41 - api.request - INFO - logging_config.py:133 - log_request - GET /api/patient/shop/orders - 200 - 0.004s
2026-05-07 14:07:44 - api.request - INFO - logging_config.py:133 - log_request - GET /api/patient/prescriptions - 200 - 0.008s
2026-05-07 14:07:47 - api.request - INFO - logging_config.py:133 - log_request - GET /api/patient/shop/orders - 200 - 0.005s
2026-05-07 14:07:56 - api.request - INFO - logging_config.py:133 - log_request - GET /api/patient/shop/orders/2 - 200 - 0.006s
2026-05-07 14:08:18 - api.request - INFO - logging_config.py:133 - log_request - GET /api/patient/shop/orders - 200 - 0.005s
2026-05-07 14:08:20 - api.request - INFO - logging_config.py:133 - log_request - GET /api/patient/profile - 200 - 0.022s
2026-05-07 14:08:20 - api.request - INFO - logging_config.py:133 - log_request - GET /api/patient/measurements - 200 - 0.026s
2026-05-07 14:08:20 - api.request - INFO - logging_config.py:133 - log_request - GET /api/patient/medications - 200 - 0.026s
2026-05-07 14:08:20 - api.request - INFO - logging_config.py:133 - log_request - GET /api/patient/doctors - 200 - 0.020s
2026-05-07 14:08:34 - api.request - INFO - logging_config.py:133 - log_request - GET /api/patient/doctors - 200 - 0.008s
2026-05-07 14:09:14 - api.request - INFO - logging_config.py:133 - log_request - GET /api/patient/measurements - 200 - 0.005s
2026-05-07 14:09:34 - api.request - INFO - logging_config.py:133 - log_request - GET /api/patient/measurements - 200 - 0.010s
2026-05-07 14:09:34 - api.request - INFO - logging_config.py:133 - log_request - GET /api/patient/profile - 200 - 0.014s
2026-05-07 14:09:34 - api.request - INFO - logging_config.py:133 - log_request - GET /api/patient/medications - 200 - 0.010s
2026-05-07 14:09:34 - api.request - INFO - logging_config.py:133 - log_request - GET /api/patient/doctors - 200 - 0.015s
2026-05-07 14:09:39 - api.request - INFO - logging_config.py:133 - log_request - GET /api/patient/measurements - 200 - 0.005s
2026-05-07 14:10:13 - api.request - INFO - logging_config.py:133 - log_request - GET /api/patient/medications - 200 - 0.005s
2026-05-07 14:10:13 - api.request - INFO - logging_config.py:133 - log_request - GET /api/patient/measurements - 200 - 0.011s
2026-05-07 14:10:13 - api.request - INFO - logging_config.py:133 - log_request - GET /api/patient/profile - 200 - 0.019s
2026-05-07 14:10:13 - api.request - INFO - logging_config.py:133 - log_request - GET /api/patient/doctors - 200 - 0.025s
2026-05-07 14:10:14 - api.request - INFO - logging_config.py:133 - log_request - GET /api/patient/measurements - 200 - 0.005s
2026-05-07 14:10:56 - api.request - INFO - logging_config.py:133 - log_request - GET /api/patient/doctors - 200 - 0.012s
2026-05-07 14:10:56 - api.request - INFO - logging_config.py:133 - log_request - GET /api/patient/measurements - 200 - 0.006s
2026-05-07 14:10:56 - api.request - INFO - logging_config.py:133 - log_request - GET /api/patient/medications - 200 - 0.018s
2026-05-07 14:10:56 - api.request - INFO - logging_config.py:133 - log_request - GET /api/patient/profile - 200 - 0.018s
2026-05-07 14:10:58 - api.request - INFO - logging_config.py:133 - log_request - GET /api/patient/profile - 200 - 0.006s
2026-05-07 14:10:58 - api.request - INFO - logging_config.py:133 - log_request - GET /api/patient/doctors - 200 - 0.008s
2026-05-07 14:10:58 - api.request - INFO - logging_config.py:133 - log_request - GET /api/patient/medications - 200 - 0.007s
2026-05-07 14:10:58 - api.request - INFO - logging_config.py:133 - log_request - GET /api/patient/measurements - 200 - 0.008s
2026-05-07 14:11:49 - api.request - INFO - logging_config.py:133 - log_request - GET /api/patient/profile - 200 - 0.016s
2026-05-07 14:11:49 - api.request - INFO - logging_config.py:133 - log_request - GET /api/patient/measurements - 200 - 0.019s
2026-05-07 14:11:49 - api.request - INFO - logging_config.py:133 - log_request - GET /api/patient/medications - 200 - 0.020s
2026-05-07 14:11:49 - api.request - INFO - logging_config.py:133 - log_request - GET /api/patient/doctors - 200 - 0.016s
2026-05-07 14:11:53 - api.request - INFO - logging_config.py:133 - log_request - GET /api/patient/medications - 200 - 0.013s
2026-05-07 14:11:53 - api.request - INFO - logging_config.py:133 - log_request - GET /api/patient/profile - 200 - 0.021s
2026-05-07 14:11:53 - api.request - INFO - logging_config.py:133 - log_request - GET /api/patient/doctors - 200 - 0.023s
2026-05-07 14:11:53 - api.request - INFO - logging_config.py:133 - log_request - GET /api/patient/measurements - 200 - 0.024s
2026-05-07 14:11:57 - api.request - INFO - logging_config.py:133 - log_request - GET /api/patient/doctors - 200 - 0.007s
2026-05-07 14:11:59 - api.request - INFO - logging_config.py:133 - log_request - GET /api/patient/doctors - 200 - 0.007s
2026-05-07 14:12:58 - api.request - INFO - logging_config.py:133 - log_request - GET /api/patient/shop/orders - 200 - 0.006s
2026-05-07 14:12:59 - api.request - INFO - logging_config.py:133 - log_request - GET /api/patient/prescriptions - 200 - 0.007s
2026-05-07 14:13:02 - api.request - INFO - logging_config.py:133 - log_request - GET /api/patient/profile - 200 - 0.006s
2026-05-07 14:13:02 - api.request - INFO - logging_config.py:133 - log_request - GET /api/patient/shop/orders - 200 - 0.004s
2026-05-07 14:13:02 - api.request - INFO - logging_config.py:133 - log_request - GET /api/patient/profile - 200 - 0.019s
2026-05-07 14:13:02 - api.request - INFO - logging_config.py:133 - log_request - GET /api/patient/shop/orders - 200 - 0.015s
2026-05-07 14:13:27 - api.request - INFO - logging_config.py:133 - log_request - GET /health - 200 - 0.001s
2026-05-07 14:13:32 - api.request - INFO - logging_config.py:133 - log_request - GET /api/patient/shop/orders - 200 - 0.005s
2026-05-07 14:13:32 - api.request - INFO - logging_config.py:133 - log_request - GET /api/patient/profile - 200 - 0.006s
2026-05-07 15:36:02 - api.request - INFO - logging_config.py:133 - log_request - OPTIONS /api/admin/patients - 200 - 0.001s
2026-05-07 15:36:02 - api.request - INFO - logging_config.py:133 - log_request - GET /api/admin/patients - 200 - 0.026s
2026-05-07 15:52:41 - api.request - INFO - logging_config.py:133 - log_request - OPTIONS /api/doctor/consultations - 200 - 0.000s
2026-05-07 15:52:41 - api.request - INFO - logging_config.py:133 - log_request - GET /api/doctor/consultations - 200 - 0.008s
2026-05-07 17:14:11 - api.request - INFO - logging_config.py:133 - log_request - OPTIONS /api/doctor/consultations - 200 - 0.001s
2026-05-07 17:14:12 - api.request - INFO - logging_config.py:133 - log_request - GET /api/doctor/consultations - 200 - 0.011s
2026-05-07 17:24:21 - api.request - INFO - logging_config.py:133 - log_request - OPTIONS /api/doctor/consultations - 200 - 0.000s
2026-05-07 17:24:21 - api.request - INFO - logging_config.py:133 - log_request - GET /api/doctor/consultations - 200 - 0.009s
2026-05-07 17:24:47 - api.request - INFO - logging_config.py:133 - log_request - OPTIONS /api/admin/patients - 200 - 0.000s
2026-05-07 17:24:47 - api.request - INFO - logging_config.py:133 - log_request - GET /api/admin/patients - 200 - 0.010s
2026-05-07 18:15:07 - api.request - INFO - logging_config.py:133 - log_request - OPTIONS /api/doctor/consultations - 200 - 0.000s
2026-05-07 18:15:07 - api.request - INFO - logging_config.py:133 - log_request - GET /api/doctor/consultations - 200 - 0.009s
2026-05-07 19:07:25 - api.request - INFO - logging_config.py:133 - log_request - OPTIONS /api/doctor/consultations - 200 - 0.001s
2026-05-07 19:07:25 - api.request - INFO - logging_config.py:133 - log_request - GET /api/doctor/consultations - 200 - 0.009s
2026-05-08 09:08:14 - root - INFO - logging_config.py:231 - init_logging - 日志系统初始化完成
2026-05-08 09:08:14 - root - INFO - logging_config.py:232 - init_logging - 日志级别: INFO
2026-05-08 09:08:14 - root - INFO - logging_config.py:233 - init_logging - 日志文件: logs/app.log
2026-05-08 09:08:14 - system - INFO - logging_config.py:221 - log_system_event - 系统事件: 应用启动 - 详情: {'app_name': '慢性病管理小程序后端API', 'version': '1.0.0', 'debug': False, 'host': '0.0.0.0', 'port': 8000}
2026-05-08 09:08:14 - root - INFO - main.py:28 - lifespan - 应用启动完成 - 慢性病管理小程序后端API v1.0.0
